Run #, RV_column1, RV_column2, RV_column3, RV_column4, RV_column5, RV_column6, eta_1, kappa_k, kappa, sig, lam, mup, sigp, rsmax, n, alpha, alpha1, alpha2, betam1, gamma, eta_1.median, kappa_k.median, kappa.median, sig.median, lam.median, mup.median, sigp.median, rsmax.median, n.median, alpha.median, alpha1.median, alpha2.median, betam1.median, gamma.median, eta_1.q5, kappa_k.q5, kappa.q5, sig.q5, lam.q5, mup.q5, sigp.q5, rsmax.q5, n.q5, alpha.q5, alpha1.q5, alpha2.q5, betam1.q5, gamma.q5, eta_1.q95, kappa_k.q95, kappa.q95, sig.q95, lam.q95, mup.q95, sigp.q95, rsmax.q95, n.q95, alpha.q95, alpha1.q95, alpha2.q95, betam1.q95, gamma.q95, eta_1.var, kappa_k.var, kappa.var, sig.var, lam.var, mup.var, sigp.var, rsmax.var, n.var, alpha.var, alpha1.var, alpha2.var, betam1.var, gamma.var, eta_1.q5_w_mnoise, kappa_k.q5_w_mnoise, kappa.q5_w_mnoise, sig.q5_w_mnoise, lam.q5_w_mnoise, mup.q5_w_mnoise, sigp.q5_w_mnoise, rsmax.q5_w_mnoise, n.q5_w_mnoise, alpha.q5_w_mnoise, alpha1.q5_w_mnoise, alpha2.q5_w_mnoise, betam1.q5_w_mnoise, gamma.q5_w_mnoise, eta_1.q95_w_mnoise, kappa_k.q95_w_mnoise, kappa.q95_w_mnoise, sig.q95_w_mnoise, lam.q95_w_mnoise, mup.q95_w_mnoise, sigp.q95_w_mnoise, rsmax.q95_w_mnoise, n.q95_w_mnoise, alpha.q95_w_mnoise, alpha1.q95_w_mnoise, alpha2.q95_w_mnoise, betam1.q95_w_mnoise, gamma.q95_w_mnoise, eta_1.var_w_mnoise, kappa_k.var_w_mnoise, kappa.var_w_mnoise, sig.var_w_mnoise, lam.var_w_mnoise, mup.var_w_mnoise, sigp.var_w_mnoise, rsmax.var_w_mnoise, n.var_w_mnoise, alpha.var_w_mnoise, alpha1.var_w_mnoise, alpha2.var_w_mnoise, betam1.var_w_mnoise, gamma.var_w_mnoise
1, 0.2223, 0.31474, 0.01693, 0.09439, 1.2632, 0.24533, 1.6196, 0.50352, 1.0076, 0.30665, 0.55251, 0.60809, 0.87351, 0.92497, 7.4365, 0.04998, 7.4463, 0.1977, 0.00459, 0.81099, 1.4188, 1.1558, 0.99651, 0.27521, 0.54571, 1.726, 2.1696, 0.72738, 3.8589, 0.015086, 4.5268, 0.48924, 0.0064163, 0.78323, 1.2591, 0.80092, 0.98265, 0.23076, 0.29311, 1.393, 1.7613, 0.44254, 3.2708, 0.010275, 3.9516, 0.26957, 0.0064157, 0.62141, 1.5785, 1.5106, 1.0104, 0.31966, 0.79832, 2.059, 2.5778, 1.0122, 4.4471, 0.019896, 5.102, 0.7089, 0.0064169, 0.94505, 0.0094216, 0.046539, 7.1039e-05, 0.00073038, 0.023585, 0.040989, 0.061591, 0.029988, 0.12786, 8.5529e-06, 0.12229, 0.017835, 1.2391e-13, 0.0096787, 0.82546, -0.13437, 0.95796, 0.027258, 0.25359, -0.040421, 0.45583, 0.39303, 0.60603, -0.00076989, 1.0445, -0.28586, -0.003415, 0.20451, 2.0121, 2.4459, 1.0351, 0.52316, 0.83784, 3.4925, 3.8833, 1.0617, 7.1118, 0.030941, 8.0091, 1.2643, 0.016248, 1.3619, 0.13012, 0.6152, 0.00054932, 0.022724, 0.031542, 1.1533, 1.0855, 0.041318, 3.9109, 9.2918e-05, 4.4821, 0.22205, 3.5725e-05, 0.12379
2, 0.2223, 0.28084, 0.01599, 0.09349, 1.2632, 0.25029, 1.6791, 1.1373, 1.0289, 0.22682, 0.73921, 3.9713, 0.94383, 0.51983, 1.9552, 0.00471, 1.0598, 1.0391, 0.00132, 0.37987, 1.4175, 1.1005, 1.0037, 0.30707, 0.65235, 1.5908, 2.1653, 0.72738, 4.0218, 0.015808, 4.5721, 0.37913, 0.0064163, 0.84106, 1.26, 0.74266, 0.99088, 0.26686, 0.45112, 1.2548, 1.7571, 0.44254, 3.4353, 0.011247, 4.022, 0.17232, 0.0064157, 0.69479, 1.5749, 1.4583, 1.0165, 0.34728, 0.85359, 1.9268, 2.5735, 1.0122, 4.6083, 0.020369, 5.1222, 0.58594, 0.0064169, 0.98733, 0.0091584, 0.047328, 6.0664e-05, 0.00059766, 0.014968, 0.041728, 0.061591, 0.029988, 0.12712, 7.6896e-06, 0.11183, 0.015808, 1.2391e-13, 0.0079078, 0.82473, -0.19046, 0.96551, 0.059843, 0.40331, -0.17619, 0.4516, 0.39303, 0.76922, 2.6524e-05, 1.0938, -0.39242, -0.003415, 0.2665, 2.0102, 2.3915, 1.0419, 0.5543, 0.9014, 3.3578, 3.8791, 1.0617, 7.2744, 0.03159, 8.0503, 1.1507, 0.016248, 1.4156, 0.12986, 0.61599, 0.00053894, 0.022591, 0.022924, 1.154, 1.0855, 0.041318, 3.9102, 9.2055e-05, 4.4716, 0.22003, 3.5725e-05, 0.12202
3, 0.33333, 0.35826, 0.01619, 0.10019, 2.0667, 0.2259, 1.9601, 0.62153, 0.95202, 0.2604, 0.48465, 0.96471, 0.8061, 0.34672, 5.7162, 0.00036, 2.6063, 0.18524, 0.00454, 0.72372, 1.1903, 0.83946, 1.0097, 0.23637, 0.55855, 1.0447, 1.6531, 0.72738, 4.0462, 0.0094522, 4.459, 0.64444, 0.0064163, 0.55924, 0.95697, 0.06382, 0.99209, 0.18152, 0.32306, 0.34254, 1.1696, 0.44254, 3.4375, 0.0028469, 3.7754, 0.26734, 0.0064157, 0.27559, 1.4236, 1.6151, 1.0273, 0.29122, 0.79403, 1.7468, 2.1367, 1.0122, 4.6548, 0.016058, 5.1426, 1.0215, 0.0064169, 0.8429, 0.02012, 0.22236, 0.00011472, 0.001112, 0.020496, 0.18222, 0.086428, 0.029988, 0.13693, 1.6126e-05, 0.17273, 0.052559, 1.2391e-13, 0.029739, 0.57304, -0.62347, 0.96965, -0.013657, 0.2811, -0.82679, -0.080107, 0.39303, 0.78952, -0.0070368, 0.95718, -0.18906, -0.003415, -0.064603, 1.8075, 2.3024, 1.0498, 0.4864, 0.836, 2.9162, 3.3863, 1.0617, 7.3028, 0.025941, 7.9609, 1.4779, 0.016248, 1.1831, 0.14082, 0.79103, 0.000593, 0.023106, 0.028452, 1.2945, 1.1103, 0.041318, 3.92, 0.00010049, 4.5325, 0.25678, 3.5725e-05, 0.14385
4, 0.2223, 0.25711, 0.0153, 0.08559, 1.2632, 0.24902, 1.1777, 0.56801, 1.0296, 0.31776, 0.55495, 1.6743, 3.4718, 0.82912, 1.384, 0.01426, 1.903, 0.23365, 0.00202, 1.0511, 1.4541, 1.1461, 1.0123, 0.32228, 0.54072, 1.6867, 2.0133, 0.87338, 3.8351, 0.011915, 4.4825, 0.43976, 0.0064163, 0.79007, 1.2881, 0.78569, 0.99976, 0.28268, 0.44475, 1.3489, 1.6051, 0.75983, 3.2455, 0.0072224, 3.9245, 0.23015, 0.0064157, 0.64743, 1.6201, 1.5065, 1.0248, 0.36189, 0.63669, 2.0244, 2.4215, 0.98692, 4.4247, 0.016607, 5.0405, 0.64936, 0.0064169, 0.93271, 0.010187, 0.048005, 5.7984e-05, 0.00057977, 0.003404, 0.042162, 0.061591, 0.0047651, 0.12847, 8.1374e-06, 0.11508, 0.016239, 1.2391e-13, 0.0075199, 0.85903, -0.14559, 0.9742, 0.075154, 0.3654, -0.080671, 0.29953, 0.6647, 0.58197, -0.0039054, 1.003, -0.33255, -0.003415, 0.21643, 2.0492, 2.4378, 1.0504, 0.56941, 0.71604, 3.454, 3.727, 1.0821, 7.0882, 0.027734, 7.962, 1.2121, 0.016248, 1.3637, 0.13089, 0.61667, 0.00053626, 0.022573, 0.01136, 1.1545, 1.0855, 0.016096, 3.9115, 9.2503e-05, 4.4749, 0.22046, 3.5725e-05, 0.12163
5, 0.45833, 0.4772, 0.04468, 0.23429, 0.48, 0.79806, 1.0217, 0.63314, 1.0152, 0.9014, 0.91754, 1.2111, 0.16169, 0.9554, 8.0057, 0.01311, 3.6157, 0.79713, 0.00785, 1.0137, 1.2557, 1.2732, 1.02, 0.43974, 0.54567, 0.85452, 1.4143, 0.72738, 3.4259, 0.0086301, 5.2647, 0.52842, 0.0064163, 0.79341, 1.0219, 0.34752, 1.0025, 0.29959, 0.29306, -0.033219, 0.82207, 0.44254, 2.3753, 0.0018984, 4.2312, 0.12382, 0.0064157, 0.34794, 1.4894, 2.1989, 1.0374, 0.57989, 0.79827, 1.7423, 2.0065, 1.0122, 4.4766, 0.015362, 6.2982, 0.93302, 0.0064169, 1.2389, 0.020197, 0.31672, 0.00011262, 0.0072598, 0.023585, 0.29128, 0.12962, 0.029988, 0.408, 1.6749e-05, 0.39476, 0.060506, 1.2391e-13, 0.073346, 0.63825, -0.27451, 0.97997, 0.15841, 0.25354, -1.0942, -0.35235, 0.39303, 0.058569, -0.0079099, 1.6781, -0.31788, -0.003415, 0.081251, 1.8731, 2.8209, 1.0599, 0.72107, 0.83779, 2.8032, 3.1809, 1.0617, 6.7933, 0.02517, 8.8513, 1.3747, 0.016248, 1.5056, 0.1409, 0.88538, 0.0005909, 0.029253, 0.031542, 1.4036, 1.1535, 0.041318, 4.1911, 0.00010111, 4.7546, 0.26472, 3.5725e-05, 0.18745
6, 0.1875, 0.34261, 0.03595, 0.0412, 0.74803, 0.23801, 1.6694, 1.7672, 1.0047, 0.16409, 0.58356, 4.5347, 0.95625, 0.81691, 2.6121, 0.00247, 3.6909, 1.9553, 0.00208, 0.53591, 1.3877, 1.7001, 1.0061, 0.24449, 0.54571, 2.2884, 1.4937, 0.72738, 2.8631, 0.011064, 5.0603, 1.0049, 0.0064163, 1.023, 1.1526, 0.85093, 0.98644, 0.1915, 0.29311, 1.8209, 0.90499, 0.44254, 2.0263, 0.0040089, 4.388, 0.64797, 0.0064157, 0.78912, 1.6229, 2.5492, 1.0258, 0.29748, 0.79832, 2.7558, 2.0824, 1.0122, 3.6998, 0.01812, 5.7325, 1.3619, 0.0064169, 1.2568, 0.020432, 0.2665, 0.00014306, 0.0010378, 0.023585, 0.080762, 0.12809, 0.029988, 0.25879, 1.8399e-05, 0.16703, 0.047095, 1.2391e-13, 0.020212, 0.76982, 0.19687, 0.96511, -0.0051367, 0.25359, 0.49175, -0.27177, 0.39303, -0.44383, -0.0056101, 1.5606, 0.18034, -0.003415, 0.42014, 2.0057, 3.2032, 1.0471, 0.49411, 0.83784, 4.085, 3.2591, 1.0617, 6.1699, 0.027739, 8.5599, 1.8295, 0.016248, 1.6258, 0.14113, 0.83516, 0.00062133, 0.023031, 0.031542, 1.1931, 1.152, 0.041318, 4.0419, 0.00010276, 4.5268, 0.25131, 3.5725e-05, 0.13432
7, 0.25, 0.44611, 0.01397, 0.07227, 1.2075, 0.32794, 1.7708, 1.0001, 1.0225, 0.17347, 0.45172, 1.1805, 0.47141, 0.41766, 3.641, 0.0082, 5.9364, 1.8585, 0.00745, 0.40369, 1.3116, 1.2014, 1.0039, 0.25193, 0.54571, 1.5755, 1.4512, 0.72738, 3.3998, 0.0099839, 5.1801, 0.5982, 0.0064163, 0.6397, 1.0583, 0.61477, 0.98368, 0.18509, 0.29311, 1.1795, 0.96865, 0.44254, 2.744, 0.0027297, 4.295, 0.1973, 0.0064157, 0.23219, 1.565, 1.7881, 1.024, 0.31876, 0.79831, 1.9714, 1.9337, 1.0122, 4.0556, 0.017238, 6.0653, 0.9991, 0.0064169, 1.0472, 0.023727, 0.12721, 0.00015052, 0.0016511, 0.023584, 0.057933, 0.086048, 0.029988, 0.15897, 1.9451e-05, 0.28957, 0.059404, 1.2391e-13, 0.061379, 0.68655, -0.17069, 0.96261, -0.0009996, 0.25359, -0.20392, -0.28178, 0.39303, 0.134, -0.0067755, 1.6334, -0.24634, -0.003415, -0.049345, 1.9367, 2.5736, 1.0451, 0.50485, 0.83783, 3.3548, 3.1841, 1.0617, 6.6656, 0.026743, 8.7268, 1.4427, 0.016248, 1.3288, 0.14443, 0.69587, 0.0006288, 0.023645, 0.03154, 1.1702, 1.11, 0.041318, 3.942, 0.00010382, 4.6494, 0.26362, 3.5725e-05, 0.17549
8, 0.15198, 0.15255, 0.11988, 0.41875, 0.9, 0.21355, 1.657, 1.3436, 1.0339, 0.28292, 0.58625, 1.3289, 0.82704, 0.24756, 1.5258, 0.02214, 2.5271, 1.3803, 0.01034, 1.4675, 1.2555, 1.4527, 0.99947, 0.48836, 0.76271, 1.6628, 1.477, 0.52541, 2.6329, 0.011239, 5.6404, 1.0773, 0.0064163, 1.5473, 1.0533, 0.89986, 0.98363, 0.40822, 0.63594, 1.1094, 1.0258, 0.44173, 1.6064, 0.0054665, 4.5648, 0.81151, 0.0064157, 1.3011, 1.4576, 2.0056, 1.0153, 0.5685, 0.88948, 2.2162, 1.9282, 0.60909, 3.6594, 0.017011, 6.716, 1.3431, 0.0064169, 1.7934, 0.015108, 0.11297, 9.2756e-05, 0.0023738, 0.0059399, 0.11319, 0.075238, 0.0025882, 0.38944, 1.2314e-05, 0.42761, 0.026107, 1.2391e-13, 0.022401, 0.6493, 0.094702, 0.96017, 0.23159, 0.56881, -0.1581, -0.24748, 0.33135, -0.727, -0.0049346, 2.0414, 0.28788, -0.003415, 0.93952, 1.8616, 2.8107, 1.0388, 0.74512, 0.95661, 3.4837, 3.2015, 0.71947, 5.9928, 0.027412, 9.2393, 1.8667, 0.016248, 2.155, 0.13581, 0.68164, 0.00057103, 0.024367, 0.013896, 1.2255, 1.0992, 0.013919, 4.1725, 9.668e-05, 4.7874, 0.23032, 3.5725e-05, 0.13651
9, 0.21918, 0.15093, 0.01657, 0, 0.84906, 0.10902, 1.6973, 0.50413, 0.9858, 0.13188, 0.1921, 4.9805, 4.9262, 0.57414, 1.006, 0.00168, 1.868, 0.99724, 0.02855, 0.89452, 1.3164, 1.1054, 0.99205, 0.35282, 0.54856, 2.2795, 1.8382, 0.72738, 3.0554, 0.0084775, 4.4678, 1.0533, 0.0064163, 0.54794, 1.0862, 0.29383, 0.97445, 0.27895, 0.29604, 1.6701, 1.3207, 0.44254, 2.0915, 0.0020726, 3.6081, 0.76511, 0.0064157, 0.31497, 1.5466, 1.9169, 1.0096, 0.42668, 0.80107, 2.8888, 2.3557, 1.0122, 4.0193, 0.014882, 5.3276, 1.3414, 0.0064169, 0.7809, 0.019581, 0.24344, 0.00011444, 0.0020167, 0.023568, 0.13724, 0.098996, 0.029988, 0.34339, 1.5162e-05, 0.27319, 0.030689, 1.2391e-13, 0.020059, 0.70034, -0.3769, 0.952, 0.097943, 0.25651, 0.44081, 0.095201, 0.39303, -0.28593, -0.0079321, 0.92739, 0.25605, -0.003415, -0.054554, 1.9325, 2.5877, 1.0321, 0.60769, 0.8406, 4.1182, 3.5812, 1.0617, 6.3967, 0.024887, 8.0083, 1.8505, 0.016248, 1.1504, 0.14028, 0.8121, 0.00059272, 0.02401, 0.031524, 1.2496, 1.1229, 0.041318, 4.1265, 9.9528e-05, 4.633, 0.23491, 3.5725e-05, 0.13417
10, 0.1, 0.22305, 0.01397, 0.07227, 1.2075, 0.09607, 1.6746, 0.82858, 1.0404, 0.4113, 0.33352, 3.227, 0.67451, 0.32323, 1.6468, 0.00385, 2.7445, 0.50488, 0.00453, 1.0069, 1.183, 1.221, 1.0158, 0.26693, 0.43144, 1.9449, 1.5327, 0.61864, 3.4827, 0.010182, 4.9232, 0.58193, 0.0064163, 1.3078, 0.95768, -0.13988, 1.0002, 0.20252, 0.29823, 1.4276, 0.89902, 0.43083, 2.7998, 0.0039133, 4.1028, 0.284, 0.0064157, 0.80569, 1.4083, 2.5819, 1.0314, 0.33135, 0.56464, 2.4623, 2.1663, 0.80646, 4.1655, 0.016451, 5.7436, 0.87986, 0.0064169, 1.81, 0.018766, 0.68454, 8.9788e-05, 0.0015337, 0.0065581, 0.098933, 0.14841, 0.013038, 0.17236, 1.4525e-05, 0.24878, 0.032808, 1.2391e-13, 0.093202, 0.56874, -0.62034, 0.97662, 0.014634, 0.23327, 0.13468, -0.24827, 0.36188, 0.21133, -0.0061749, 1.3921, -0.21887, -0.003415, 0.55892, 1.7973, 3.0624, 1.055, 0.51923, 0.6296, 3.7552, 3.3136, 0.87541, 6.754, 0.026539, 8.4543, 1.3827, 0.016248, 2.0568, 0.13946, 1.2532, 0.00056806, 0.023527, 0.014515, 1.2112, 1.1723, 0.024368, 3.9554, 9.8891e-05, 4.6086, 0.23703, 3.5725e-05, 0.20731
11, 0.15198, 0.15255, 0.11808, 0.41875, 0.678, 0.36956, 1.4625, 2.0488, 0.96423, 0.41657, 0.4039, 1.857, 1.4572, 0.34796, 1.4625, 0.01419, 6.4258, 0.28158, 0.00458, 1.7284, 1.3285, 2.5361, 1.007, 0.55418, 0.54571, 1.4655, 1.4307, 0.50248, 2.6406, 0.012331, 5.2477, 0.87144, 0.0064163, 1.5324, 1.0724, 1.4919, 0.98846, 0.47591, 0.29311, 0.82609, 0.97952, 0.4188, 1.6097, 0.0054426, 4.185, 0.46489, 0.0064157, 1.2617, 1.5847, 3.5802, 1.0255, 0.63246, 0.79832, 2.1048, 1.8819, 0.58616, 3.6715, 0.01922, 6.3103, 1.278, 0.0064169, 1.803, 0.024257, 0.40297, 0.00012657, 0.0022647, 0.023585, 0.1511, 0.075238, 0.0025882, 0.39282, 1.754e-05, 0.41736, 0.061091, 1.2391e-13, 0.027073, 0.70229, 0.91473, 0.96651, 0.298, 0.25359, -0.38337, -0.29378, 0.30842, -0.72068, -0.0042731, 1.6526, 0.024205, -0.003415, 0.91433, 1.9548, 4.1574, 1.0474, 0.81037, 0.83784, 3.3143, 3.1552, 0.69653, 6.0018, 0.028936, 8.8428, 1.7187, 0.016248, 2.1504, 0.14496, 0.97164, 0.00060485, 0.024258, 0.031542, 1.2634, 1.0992, 0.013919, 4.1759, 0.00010191, 4.7772, 0.26531, 3.5725e-05, 0.14118
12, 0.125, 0.43305, 0.01799, 0.27129, 0.75294, 0.444, 1.8082, 5.633, 0.9838, 0.25292, 0.50106, 0.7066, 1.7231, 0.75617, 4.6802, 0.0056, 6.579, 1.5682, 0.0029, 0.56271, 1.3676, 3.9005, 1.0048, 0.37592, 0.54571, 1.6218, 1.6808, 0.72738, 3.7327, 0.0084233, 5.4904, 1.0251, 0.0064163, 0.87063, 1.1564, 3.121, 0.98463, 0.30953, 0.29311, 1.1617, 1.1519, 0.44254, 2.6944, 0.0015516, 4.4655, 0.68861, 0.0064157, 0.54389, 1.5789, 4.6801, 1.025, 0.44232, 0.79832, 2.0819, 2.2098, 1.0122, 4.7709, 0.015295, 6.5153, 1.3616, 0.0064169, 1.1974, 0.016495, 0.2246, 0.00015062, 0.0016294, 0.023585, 0.07823, 0.10341, 0.029988, 0.39841, 1.7453e-05, 0.38823, 0.041845, 1.2391e-13, 0.03946, 0.7584, 2.4355, 0.96357, 0.12311, 0.25359, -0.17293, -0.06563, 0.39303, 0.36916, -0.0081741, 1.9063, 0.20916, -0.003415, 0.22605, 1.9769, 5.3655, 1.0461, 0.62873, 0.83784, 3.4165, 3.4272, 1.0617, 7.0962, 0.025021, 9.0745, 1.841, 0.016248, 1.5152, 0.13719, 0.79327, 0.0006289, 0.023623, 0.031542, 1.1905, 1.1273, 0.041318, 4.1815, 0.00010182, 4.748, 0.24606, 3.5725e-05, 0.15357
13, 0.16667, 0.29326, 0.01896, 0.14819, 1, 0.31028, 1.2815, 0.5256, 0.98259, 0.44533, 0.77898, 0.82919, 1.0362, 0.97575, 5.6047, 0.012, 5.1797, 1.677, 0.00437, 1.878, 1.3132, 1.3237, 1.0028, 0.3382, 0.54571, 1.8948, 1.3845, 0.72738, 4.133, 0.011875, 4.7546, 1.0353, 0.0064163, 1.2284, 1.0598, 0.58545, 0.98538, 0.29843, 0.2931, 1.5406, 0.85542, 0.44254, 3.1657, 0.0063734, 4.1432, 0.69413, 0.0064157, 1.0348, 1.5666, 2.0619, 1.0203, 0.37797, 0.79832, 2.2489, 1.9136, 1.0122, 5.1002, 0.017376, 5.366, 1.3764, 0.0064169, 1.4219, 0.023733, 0.20144, 0.0001125, 0.00058459, 0.023585, 0.046356, 0.10347, 0.029988, 0.34578, 1.1186e-05, 0.13817, 0.043018, 1.2391e-13, 0.01385, 0.68809, -0.11976, 0.96284, 0.091048, 0.25359, 0.12421, -0.36197, 0.39303, 0.7907, -0.0042038, 1.2661, 0.21742, -0.003415, 0.63999, 1.9383, 2.7671, 1.0428, 0.58536, 0.83784, 3.6653, 3.131, 1.0617, 7.4752, 0.027953, 8.2431, 1.8532, 0.016248, 1.8168, 0.14443, 0.7701, 0.00059078, 0.022578, 0.031542, 1.1587, 1.1274, 0.041318, 4.1289, 9.5552e-05, 4.498, 0.24724, 3.5725e-05, 0.12796
14, 0.15198, 0.15255, 0.07939, 0.41875, 0.96, 0.29429, 1.0819, 1.6908, 0.99881, 0.34402, 0.46976, 0.71628, 1.5474, 0.55024, 1.7182, 0.00819, 7.8643, 1.3566, 0.00774, 1.3224, 1.3205, 1.4266, 1.0037, 0.52143, 0.54571, 1.6107, 1.4241, 0.45627, 2.6091, 0.010267, 4.9147, 1.0678, 0.0064163, 1.6339, 1.0675, 0.80553, 0.98354, 0.44666, 0.29311, 1.158, 0.97289, 0.37259, 1.5844, 0.0041271, 4.051, 0.77941, 0.0064157, 1.3707, 1.5734, 2.0477, 1.0239, 0.5962, 0.79832, 2.0633, 1.8752, 0.53995, 3.6338, 0.016406, 5.7784, 1.3563, 0.0064169, 1.8971, 0.02365, 0.14258, 0.00015031, 0.0020664, 0.023585, 0.075746, 0.075238, 0.0025882, 0.3881, 1.3932e-05, 0.27574, 0.03075, 1.2391e-13, 0.025601, 0.69552, 0.039432, 0.96247, 0.26629, 0.25359, -0.18221, -0.30041, 0.26221, -0.7503, -0.0060412, 1.3733, 0.27053, -0.003415, 1.0191, 1.9454, 2.8138, 1.0449, 0.77657, 0.83784, 3.4035, 3.1485, 0.65033, 5.9684, 0.026575, 8.4561, 1.8652, 0.016248, 2.2487, 0.14435, 0.71124, 0.00062858, 0.02406, 0.031542, 1.1881, 1.0992, 0.013919, 4.1712, 9.8298e-05, 4.6356, 0.23497, 3.5725e-05, 0.13971
15, 0.15198, 0.21123, 0.14106, 0.31341, 0.9, 0.15748, 1.0482, 1.0073, 1.0139, 0.28953, 0.49076, 1.489, 1.4271, 0.6024, 1.2947, 0.0074, 9.2715, 1.5138, 0.00192, 1.249, 1.3057, 1.3319, 1.0045, 0.37498, 0.54571, 1.6837, 1.4329, 0.72738, 3.6562, 0.011785, 5.1377, 1.1671, 0.0064163, 1.4308, 1.0976, 0.63801, 0.98427, 0.30683, 0.29311, 1.0416, 0.98172, 0.44254, 2.5888, 0.0046883, 3.8857, 0.88259, 0.0064157, 1.1357, 1.5139, 2.0259, 1.0247, 0.44314, 0.79832, 2.3257, 1.8841, 1.0122, 4.7235, 0.018882, 6.3896, 1.4516, 0.0064169, 1.7258, 0.016011, 0.17798, 0.00015092, 0.0017169, 0.023585, 0.15236, 0.075238, 0.029988, 0.42105, 1.8614e-05, 0.57934, 0.029914, 1.2391e-13, 0.032175, 0.69756, -0.089359, 0.96322, 0.1217, 0.25359, -0.16608, -0.29157, 0.39303, 0.28357, -0.0049069, 1.4821, 0.37118, -0.003415, 0.80167, 1.9139, 2.7532, 1.0457, 0.62826, 0.83784, 3.5334, 3.1574, 1.0617, 7.0288, 0.028477, 8.7932, 1.963, 0.016248, 2.0599, 0.13671, 0.74664, 0.0006292, 0.023711, 0.031542, 1.2647, 1.0992, 0.041318, 4.2041, 0.00010298, 4.9392, 0.23413, 3.5725e-05, 0.14628
16, 0.5, 0.24182, 0.04249, 0.36837, 1.7454, 0.39848, 1.602, 0.90486, 1.0198, 0.53467, 0.46747, 0.12393, 0.72363, 0.90639, 1.6141, 0.0296, 1.6935, 1.3357, 0.01857, 1.1796, 1.3269, 0.96766, 1.0044, 0.47537, 0.54571, 0.87052, 1.3119, 0.72738, 2.8708, 0.01073, 3.627, 0.67147, 0.0064163, 1.2108, 1.0707, -0.25034, 0.98423, 0.41447, 0.29311, 0.16838, 0.83311, 0.44254, 1.7371, 0.0033844, 2.5629, 0.19149, 0.0064157, 0.79429, 1.5831, 2.1857, 1.0246, 0.53628, 0.79832, 1.5726, 1.7907, 1.0122, 4.0045, 0.018075, 4.6912, 1.1514, 0.0064169, 1.6274, 0.024264, 0.54833, 0.00015092, 0.0013709, 0.023585, 0.18221, 0.084733, 0.029988, 0.47507, 1.9942e-05, 0.41856, 0.085148, 1.2391e-13, 0.064132, 0.70065, -0.77075, 0.96318, 0.22395, 0.25359, -1.001, -0.42, 0.39303, -0.52341, -0.0060693, 0.031471, -0.21335, -0.003415, 0.5164, 1.9532, 2.7061, 1.0457, 0.7268, 0.83784, 2.742, 3.0438, 1.0617, 6.265, 0.027529, 7.2226, 1.5563, 0.016248, 1.9053, 0.14496, 1.117, 0.00062919, 0.023365, 0.031542, 1.2945, 1.1086, 0.041318, 4.2581, 0.00010431, 4.7784, 0.28937, 3.5725e-05, 0.17824
17, 0.15385, 0.29889, 0.01177, 0.05726, 0.6, 0.36901, 1.4788, 5.3145, 0.97662, 0.38642, 0.74854, 2.4419, 0.31409, 0.63779, 1.1985, 0.00735, 4.0259, 1.3362, 0.00592, 1.3767, 1.3096, 3.2359, 1.0078, 0.34865, 0.54571, 2.1759, 1.5514, 0.72738, 3.1837, 0.0074714, 4.7769, 0.74058, 0.0064163, 1.2805, 1.0852, 2.3395, 0.99029, 0.29821, 0.29311, 1.6491, 1.0503, 0.44254, 2.4228, 0.0014076, 4.1087, 0.40165, 0.0064157, 1.039, 1.5341, 4.1323, 1.0254, 0.3991, 0.79832, 2.7028, 2.0525, 1.0122, 3.9446, 0.013535, 5.4452, 1.0795, 0.0064169, 1.522, 0.018618, 0.297, 0.00011359, 0.00094058, 0.023585, 0.1026, 0.092815, 0.029988, 0.21399, 1.3591e-05, 0.16504, 0.042459, 1.2391e-13, 0.02156, 0.69568, 1.7055, 0.96781, 0.099556, 0.25359, 0.36292, -0.18677, 0.39303, -0.10484, -0.0088082, 1.278, -0.076361, -0.003415, 0.67467, 1.9236, 4.7663, 1.0478, 0.59775, 0.83784, 3.9889, 3.2896, 1.0617, 6.4722, 0.023751, 8.2758, 1.5575, 0.016248, 1.8864, 0.13932, 0.86566, 0.00059187, 0.022934, 0.031542, 1.2149, 1.1167, 0.041318, 3.9971, 9.7956e-05, 4.5249, 0.24668, 3.5725e-05, 0.13567
18, 0.45833, 0.48346, 0.04497, 0.11868, 0.48, 0.75422, 0.87932, 1.4325, 1.05, 0.40596, 0.37356, 0.34526, 0.59728, 0.79928, 6.7099, 0, 2.8682, 0.01273, 0.00126, 0.61139, 1.279, 0.828, 1.011, 0.53874, 0.54581, 1.1201, 1.3591, 0.72738, 4.0787, 0.011006, 5.3804, 0.76032, 0.0064163, 0.87305, 1.0453, -0.09739, 0.99333, 0.41262, 0.2932, 0.31088, 0.76693, 0.44254, 3.1566, 0.0042814, 4.3341, 0.35499, 0.0064157, 0.40701, 1.5128, 1.7534, 1.0286, 0.66487, 0.79842, 1.9294, 1.9513, 1.0122, 5.0007, 0.017731, 6.4266, 1.1656, 0.0064169, 1.3391, 0.0202, 0.31651, 0.00011507, 0.0058792, 0.023585, 0.24206, 0.12962, 0.029988, 0.31422, 1.6715e-05, 0.40459, 0.060723, 1.2391e-13, 0.080277, 0.66161, -0.71954, 0.97091, 0.26413, 0.25368, -0.7941, -0.4075, 0.39303, 0.74919, -0.0055309, 1.7901, -0.086326, -0.003415, 0.14785, 1.8965, 2.3755, 1.051, 0.81336, 0.83793, 3.0344, 3.1257, 1.0617, 7.4081, 0.027544, 8.9707, 1.607, 0.016248, 1.5982, 0.1409, 0.88518, 0.00059334, 0.027873, 0.031542, 1.3544, 1.1535, 0.041318, 4.0973, 0.00010108, 4.7644, 0.26494, 3.5725e-05, 0.19438
19, 0.15198, 0.15255, 0.11988, 0.20938, 0.9, 0.16059, 1.3919, 1.5121, 0.98398, 0.51017, 0.41474, 1.332, 2.8271, 0.88837, 1.7016, 0.02039, 7.1368, 1.0972, 0.00479, 1.4872, 1.2886, 1.4192, 1.0076, 0.39405, 0.55889, 1.9007, 1.33, 0.72473, 3.7321, 0.011376, 5.1467, 1.1135, 0.0064163, 1.3645, 1.0865, 0.86639, 0.99088, 0.33457, 0.3072, 1.3292, 0.87885, 0.43991, 2.7363, 0.0053761, 4.0825, 0.84771, 0.0064157, 1.038, 1.4908, 1.9721, 1.0244, 0.45353, 0.81058, 2.4722, 1.7812, 1.0096, 4.7279, 0.017376, 6.2109, 1.3792, 0.0064169, 1.691, 0.015108, 0.11297, 0.0001037, 0.0013076, 0.023414, 0.12071, 0.075238, 0.029985, 0.36651, 1.3307e-05, 0.4186, 0.026107, 1.2391e-13, 0.039401, 0.68248, 0.061234, 0.96795, 0.14297, 0.26756, 0.074243, -0.39444, 0.3904, 0.38146, -0.0048797, 1.5512, 0.32408, -0.003415, 0.72004, 1.8948, 2.7773, 1.0473, 0.64513, 0.85022, 3.7272, 3.0545, 1.0591, 7.0828, 0.027632, 8.7423, 1.9029, 0.016248, 2.009, 0.13581, 0.68164, 0.00058197, 0.023301, 0.03137, 1.233, 1.0992, 0.041315, 4.1496, 9.7672e-05, 4.7784, 0.23032, 3.5725e-05, 0.15351
20, 0.2223, 0.33805, 0.01754, 0.10139, 1.2632, 0.24617, 1.0898, 0.5259, 0.98178, 0.29439, 0.78261, 1.7949, 0.71994, 0.79862, 2.4961, 0.04651, 4.2189, 0.69605, 0.01228, 1.2353, 1.4571, 1.1557, 0.99787, 0.26049, 0.69366, 1.6745, 2.1788, 0.78279, 4.1906, 0.015616, 4.7263, 0.49556, 0.0064163, 0.72551, 1.2867, 0.80249, 0.9839, 0.21233, 0.59769, 1.3427, 1.7706, 0.66924, 3.5782, 0.010578, 4.1154, 0.25459, 0.0064157, 0.5429, 1.6276, 1.5089, 1.0118, 0.30865, 0.78962, 2.0062, 2.587, 0.89633, 4.803, 0.020654, 5.3371, 0.73653, 0.0064169, 0.90813, 0.010739, 0.046108, 7.2186e-05, 0.00085731, 0.003404, 0.040674, 0.061591, 0.0047651, 0.1386, 9.3815e-06, 0.13792, 0.021462, 1.2391e-13, 0.012326, 0.8608, -0.134, 0.95928, 0.011846, 0.51834, -0.09173, 0.46507, 0.57411, 0.93326, -0.00030968, 1.2379, -0.28584, -0.003415, 0.14065, 2.0535, 2.4454, 1.0365, 0.50914, 0.86897, 3.4407, 3.8925, 0.99147, 7.4479, 0.031542, 8.2147, 1.277, 0.016248, 1.3104, 0.13144, 0.61477, 0.00055046, 0.022851, 0.01136, 1.153, 1.0855, 0.016096, 3.9217, 9.3747e-05, 4.4977, 0.22568, 3.5725e-05, 0.12643
21, 0.13333, 0.72522, 0.08344, 0.2412, 1.0091, 0.21516, 2, 0.69945, 0.97175, 0.26095, 0.95, 2.6085, 2.5263, 0.01, 1.9863, 0, 9.1108, 0.01, 0.01672, 0.5659, 1.4083, 1.7702, 0.99962, 0.23335, 0.60484, 1.7503, 1.5396, 0.6859, 3.8239, 0.0096157, 7.8494, 0.80546, 0.0064163, 0.61656, 1.167, 0.93454, 0.98178, 0.057581, 0.37607, 1.3487, 0.90619, 0.41541, 2.7891, 0.0023781, 5.7124, 0.37263, 0.0064157, -0.073238, 1.6495, 2.6059, 1.0175, 0.40912, 0.83362, 2.1519, 2.173, 0.95639, 4.8587, 0.016853, 9.9863, 1.2383, 0.0064169, 1.3064, 0.021515, 0.25813, 0.00011762, 0.011419, 0.019345, 0.059609, 0.14829, 0.027042, 0.3958, 1.9361e-05, 1.6879, 0.069245, 1.2391e-13, 0.17587, 0.78797, 0.2746, 0.95946, -0.067315, 0.33306, -0.030303, -0.24126, 0.36369, 0.46142, -0.0071365, 3.8044, -0.054692, -0.003415, -0.26919, 2.0286, 3.2659, 1.0398, 0.53402, 0.87662, 3.531, 3.3205, 1.0081, 7.1863, 0.026368, 11.894, 1.6656, 0.016248, 1.5023, 0.14221, 0.82679, 0.0005959, 0.033413, 0.027301, 1.1719, 1.1722, 0.038373, 4.1789, 0.00010373, 6.0477, 0.27346, 3.5725e-05, 0.28998
22, 0.21285, 0.15862, 0.05248, 0.1029, 1.1811, 0.24195, 0.69529, 0.6262, 1.0104, 0.56335, 0.21447, 1.0708, 1.8637, 0.95119, 7.2162, 0.00534, 7.3249, 0.08153, 0.01291, 1.2927, 1.176, 1.1398, 1.015, 0.40317, 0.36263, 1.72, 1.4491, 0.92524, 4.0453, 0.0075425, 4.4741, 0.78263, 0.0064163, 0.87471, 0.98445, 0.65654, 1.001, 0.34984, 0.27569, 1.3864, 0.94599, 0.77608, 3.4246, 0.0022693, 3.7679, 0.54022, 0.0064157, 0.68185, 1.3676, 1.6231, 1.0289, 0.4565, 0.44957, 2.0535, 1.9522, 1.0744, 4.6659, 0.012816, 5.1803, 1.025, 0.0064169, 1.0676, 0.013564, 0.086324, 7.1808e-05, 0.0010512, 0.0027938, 0.041114, 0.093553, 0.0082235, 0.14239, 1.0277e-05, 0.18433, 0.02172, 1.2391e-13, 0.013748, 0.57332, -0.19139, 0.9764, 0.15347, 0.19209, -0.046583, -0.28969, 0.69523, 0.78634, -0.0084594, 0.96776, 0.00078365, -0.003415, 0.28656, 1.7787, 2.471, 1.0536, 0.65287, 0.53318, 3.4865, 3.1879, 1.1553, 7.3042, 0.023544, 7.9804, 1.5645, 0.016248, 1.4629, 0.13426, 0.65499, 0.00055008, 0.023045, 0.01075, 1.1534, 1.1175, 0.019554, 3.9255, 9.4643e-05, 4.5441, 0.22594, 3.5725e-05, 0.12786
23, 0.61111, 0.50326, 0.04588, 0.12354, 1.0286, 0.60695, 0.96824, 0.7577, 0.97548, 0.33344, 0.43858, 1.1762, 2.4563, 0.91432, 3.3203, 0.01111, 2.8384, 0.29855, 0.00262, 0.46836, 1.1962, 1.1515, 1.0077, 0.43195, 0.54571, 0.79725, 1.4247, 0.72738, 4.4318, 0.009087, 5.2439, 0.75434, 0.0064163, 0.60042, 0.96204, 0.18797, 0.98872, 0.33896, 0.29311, 0.14873, 0.83247, 0.44254, 3.5709, 0.0020344, 3.7796, 0.34974, 0.0064157, 0.075713, 1.4304, 2.115, 1.0266, 0.52494, 0.79832, 1.4458, 2.0169, 1.0122, 5.2928, 0.01614, 6.7082, 1.1589, 0.0064169, 1.1251, 0.02027, 0.34312, 0.00013259, 0.0031961, 0.023585, 0.15545, 0.12962, 0.029988, 0.27397, 1.8384e-05, 0.79248, 0.060505, 1.2391e-13, 0.10176, 0.57865, -0.41916, 0.96701, 0.17089, 0.25359, -1.0548, -0.34195, 0.39303, 1.1187, -0.0075861, 1.5103, -0.091959, -0.003415, -0.16381, 1.8138, 2.7221, 1.0483, 0.69301, 0.83784, 2.6493, 3.1913, 1.0617, 7.7449, 0.02576, 8.9775, 1.6006, 0.016248, 1.3646, 0.14097, 0.91179, 0.00061086, 0.02519, 0.031542, 1.2678, 1.1535, 0.041318, 4.057, 0.00010275, 5.1523, 0.26472, 3.5725e-05, 0.21587
24, 0.5, 0.35329, 0.16309, 0.20759, 1.2714, 0.35946, 1.5467, 0.51075, 1.0343, 0.27425, 0.24538, 0.61857, 1.4534, 0.97845, 3.9727, 0.00957, 7.1238, 0.01279, 0.0038, 1.3648, 1.3616, 1.2366, 1.0045, 0.34438, 0.54571, 0.94528, 1.2515, 0.72738, 3.5949, 0.01066, 4.3013, 0.67724, 0.0064163, 0.86012, 1.1176, -0.27368, 0.98427, 0.29581, 0.29311, 0.14092, 0.77271, 0.44254, 2.6522, 0.0032359, 2.4681, 0.23935, 0.0064157, 0.378, 1.6056, 2.7468, 1.0247, 0.39295, 0.79832, 1.7496, 1.7303, 1.0122, 4.5376, 0.018084, 6.1345, 1.1151, 0.0064169, 1.3422, 0.022001, 0.84304, 0.00015092, 0.000872, 0.023585, 0.23914, 0.084733, 0.029988, 0.32847, 2.0371e-05, 1.2421, 0.070871, 1.2391e-13, 0.085912, 0.74025, -0.71775, 0.96321, 0.095656, 0.25359, -0.96689, -0.48039, 0.39303, 0.25967, -0.0061738, 0.40818, -0.18547, -0.003415, 0.12448, 1.983, 3.1909, 1.0457, 0.5931, 0.83784, 2.8575, 2.9834, 1.0617, 6.9302, 0.027493, 8.1944, 1.5399, 0.016248, 1.5958, 0.1427, 1.4117, 0.0006292, 0.022866, 0.031542, 1.3515, 1.1086, 0.041318, 4.1115, 0.00010474, 5.6019, 0.27509, 3.5725e-05, 0.20002
25, 0.5, 0.13709, 0.07486, 0.20759, 0.5619, 0.45383, 1.2972, 0.61957, 0.97986, 0.64854, 0.276, 1.154, 1.1104, 0.74149, 5.9239, 0.02087, 2.3246, 0.52669, 0.00351, 0.97195, 1.3362, 1.0083, 1.0043, 0.53906, 0.54571, 1.684, 1.2799, 0.72738, 3.4633, 0.010953, 3.5638, 0.69819, 0.0064163, 1.15, 1.0841, -0.24935, 0.98413, 0.44796, 0.29311, 1.1446, 0.8011, 0.44254, 2.5276, 0.0037499, 2.2542, 0.23595, 0.0064157, 0.63311, 1.5883, 2.2659, 1.0245, 0.63016, 0.79832, 2.2235, 1.7587, 1.0122, 4.399, 0.018155, 4.8734, 1.1604, 0.0064169, 1.6668, 0.023488, 0.58458, 0.00015031, 0.0030677, 0.023585, 0.10756, 0.084733, 0.029988, 0.32362, 1.9175e-05, 0.63393, 0.07897, 1.2391e-13, 0.098738, 0.71159, -0.75812, 0.96305, 0.27867, 0.25359, -0.13269, -0.452, 0.39303, 0.13003, -0.0057846, -0.1119, -0.17713, -0.003415, 0.39111, 1.9608, 2.7747, 1.0455, 0.79945, 0.83784, 3.5007, 3.0118, 1.0617, 6.7966, 0.02769, 7.2395, 1.5735, 0.016248, 1.9088, 0.14419, 1.1532, 0.00062858, 0.025061, 0.031542, 1.2199, 1.1086, 0.041318, 4.1067, 0.00010354, 4.9937, 0.28319, 3.5725e-05, 0.21285
26, 0.2223, 0.27827, 0.01592, 0.09264, 1.2632, 0.25017, 1.2788, 1.5693, 1.0052, 0.39248, 0.82468, 1.6275, 0.9948, 0.78574, 7.8922, 0.00425, 5.8117, 0.10549, 0.00172, 0.41211, 1.4478, 1.0642, 1.0076, 0.30446, 0.64596, 1.6797, 2.1623, 0.78265, 3.8014, 0.015505, 4.4419, 0.45003, 0.0064163, 0.83832, 1.2898, 0.70616, 0.99494, 0.2644, 0.52599, 1.3436, 1.7541, 0.63349, 3.216, 0.010957, 3.8921, 0.24333, 0.0064157, 0.69277, 1.6057, 1.4223, 1.0203, 0.34453, 0.76593, 2.0159, 2.5705, 0.93182, 4.3868, 0.020053, 4.9918, 0.65672, 0.0064169, 0.98386, 0.0092224, 0.047393, 5.9349e-05, 0.00059325, 0.00532, 0.041769, 0.061591, 0.0082235, 0.12667, 7.6447e-06, 0.11174, 0.015791, 1.2391e-13, 0.0078296, 0.85488, -0.22679, 0.96947, 0.05726, 0.45643, -0.087308, 0.44853, 0.55265, 0.54904, -0.00027266, 0.96372, -0.32149, -0.003415, 0.26394, 2.0406, 2.3553, 1.0457, 0.55167, 0.83549, 3.4468, 3.876, 1.0127, 7.0538, 0.031283, 7.9201, 1.2215, 0.016248, 1.4127, 0.12992, 0.61606, 0.00053763, 0.022587, 0.013276, 1.1541, 1.0855, 0.019554, 3.9097, 9.201e-05, 4.4715, 0.22001, 3.5725e-05, 0.12194
27, 0.33333, 0.26774, 0.02342, 0.04287, 0.89062, 0.30755, 0.84185, 0.88174, 1.0139, 0.26819, 0.49213, 1.4311, 0.67263, 0.69246, 4.4515, 0.00199, 6.5586, 1.0313, 0.00185, 0.37287, 1.3194, 1.1571, 1.0014, 0.33804, 0.54571, 2.1064, 1.6644, 0.72738, 2.7583, 0.01002, 3.9578, 1.1472, 0.0064163, 0.39011, 1.0786, -0.23253, 0.98298, 0.2914, 0.29311, 1.7162, 1.1808, 0.44254, 1.9271, 0.0041077, 3.3295, 0.80227, 0.0064157, 0.10195, 1.5603, 2.5467, 1.0198, 0.38469, 0.79832, 2.4966, 2.148, 1.0122, 3.5896, 0.015932, 4.5862, 1.4922, 0.0064169, 0.67827, 0.021438, 0.71372, 0.00012555, 0.00080416, 0.023585, 0.056277, 0.086428, 0.029988, 0.25539, 1.2919e-05, 0.14593, 0.043985, 1.2391e-13, 0.030691, 0.69931, -0.7056, 0.96099, 0.089687, 0.25359, 0.32832, -0.06884, 0.39303, -0.54716, -0.0062038, 0.46636, 0.32777, -0.003415, -0.23579, 1.9396, 3.0198, 1.0418, 0.5864, 0.83784, 3.8845, 3.3976, 1.0617, 6.0638, 0.026244, 7.4493, 1.9667, 0.016248, 1.016, 0.14214, 1.2824, 0.00060382, 0.022798, 0.031542, 1.1686, 1.1103, 0.041318, 4.0385, 9.7285e-05, 4.5057, 0.2482, 3.5725e-05, 0.1448
28, 0.125, 0.34793, 0.01387, 0.09056, 1.5118, 0.1505, 1.3967, 0.70159, 1.0005, 0.06452, 0.48897, 0.53238, 2.3401, 0.97413, 4.2594, 0.03052, 4.0109, 0.03761, 0.00275, 1.1144, 1.3708, 0.98173, 1.0052, 0.21579, 0.62673, 1.5989, 1.6185, 0.89905, 3.861, 0.014183, 5.1074, 0.5849, 0.0064163, 1.0413, 1.123, -0.378, 0.98839, 0.14741, 0.48376, 1.1238, 1.0895, 0.74989, 3.2585, 0.007543, 4.3056, 0.14707, 0.0064157, 0.71019, 1.6186, 2.3415, 1.0221, 0.28416, 0.76969, 2.074, 2.1474, 1.0482, 4.4635, 0.020823, 5.9091, 1.0227, 0.0064169, 1.3724, 0.022698, 0.68336, 0.000105, 0.0017279, 0.0075544, 0.08343, 0.10341, 0.0082235, 0.13416, 1.6296e-05, 0.23759, 0.070853, 1.2391e-13, 0.04052, 0.74792, -0.85876, 0.96552, -0.03755, 0.42187, -0.19971, -0.12794, 0.66904, 0.60547, -0.0023199, 1.5806, -0.27777, -0.003415, 0.39449, 1.9937, 2.8222, 1.045, 0.46912, 0.83158, 3.3976, 3.3649, 1.1291, 7.1165, 0.030686, 8.6342, 1.4476, 0.016248, 1.6881, 0.1434, 1.252, 0.00058327, 0.023722, 0.015511, 1.1957, 1.1273, 0.019554, 3.9172, 0.00010066, 4.5974, 0.27507, 3.5725e-05, 0.15463
29, 0.5022, 0.27023, 0.0378, 0.30689, 0.95, 0.55514, 1.3026, 0.66452, 1.0198, 0.29542, 0.3798, 0.19748, 0.39601, 0.54193, 6.7988, 0.01012, 1.4281, 0.4963, 0.00542, 1.4677, 1.3021, 0.70758, 1.0015, 0.55202, 0.54572, 0.99469, 1.3218, 0.72738, 3.2735, 0.01122, 3.6892, 0.91319, 0.0064163, 1.0028, 1.0481, -0.1308, 0.9822, 0.4786, 0.29312, 0.44895, 0.80827, 0.44254, 2.2232, 0.0044996, 2.6691, 0.5293, 0.0064157, 0.69727, 1.5562, 1.546, 1.0208, 0.62545, 0.79833, 1.5404, 1.8354, 1.0122, 4.3239, 0.01794, 4.7093, 1.2971, 0.0064169, 1.3084, 0.023854, 0.25979, 0.00013738, 0.0019927, 0.023585, 0.11008, 0.097486, 0.029988, 0.40778, 1.6693e-05, 0.38461, 0.054472, 1.2391e-13, 0.034511, 0.67677, -0.78956, 0.96067, 0.29728, 0.2536, -0.82389, -0.42, 0.39303, -0.093733, -0.0053154, 0.10643, 0.076596, -0.003415, 0.36873, 1.9275, 2.2047, 1.0423, 0.80677, 0.83785, 2.8133, 3.0637, 1.0617, 6.6408, 0.027755, 7.272, 1.7498, 0.016248, 1.6369, 0.14455, 0.82846, 0.00061566, 0.023986, 0.031542, 1.2224, 1.1214, 0.041318, 4.1908, 0.00010106, 4.7444, 0.25869, 3.5725e-05, 0.14862
30, 0.61111, 0.47111, 0.04439, 0, 1.0286, 0.51611, 0.51975, 1.0731, 1.0062, 0.37353, 0.34198, 0.33444, 0.67944, 0.98344, 2.9876, 0.00098, 7.662, 0.65785, 0.00084, 0.3385, 1.2623, 0.96332, 1.0048, 0.33984, 0.54572, 1.2197, 1.6496, 0.72738, 2.9103, 0.0096982, 3.9972, 0.65724, 0.0064163, 0.68181, 1.0295, -0.00042809, 0.98604, 0.24928, 0.29311, 0.6283, 1.0574, 0.44254, 1.8835, 0.0028681, 2.5868, 0.26502, 0.0064157, 0.15066, 1.4952, 1.9271, 1.0236, 0.4304, 0.79833, 1.8111, 2.2418, 1.0122, 3.9371, 0.016528, 5.4076, 1.0495, 0.0064169, 1.213, 0.020033, 0.3433, 0.00013014, 0.0030313, 0.023585, 0.12927, 0.12962, 0.029988, 0.3897, 1.7242e-05, 0.73525, 0.056862, 1.2391e-13, 0.10428, 0.64529, -0.60746, 0.96423, 0.079637, 0.2536, -0.61311, -0.11702, 0.39303, -0.44973, -0.0068821, 0.28439, -0.18321, -0.003415, -0.086854, 1.8794, 2.5341, 1.0454, 0.60004, 0.83785, 3.0525, 3.4162, 1.0617, 6.2703, 0.026278, 7.71, 1.4977, 0.016248, 1.4505, 0.14073, 0.91196, 0.00060841, 0.025025, 0.031542, 1.2416, 1.1535, 0.041318, 4.1728, 0.00010161, 5.0951, 0.26108, 3.5725e-05, 0.21839
31, 0.2223, 0.25711, 0.0153, 0.08559, 1.2632, 0.24902, 1.7744, 0.5287, 1.0111, 0.30073, 0.47572, 0.9223, 2.0787, 0.95063, 6.483, 0.00657, 4.3223, 0.4062, 0.002, 1.193, 1.4037, 1.1494, 1.0145, 0.32273, 0.57462, 1.7152, 2.0971, 0.82228, 3.6619, 0.012656, 4.4186, 0.42604, 0.0064163, 0.78072, 1.2377, 0.78901, 1.002, 0.28313, 0.47865, 1.3774, 1.6889, 0.70873, 3.0724, 0.0079642, 3.8606, 0.21643, 0.0064157, 0.63808, 1.5698, 1.5098, 1.0271, 0.36234, 0.67059, 2.0529, 2.5053, 0.93582, 4.2515, 0.017348, 4.9766, 0.63564, 0.0064169, 0.92336, 0.010187, 0.048005, 5.7984e-05, 0.00057977, 0.003404, 0.042162, 0.061591, 0.0047651, 0.12847, 8.1374e-06, 0.11508, 0.016239, 1.2391e-13, 0.0075199, 0.80867, -0.14227, 0.97644, 0.075603, 0.3993, -0.052166, 0.38333, 0.6136, 0.4088, -0.0031637, 0.93911, -0.34627, -0.003415, 0.20707, 1.9988, 2.4411, 1.0526, 0.56986, 0.74994, 3.4825, 3.8108, 1.031, 6.9151, 0.028476, 7.8981, 1.1983, 0.016248, 1.3544, 0.13089, 0.61667, 0.00053626, 0.022573, 0.01136, 1.1545, 1.0855, 0.016096, 3.9115, 9.2503e-05, 4.4749, 0.22046, 3.5725e-05, 0.12163
32, 0.125, 0.47328, 0.0422, 0.29649, 0.75, 0.33101, 0.77432, 2.7624, 1.0495, 0.36755, 0.43631, 1.1814, 2.1771, 0.76322, 6.0352, 0.01037, 8.5657, 0.26945, 0.00084, 0.66648, 1.4895, 4.6835, 1.0151, 0.28112, 0.54571, 1.9886, 1.635, 0.72738, 3.4033, 0.0080759, 5.8225, 1.202, 0.0064163, 0.65037, 1.2731, 3.9764, 0.99751, 0.20237, 0.29311, 1.5666, 1.106, 0.44254, 2.3742, 0.0014334, 4.6769, 0.84292, 0.0064157, 0.3088, 1.706, 5.3905, 1.0328, 0.35988, 0.79832, 2.4107, 2.1639, 1.0122, 4.4325, 0.014718, 6.9681, 1.5611, 0.0064169, 0.99195, 0.017313, 0.18478, 0.00011486, 0.0022923, 0.023585, 0.065835, 0.10341, 0.029988, 0.39148, 1.6309e-05, 0.48511, 0.047654, 1.2391e-13, 0.043125, 0.87846, 3.2557, 0.97508, 0.024792, 0.25359, 0.20327, -0.11148, 0.39303, 0.042602, -0.0084279, 2.202, 0.37649, -0.003415, -0.0018525, 2.1006, 6.1112, 1.0552, 0.53746, 0.83784, 3.774, 3.3814, 1.0617, 6.764, 0.02458, 9.443, 2.0275, 0.016248, 1.3026, 0.13801, 0.75344, 0.00059313, 0.024286, 0.031542, 1.1781, 1.1273, 0.041318, 4.1746, 0.00010067, 4.8449, 0.25187, 3.5725e-05, 0.15723
33, 0.3326, 0.27707, 0.01384, 0.0715, 2.1222, 0.22993, 0.91452, 0.67043, 0.99296, 0.51537, 0.939, 2.1177, 0.92248, 0.47999, 1.8951, 0.01941, 4.7129, 0.79098, 0.00728, 0.22546, 1.3244, 0.80833, 1.0025, 0.28558, 0.53683, 0.84256, 1.6388, 0.72738, 3.449, 0.010046, 3.9867, 0.56603, 0.0064163, 0.48104, 1.0693, -0.003726, 0.98257, 0.24344, 0.28614, 0.097171, 1.1483, 0.44254, 2.7954, 0.0028431, 3.3376, 0.1512, 0.0064157, 0.2101, 1.5795, 1.6204, 1.0224, 0.32772, 0.78752, 1.5879, 2.1292, 1.0122, 4.1026, 0.017248, 4.6358, 0.98085, 0.0064169, 0.75197, 0.024055, 0.24373, 0.00014679, 0.00065628, 0.023228, 0.20536, 0.088916, 0.029988, 0.1579, 1.9174e-05, 0.15573, 0.063602, 1.2391e-13, 0.027131, 0.69858, -0.67423, 0.96138, 0.038032, 0.24636, -1.0456, -0.096409, 0.39303, 0.18365, -0.0066914, 0.49138, -0.28521, -0.003415, -0.13713, 1.9502, 2.2909, 1.0436, 0.53313, 0.8273, 2.7307, 3.3739, 1.0617, 6.7143, 0.026783, 7.4819, 1.4173, 0.016248, 1.0992, 0.14475, 0.8124, 0.00062507, 0.02265, 0.031184, 1.3177, 1.1128, 0.041318, 3.941, 0.00010354, 4.5155, 0.26782, 3.5725e-05, 0.14124
34, 0.16669, 0.24413, 0.00777, 0.18697, 0.30236, 0.62526, 0.89593, 1.9974, 1.0241, 0.74136, 0.44034, 0.58529, 0.2036, 0.72609, 3.4219, 0.01618, 6.0485, 1.3521, 0.00625, 1.8467, 1.327, 2.9661, 1.0041, 0.52967, 0.54571, 1.4737, 1.4683, 0.72738, 3.7948, 0.010857, 4.5146, 0.86227, 0.0064163, 1.4212, 1.0708, 1.8882, 0.98396, 0.43279, 0.29311, 0.72044, 0.93914, 0.44254, 2.8063, 0.0037402, 3.8461, 0.4457, 0.0064157, 1.0648, 1.5832, 4.0441, 1.0243, 0.62655, 0.79832, 2.227, 1.9974, 1.0122, 4.7832, 0.017974, 5.183, 1.2788, 0.0064169, 1.7776, 0.024264, 0.4295, 0.00015, 0.0034691, 0.023585, 0.20973, 0.10349, 0.029988, 0.36113, 1.8721e-05, 0.16516, 0.06414, 1.2391e-13, 0.046956, 0.70076, 1.3228, 0.96288, 0.2672, 0.25359, -0.41753, -0.2782, 0.39303, 0.44631, -0.0058434, 1.0157, 0.010183, -0.003415, 0.76109, 1.9533, 4.6095, 1.0453, 0.79214, 0.83784, 3.365, 3.2148, 1.0617, 7.1433, 0.027557, 8.0135, 1.7144, 0.016248, 2.0813, 0.14496, 0.99817, 0.00062828, 0.025463, 0.031542, 1.322, 1.1274, 0.041318, 4.1442, 0.00010309, 4.525, 0.26836, 3.5725e-05, 0.16106
35, 0.15198, 0.15255, 0.11988, 0.41875, 0.9, 0.21355, 1.0427, 1.6486, 1.0157, 0.66271, 0.83944, 1.8782, 1.6749, 0.64351, 1.2334, 0.00871, 5.7869, 0.92383, 0.00395, 1.5922, 1.3324, 1.3921, 1.003, 0.44736, 0.57369, 1.6069, 1.4147, 0.43497, 2.663, 0.013199, 5.3207, 1.1356, 0.0064163, 1.5228, 1.1302, 0.83926, 0.98716, 0.36722, 0.44692, 1.0535, 0.96352, 0.35129, 1.6365, 0.0074268, 4.245, 0.86986, 0.0064157, 1.2766, 1.5345, 1.945, 1.0188, 0.5275, 0.70046, 2.1603, 1.8659, 0.51865, 3.6895, 0.018971, 6.3963, 1.4014, 0.0064169, 1.769, 0.015108, 0.11297, 9.2756e-05, 0.0023738, 0.0059399, 0.11319, 0.075238, 0.0025882, 0.38944, 1.2314e-05, 0.42761, 0.026107, 1.2391e-13, 0.022401, 0.72619, 0.034101, 0.9637, 0.1906, 0.37979, -0.214, -0.30978, 0.24091, -0.69689, -0.0029743, 1.7217, 0.34623, -0.003415, 0.91505, 1.9385, 2.7501, 1.0423, 0.70413, 0.76759, 3.4278, 3.1392, 0.62902, 6.0229, 0.029372, 8.9196, 1.925, 0.016248, 2.1305, 0.13581, 0.68164, 0.00057103, 0.024367, 0.013896, 1.2255, 1.0992, 0.013919, 4.1725, 9.668e-05, 4.7874, 0.23032, 3.5725e-05, 0.13651
36, 0.33333, 0.34793, 0.01387, 0.09056, 1.5118, 0.32492, 1.7476, 2.0084, 1.0229, 0.18336, 0.64589, 1.0543, 3.4023, 0.96391, 1.8525, 0.00775, 2.4247, 0.15267, 0.00132, 0.33121, 1.3343, 1.251, 1.0003, 0.3018, 0.51497, 1.1982, 1.434, 0.90646, 3.9546, 0.015897, 4.3846, 0.56635, 0.0064163, 0.61236, 1.0865, -0.27129, 0.98349, 0.25478, 0.37199, 0.71719, 0.95041, 0.7573, 3.363, 0.0093139, 3.7067, 0.12832, 0.0064157, 0.34697, 1.5821, 2.7732, 1.0172, 0.34882, 0.65794, 1.6793, 1.9175, 1.0556, 4.5462, 0.022479, 5.0624, 1.0044, 0.0064169, 0.87774, 0.022698, 0.85648, 0.000105, 0.00081718, 0.0075553, 0.085531, 0.086428, 0.0082235, 0.12934, 1.6016e-05, 0.16984, 0.070917, 1.2391e-13, 0.026031, 0.71142, -0.71266, 0.96062, 0.053375, 0.31011, -0.60199, -0.29925, 0.67645, 0.7011, -0.00058331, 0.88382, -0.29643, -0.003415, -0.0033948, 1.9572, 3.2146, 1.0401, 0.55023, 0.71983, 2.9985, 3.1672, 1.1365, 7.2081, 0.032376, 7.8853, 1.4291, 0.016248, 1.2281, 0.1434, 1.4251, 0.00058328, 0.022811, 0.015512, 1.1978, 1.1103, 0.019554, 3.9124, 0.00010038, 4.5297, 0.27513, 3.5725e-05, 0.14014
37, 0.25, 0.22752, 0.0281, 0.5276, 0.57143, 0.56185, 1.5236, 2.397, 0.97564, 0.7281, 0.2773, 0.19184, 1.3375, 0.97227, 1.2068, 0.01591, 3.708, 0.76049, 0.01272, 1.8921, 1.3192, 1.0845, 1.0046, 0.56828, 0.54571, 1.2929, 1.3784, 0.72738, 3.3492, 0.011219, 4.4666, 0.69151, 0.0064163, 1.5086, 1.0856, 0.0084198, 0.98451, 0.45894, 0.29311, 0.61216, 0.89587, 0.44254, 1.9977, 0.0043327, 3.7533, 0.35577, 0.0064157, 1.0224, 1.5529, 2.1606, 1.0247, 0.67762, 0.79832, 1.9737, 1.8609, 1.0122, 4.7006, 0.018105, 5.1799, 1.0272, 0.0064169, 1.9948, 0.020176, 0.42801, 0.00014935, 0.0044191, 0.023585, 0.17128, 0.086048, 0.029988, 0.67506, 1.7526e-05, 0.18805, 0.041662, 1.2391e-13, 0.087359, 0.70186, -0.55759, 0.9634, 0.30096, 0.25359, -0.57064, -0.35456, 0.39303, -0.12383, -0.0053847, 0.95884, -0.12411, -0.003415, 0.77031, 1.9366, 2.7266, 1.0458, 0.8356, 0.83784, 3.1565, 3.1113, 1.0617, 6.8221, 0.027822, 7.9744, 1.5071, 0.016248, 2.2469, 0.14088, 0.99667, 0.00062762, 0.026413, 0.031542, 1.2836, 1.11, 0.041318, 4.4581, 0.00010189, 4.5479, 0.24588, 3.5725e-05, 0.20147
38, 0.15198, 0.15255, 0.11429, 0.41875, 1.356, 0.22189, 1.5181, 1.3463, 0.99338, 0.71904, 0.54624, 1.2062, 0.40362, 0.48315, 2.5979, 0.00859, 3.6517, 0.23736, 0.00472, 1.9015, 1.3374, 0.80903, 1.005, 0.44627, 0.54571, 1.1057, 1.5081, 0.4716, 2.5218, 0.010432, 5.4782, 0.63581, 0.0064163, 1.4705, 1.082, -0.53441, 0.98482, 0.36717, 0.29311, 0.46708, 1.0569, 0.38792, 1.4959, 0.0033824, 4.4419, 0.26843, 0.0064157, 1.2266, 1.5928, 2.1525, 1.0252, 0.52537, 0.79832, 1.7444, 1.9593, 0.55528, 3.5477, 0.017482, 6.5145, 1.0032, 0.0064169, 1.7144, 0.02411, 0.66708, 0.00015038, 0.0023127, 0.023585, 0.15076, 0.075238, 0.0025882, 0.389, 1.8369e-05, 0.39691, 0.049885, 1.2391e-13, 0.021988, 0.71145, -1.0195, 0.96375, 0.18983, 0.25359, -0.74285, -0.21637, 0.27754, -0.83795, -0.0062398, 1.8908, -0.19334, -0.003415, 0.86371, 1.9633, 2.6375, 1.0462, 0.70271, 0.83784, 2.9543, 3.2326, 0.66565, 5.8815, 0.027104, 9.0656, 1.465, 0.016248, 2.0773, 0.14481, 1.2357, 0.00062866, 0.024306, 0.031542, 1.2631, 1.0992, 0.013919, 4.1721, 0.00010273, 4.7567, 0.2541, 3.5725e-05, 0.1361
39, 0.21285, 0.15862, 0.05248, 0.1029, 1.1811, 0.24195, 1.4398, 2.6271, 1.05, 0.58848, 0.3859, 0.50668, 0.37531, 1, 6.2165, 0.00789, 4.2114, 1.5299, 0.00751, 0.64154, 1.0924, 0.83607, 1.009, 0.40197, 0.30244, 1.7408, 1.5851, 0.88982, 4.0829, 0.0072318, 4.6057, 0.62859, 0.0064163, 0.95317, 0.90079, 0.3528, 0.99509, 0.34864, 0.2155, 1.4073, 1.082, 0.74065, 3.4622, 0.0019587, 3.8995, 0.38617, 0.0064157, 0.7603, 1.2839, 1.3193, 1.023, 0.4553, 0.38938, 2.0743, 2.0882, 1.039, 4.7036, 0.012505, 5.3119, 0.871, 0.0064169, 1.146, 0.013564, 0.086324, 7.1808e-05, 0.0010512, 0.0027938, 0.041114, 0.093553, 0.0082235, 0.14239, 1.0277e-05, 0.18433, 0.02172, 1.2391e-13, 0.013748, 0.48966, -0.49513, 0.97045, 0.15227, 0.13189, -0.02573, -0.1537, 0.65981, 0.82397, -0.0087701, 1.0994, -0.15326, -0.003415, 0.36502, 1.6951, 2.1673, 1.0476, 0.65167, 0.47298, 3.5073, 3.3239, 1.1198, 7.3418, 0.023234, 8.1121, 1.4104, 0.016248, 1.5413, 0.13426, 0.65499, 0.00055008, 0.023045, 0.01075, 1.1534, 1.1175, 0.019554, 3.9255, 9.4643e-05, 4.5441, 0.22594, 3.5725e-05, 0.12786
40, 0.16667, 0.34416, 0.01295, 0.09624, 1.1571, 0.21682, 0.96708, 0.63638, 1.0005, 0.04053, 0.33272, 1.1755, 1.8253, 0.71843, 1.182, 0.02539, 5.8884, 0.33315, 0.02643, 0.87612, 1.3082, 0.53912, 0.99786, 0.25048, 0.54571, 1.9585, 1.3048, 0.72738, 4.1152, 0.016876, 4.8494, 0.83688, 0.0064163, 1.1354, 1.0567, -0.25265, 0.98043, 0.19722, 0.29311, 1.6181, 0.77568, 0.44254, 3.5199, 0.011288, 4.1452, 0.52956, 0.0064157, 0.91218, 1.5597, 1.3309, 1.0153, 0.30374, 0.79832, 2.299, 1.8339, 1.0122, 4.7105, 0.022464, 5.5537, 1.1442, 0.0064169, 1.3586, 0.023381, 0.23171, 0.00011239, 0.0010484, 0.023585, 0.042837, 0.10347, 0.029988, 0.13098, 1.154e-05, 0.18332, 0.034908, 1.2391e-13, 0.018415, 0.68385, -0.93243, 0.95789, 0.00079879, 0.25359, 0.19066, -0.44171, 0.39303, 0.86102, 0.00076751, 1.3435, 0.032534, -0.003415, 0.53661, 1.9326, 2.0107, 1.0378, 0.50016, 0.83784, 3.7264, 3.0512, 1.0617, 7.3694, 0.032984, 8.3554, 1.6412, 0.016248, 1.7342, 0.14408, 0.80037, 0.00059066, 0.023042, 0.031542, 1.1551, 1.1274, 0.041318, 3.914, 9.5906e-05, 4.5431, 0.23913, 3.5725e-05, 0.13252
41, 0.21918, 0.14721, 0.01636, 0, 0.84906, 0.1087, 1.3636, 0.9525, 0.95481, 0.36634, 0.65578, 0.99894, 2.054, 0.86417, 4.1848, 0.00351, 4.0845, 1.3136, 0.00355, 0.21422, 1.3714, 0.91336, 0.99904, 0.33497, 0.54058, 2.7719, 2.1159, 0.72738, 2.7668, 0.0081927, 4.3289, 0.99699, 0.0064163, 0.66836, 1.1411, 0.10111, 0.98145, 0.26002, 0.28804, 2.1616, 1.5984, 0.44254, 1.8029, 0.0017834, 3.4501, 0.70646, 0.0064157, 0.43202, 1.6017, 1.7256, 1.0166, 0.40991, 0.79312, 3.3823, 2.6334, 1.0122, 3.7308, 0.014602, 5.2076, 1.2875, 0.0064169, 0.9047, 0.019597, 0.24386, 0.00011429, 0.0020759, 0.023573, 0.13769, 0.098996, 0.029988, 0.34342, 1.5184e-05, 0.28541, 0.031198, 1.2391e-13, 0.020645, 0.75531, -0.56931, 0.959, 0.079778, 0.24851, 0.93291, 0.3729, 0.39303, -0.57448, -0.0082187, 0.78375, 0.19892, -0.003415, 0.064555, 1.9875, 2.396, 1.0391, 0.59015, 0.83265, 4.6109, 3.8589, 1.0617, 6.1082, 0.024604, 7.874, 1.7951, 0.016248, 1.2722, 0.1403, 0.81252, 0.00059257, 0.024069, 0.031529, 1.25, 1.1229, 0.041318, 4.1265, 9.9549e-05, 4.6452, 0.23542, 3.5725e-05, 0.13475
42, 0.125, 0.44876, 0.0411, 0.28113, 0.75, 0.33309, 1.9187, 6.4369, 1.05, 0.35274, 0.63893, 3.8038, 1.507, 0.75136, 1.8524, 0, 3.1636, 1.7143, 0.00018, 0.57703, 1.3441, 3.5118, 1.0146, 0.29, 0.54571, 1.8444, 1.7026, 0.72738, 3.9456, 0.0095086, 6.1835, 0.94906, 0.0064163, 0.76175, 1.1326, 2.8062, 0.99643, 0.21763, 0.29311, 1.4284, 1.1737, 0.44254, 2.9095, 0.0030131, 5.1112, 0.60801, 0.0064157, 0.44611, 1.5556, 4.2173, 1.0328, 0.36236, 0.79832, 2.2604, 2.2316, 1.0122, 4.9816, 0.016004, 7.2558, 1.2901, 0.0064169, 1.0774, 0.016539, 0.18401, 0.0001223, 0.0019355, 0.023585, 0.063974, 0.10341, 0.029988, 0.39676, 1.5594e-05, 0.425, 0.042991, 1.2391e-13, 0.036823, 0.73475, 2.0847, 0.97431, 0.035555, 0.25359, 0.060455, -0.043799, 0.39303, 0.58273, -0.0069367, 2.5855, 0.13123, -0.003415, 0.12272, 1.9534, 4.9388, 1.0549, 0.54444, 0.83784, 3.6284, 3.4491, 1.0617, 7.3084, 0.025954, 9.7815, 1.7669, 0.016248, 1.4008, 0.13724, 0.75267, 0.00060057, 0.023929, 0.031542, 1.1763, 1.1273, 0.041318, 4.1798, 9.996e-05, 4.7848, 0.24721, 3.5725e-05, 0.15093
43, 0.18657, 0.23496, 0.01647, 0.00981, 1.8857, 0.12381, 1.1389, 0.61518, 0.99048, 0.12739, 0.60769, 0.41976, 1.3857, 0.96663, 1.3032, 0.00537, 7.7991, 0.41486, 0.00546, 0.59797, 1.3269, 1.2449, 1.004, 0.27233, 0.54094, 1.348, 1.4401, 0.72738, 2.9479, 0.012205, 4.401, 0.72919, 0.0064163, 1.053, 1.0707, -0.26639, 0.98402, 0.21199, 0.2884, 0.64769, 0.86092, 0.44254, 2.0241, 0.0049721, 3.7862, 0.25623, 0.0064157, 0.83215, 1.5831, 2.7562, 1.0239, 0.33268, 0.79348, 2.0484, 2.0192, 1.0122, 3.8717, 0.019438, 5.0157, 1.2022, 0.0064169, 1.2738, 0.024264, 0.84418, 0.00014726, 0.0013458, 0.023573, 0.18129, 0.12397, 0.029988, 0.31542, 1.9336e-05, 0.13968, 0.082679, 1.2391e-13, 0.018026, 0.70065, -0.71023, 0.96284, 0.021045, 0.24887, -0.52277, -0.32222, 0.39303, -0.38203, -0.0045452, 0.91191, -0.15183, -0.003415, 0.45508, 1.9532, 3.2, 1.0451, 0.52362, 0.833, 3.2188, 3.2024, 1.0617, 6.2779, 0.028955, 7.89, 1.6102, 0.016248, 1.6509, 0.14496, 1.4128, 0.00062554, 0.023339, 0.031529, 1.2936, 1.1479, 0.041318, 4.0985, 0.0001037, 4.4995, 0.2869, 3.5725e-05, 0.13213
44, 0.2223, 0.33805, 0.01754, 0.10139, 1.2632, 0.24617, 1.8146, 3.2146, 0.95019, 0.34515, 0.70408, 3.1205, 3.284, 0.75257, 5.4975, 0.0027, 3.2099, 0.64274, 0.00055, 0.50643, 1.3926, 0.93768, 1.0026, 0.25851, 0.72725, 1.626, 2.0246, 0.80215, 4.0806, 0.020488, 4.7582, 0.50116, 0.0064163, 0.80424, 1.2222, 0.58448, 0.98867, 0.21035, 0.63129, 1.2943, 1.6164, 0.68861, 3.4683, 0.01545, 4.1473, 0.26019, 0.0064157, 0.62163, 1.5631, 1.2909, 1.0166, 0.30667, 0.82322, 1.9577, 2.4328, 0.9157, 4.693, 0.025526, 5.3691, 0.74213, 0.0064169, 0.98686, 0.010739, 0.046108, 7.2186e-05, 0.00085731, 0.003404, 0.040674, 0.061591, 0.0047651, 0.1386, 9.3815e-06, 0.13792, 0.021462, 1.2391e-13, 0.012326, 0.79631, -0.35201, 0.96405, 0.0098679, 0.55194, -0.1402, 0.31083, 0.59347, 0.8233, 0.004562, 1.2698, -0.28024, -0.003415, 0.21937, 1.989, 2.2274, 1.0412, 0.50716, 0.90257, 3.3922, 3.7383, 1.0108, 7.338, 0.036414, 8.2466, 1.2826, 0.016248, 1.3891, 0.13144, 0.61477, 0.00055046, 0.022851, 0.01136, 1.153, 1.0855, 0.016096, 3.9217, 9.3747e-05, 4.4977, 0.22568, 3.5725e-05, 0.12643
45, 0.26667, 0.72522, 0.08344, 0.35142, 1.0091, 0.39777, 1.9238, 0.52117, 0.98336, 0.3384, 0.70697, 1.2409, 0.1, 0.57201, 2.6139, 0, 9.6073, 0.97461, 0.00311, 0.54167, 1.4148, 1.3254, 0.99695, 0.33874, 0.69395, 1.1901, 1.5327, 0.53584, 2.9814, 0.0096346, 7.6861, 0.55774, 0.0064163, 0.87934, 1.1735, 0.15356, 0.97911, 0.19377, 0.46518, 0.70568, 0.89902, 0.26535, 1.866, 0.002397, 5.7996, 0.12524, 0.0064157, 0.12415, 1.656, 2.4972, 1.0148, 0.48371, 0.92273, 1.6745, 2.1663, 0.80633, 4.0968, 0.016872, 9.5726, 0.99025, 0.0064169, 1.6345, 0.021507, 0.50755, 0.00011762, 0.0077676, 0.019345, 0.086724, 0.14841, 0.027042, 0.45985, 1.9361e-05, 1.3154, 0.069139, 1.2391e-13, 0.2108, 0.79449, -0.38099, 0.95679, 0.05498, 0.42217, -0.61106, -0.24827, 0.21363, -0.40676, -0.0071176, 3.7676, -0.30225, -0.003415, -0.05823, 2.035, 3.0318, 1.0371, 0.6225, 0.96573, 2.9912, 3.3136, 0.85805, 6.3695, 0.026387, 11.605, 1.4177, 0.016248, 1.8169, 0.14221, 1.0762, 0.0005959, 0.029761, 0.027301, 1.199, 1.1723, 0.038373, 4.2429, 0.00010373, 5.6752, 0.27336, 3.5725e-05, 0.32491
46, 0.21285, 0.15917, 0.05062, 0, 1.122, 0.12363, 1.4777, 0.754, 1.0298, 0.27534, 0.59719, 3.5197, 0.36879, 0.76685, 2.5437, 0.00896, 4.3849, 0.38591, 0.00138, 0.15758, 1.3046, 1.0205, 1.0115, 0.33725, 0.54571, 1.9658, 1.5857, 0.72738, 2.9148, 0.0075, 4.5646, 0.89113, 0.0064163, 0.74418, 1.0543, 0.4763, 0.99623, 0.26815, 0.29311, 1.4856, 1.0826, 0.44254, 1.9526, 0.0015875, 3.8364, 0.62021, 0.0064157, 0.51314, 1.5548, 1.5646, 1.0268, 0.40635, 0.79832, 2.446, 2.0888, 1.0122, 3.877, 0.013412, 5.2928, 1.162, 0.0064169, 0.97522, 0.023142, 0.10945, 8.6119e-05, 0.0017648, 0.023585, 0.085227, 0.093553, 0.029988, 0.34218, 1.2921e-05, 0.19599, 0.027129, 1.2391e-13, 0.01973, 0.68073, -0.33403, 0.97242, 0.083715, 0.25359, 0.16581, -0.15311, 0.39303, -0.42599, -0.0087238, 1.0538, 0.099977, -0.003415, 0.14243, 1.9284, 2.375, 1.0506, 0.59078, 0.83784, 3.7658, 3.3245, 1.0617, 6.2556, 0.023724, 8.0754, 1.6823, 0.016248, 1.3459, 0.14384, 0.67811, 0.0005644, 0.023758, 0.031542, 1.1975, 1.1175, 0.041318, 4.1253, 9.7286e-05, 4.5558, 0.23135, 3.5725e-05, 0.13384
47, 0.18315, 0.20652, 0.01864, 0.00336, 1.4118, 0.11561, 1.6173, 0.55193, 1.018, 0.14242, 0.64931, 1.0392, 0.49461, 0.53281, 3.2996, 0.01704, 4.2919, 0.70006, 0.00645, 1.479, 1.3333, 0.99455, 1.0116, 0.29469, 0.54491, 1.7936, 1.6322, 0.72738, 2.8224, 0.0084338, 4.5053, 0.39666, 0.0064163, 0.92546, 1.0779, -0.080693, 0.99249, 0.23147, 0.2923, 1.2862, 1.0521, 0.44254, 1.8752, 0.0019031, 3.8396, 0.024437, 0.0064157, 0.68185, 1.5887, 2.0698, 1.0308, 0.35791, 0.79752, 2.301, 2.2124, 1.0122, 3.7696, 0.014964, 5.171, 0.76887, 0.0064169, 1.1691, 0.024111, 0.42732, 0.00013528, 0.0014772, 0.023585, 0.095168, 0.12439, 0.029988, 0.33159, 1.5764e-05, 0.16379, 0.051208, 1.2391e-13, 0.021934, 0.70739, -0.647, 0.97088, 0.042694, 0.25279, -0.013871, -0.13036, 0.39303, -0.51411, -0.0080254, 1.0069, -0.43465, -0.003415, 0.31877, 1.9592, 2.6361, 1.0524, 0.54668, 0.83703, 3.601, 3.3948, 1.0617, 6.1589, 0.024893, 8.0037, 1.228, 0.016248, 1.5321, 0.14481, 0.99599, 0.00061355, 0.023471, 0.031541, 1.2075, 1.1483, 0.041318, 4.1147, 0.00010013, 4.5236, 0.25543, 3.5725e-05, 0.13604
48, 0.33333, 0.27345, 0.02384, 0.04505, 0.58763, 0.38867, 1.2894, 0.92241, 1.0044, 0.45584, 0.52268, 4.5329, 2.2705, 0.91732, 1.8665, 0.00168, 5.5317, 0.43762, 0.00182, 0.18495, 1.3431, 1.2621, 1.0027, 0.37404, 0.54571, 1.9069, 1.5295, 0.72738, 2.9659, 0.0084216, 4.0148, 0.78024, 0.0064163, 0.46433, 1.1155, -0.13768, 0.98333, 0.31775, 0.29311, 1.3972, 1.0459, 0.44254, 2.131, 0.0024133, 3.3912, 0.42601, 0.0064157, 0.16264, 1.5706, 2.6619, 1.0221, 0.43032, 0.79832, 2.4166, 2.0131, 1.0122, 3.8008, 0.01443, 4.6384, 1.1345, 0.0064169, 0.76602, 0.019139, 0.72421, 0.00013918, 0.0011709, 0.023585, 0.096016, 0.086428, 0.029988, 0.25762, 1.3343e-05, 0.14375, 0.046378, 1.2391e-13, 0.03364, 0.72797, -0.60818, 0.96187, 0.12369, 0.25359, 0.098794, -0.20371, 0.39303, -0.3405, -0.0078374, 0.52416, -0.043168, -0.003415, -0.16792, 1.9582, 3.1324, 1.0436, 0.62438, 0.83784, 3.715, 3.2627, 1.0617, 6.2723, 0.024681, 7.5054, 1.6036, 0.016248, 1.0966, 0.13984, 1.2929, 0.00061745, 0.023165, 0.031542, 1.2083, 1.1103, 0.041318, 4.0407, 9.7708e-05, 4.5036, 0.2506, 3.5725e-05, 0.14775
49, 0.66667, 0.08881, 0.18901, 0.14145, 1.068, 0.20878, 1.2688, 0.56034, 0.98981, 0.42216, 0.50889, 0.28996, 0.65548, 0.53857, 6.1089, 0.0132, 0.89072, 0.21707, 0.00458, 1.9218, 1.3285, 1.3028, 1.0045, 0.46958, 0.54571, 1.4473, 1.5327, 0.72738, 4.173, 0.011011, 4.4747, 0.73974, 0.0064163, 0.90786, 1.0723, -0.22609, 0.98427, 0.38914, 0.29311, 0.62438, 0.89902, 0.44254, 3.2299, 0.003617, 1.9113, 0.25765, 0.0064157, 0.123, 1.5847, 2.8317, 1.0247, 0.55002, 0.79832, 2.2702, 2.1663, 1.0122, 5.1161, 0.018405, 7.0381, 1.2218, 0.0064169, 1.6927, 0.024256, 0.86399, 0.00015092, 0.0023915, 0.023585, 0.25029, 0.14841, 0.029988, 0.32874, 2.0207e-05, 2.4287, 0.085903, 1.2391e-13, 0.22768, 0.70224, -0.66597, 0.96321, 0.21272, 0.25359, -0.47276, -0.24827, 0.39303, 0.83763, -0.0058094, 0.1891, -0.14622, -0.003415, -0.053767, 1.9547, 3.2716, 1.0457, 0.72644, 0.83784, 3.3673, 3.3136, 1.0617, 7.5084, 0.027831, 8.7603, 1.6257, 0.016248, 1.8695, 0.14495, 1.4326, 0.0006292, 0.024385, 0.031542, 1.3626, 1.1723, 0.041318, 4.1118, 0.00010457, 6.7885, 0.29012, 3.5725e-05, 0.34179
50, 0.25, 0.22305, 0.01397, 0.07227, 1.2075, 0.20167, 0.70753, 1.8383, 1.0499, 0.20474, 0.38323, 3.1233, 2.0972, 0.55761, 5.6242, 0.00146, 6.395, 0.32076, 0.0031, 0.38359, 1.268, 1.0139, 1.0141, 0.32859, 0.39594, 1.8441, 1.3145, 0.46853, 3.313, 0.010019, 4.1594, 0.57474, 0.0064163, 0.49329, 1.0515, 0.42727, 0.99847, 0.28545, 0.26276, 1.498, 0.83202, 0.28071, 2.661, 0.0044033, 3.5416, 0.34815, 0.0064157, 0.27611, 1.4846, 1.6006, 1.0296, 0.37173, 0.52912, 2.1901, 1.797, 0.65634, 3.965, 0.015634, 4.7772, 0.80133, 0.0064169, 0.71047, 0.017327, 0.12721, 8.9747e-05, 0.00068794, 0.006556, 0.044261, 0.086048, 0.013038, 0.15712, 1.1655e-05, 0.14106, 0.018977, 1.2391e-13, 0.017434, 0.65695, -0.35819, 0.97485, 0.08087, 0.19779, 0.075139, -0.41841, 0.21176, 0.047992, -0.0060992, 0.66982, -0.20234, -0.003415, -0.10328, 1.8791, 2.3861, 1.0533, 0.57631, 0.59409, 3.613, 3.0474, 0.72529, 6.578, 0.026137, 7.649, 1.3518, 0.016248, 1.0899, 0.13803, 0.69587, 0.00056802, 0.022682, 0.014512, 1.1566, 1.11, 0.024368, 3.9402, 9.6021e-05, 4.5009, 0.22319, 3.5725e-05, 0.13154
51, 0.2223, 0.27827, 0.01592, 0.09264, 1.2632, 0.25017, 1.7833, 1.51, 0.98683, 0.23845, 0.64875, 0.38755, 3.4343, 0.80354, 2.3062, 0.0207, 3.2425, 0.15828, 0.00624, 0.72275, 1.4092, 1.0692, 1.0099, 0.30862, 0.76359, 1.7263, 2.0155, 0.76974, 3.9885, 0.014014, 4.5078, 0.44594, 0.0064163, 0.817, 1.2512, 0.71111, 0.99722, 0.26855, 0.64362, 1.3901, 1.6073, 0.62058, 3.403, 0.0094666, 3.958, 0.23925, 0.0064157, 0.67146, 1.5672, 1.4273, 1.0226, 0.34868, 0.88357, 2.0625, 2.4237, 0.9189, 4.5739, 0.018562, 5.0576, 0.65264, 0.0064169, 0.96255, 0.0092224, 0.047393, 5.9349e-05, 0.00059325, 0.00532, 0.041769, 0.061591, 0.0082235, 0.12667, 7.6447e-06, 0.11174, 0.015791, 1.2391e-13, 0.0078296, 0.81633, -0.22184, 0.97175, 0.061415, 0.57407, -0.040744, 0.30179, 0.53973, 0.73608, -0.0017633, 1.0296, -0.32558, -0.003415, 0.24263, 2.0021, 2.3602, 1.048, 0.55582, 0.95312, 3.4933, 3.7293, 0.99975, 7.2408, 0.029792, 7.986, 1.2175, 0.016248, 1.3914, 0.12992, 0.61606, 0.00053763, 0.022587, 0.013276, 1.1541, 1.0855, 0.019554, 3.9097, 9.201e-05, 4.4715, 0.22001, 3.5725e-05, 0.12194
52, 0.2223, 0.33805, 0.01754, 0.10139, 1.2632, 0.24617, 1.0918, 0.72926, 1.0142, 0.41342, 0.73314, 2.6469, 3.9633, 0.83394, 1.0339, 0.01092, 7.2937, 0.2821, 0.00619, 0.52226, 1.4569, 1.1392, 0.99298, 0.25585, 0.71482, 1.6433, 1.9837, 0.76793, 4.2442, 0.019574, 4.629, 0.53906, 0.0064163, 0.80253, 1.2865, 0.786, 0.97901, 0.20769, 0.61885, 1.3116, 1.5755, 0.65439, 3.6318, 0.014536, 4.0182, 0.2981, 0.0064157, 0.61992, 1.6274, 1.4924, 1.007, 0.30401, 0.81079, 1.975, 2.3919, 0.88148, 4.8565, 0.024612, 5.2399, 0.78003, 0.0064169, 0.98515, 0.010739, 0.046108, 7.2186e-05, 0.00085731, 0.003404, 0.040674, 0.061591, 0.0047651, 0.1386, 9.3815e-06, 0.13792, 0.021462, 1.2391e-13, 0.012326, 0.86062, -0.15049, 0.95439, 0.0072067, 0.5395, -0.12289, 0.26997, 0.55925, 0.98683, 0.0036479, 1.1406, -0.24234, -0.003415, 0.21766, 2.0533, 2.4289, 1.0316, 0.5045, 0.89014, 3.4095, 3.6974, 0.97661, 7.5015, 0.0355, 8.1174, 1.3205, 0.016248, 1.3874, 0.13144, 0.61477, 0.00055046, 0.022851, 0.01136, 1.153, 1.0855, 0.016096, 3.9217, 9.3747e-05, 4.4977, 0.22568, 3.5725e-05, 0.12643
53, 0.5022, 0.72035, 0.07249, 0.33339, 1.905, 0.46781, 0.73333, 0.62236, 1.014, 0.39267, 0.54362, 0.63062, 0.56495, 0.66324, 1.7495, 0.02299, 9.6959, 0.37833, 0.00411, 0.84929, 1.3269, 1.1336, 1.0045, 0.36046, 0.54571, 0.74171, 1.3058, 0.72738, 3.3881, 0.010632, 6.7422, 0.73421, 0.0064163, 0.90231, 1.0707, -0.086295, 0.98426, 0.21315, 0.29311, -0.16699, 0.79219, 0.44254, 2.3088, 0.0032085, 4.6763, 0.24677, 0.0064157, 0.17052, 1.5831, 2.3536, 1.0247, 0.50776, 0.79832, 1.6504, 1.8193, 1.0122, 4.4673, 0.018056, 8.8081, 1.2216, 0.0064169, 1.6341, 0.024264, 0.55008, 0.00015092, 0.0080203, 0.023585, 0.3052, 0.097486, 0.029988, 0.4305, 2.0371e-05, 1.5775, 0.087818, 1.2391e-13, 0.19793, 0.70065, -0.60612, 0.96321, 0.075493, 0.25359, -1.2166, -0.43608, 0.39303, 0.011679, -0.0062012, 2.7342, -0.15467, -0.003415, -0.016515, 1.9532, 2.8734, 1.0457, 0.64542, 0.83784, 2.7001, 3.0476, 1.0617, 6.7645, 0.027466, 10.75, 1.6231, 0.016248, 1.8211, 0.14496, 1.1187, 0.0006292, 0.030014, 0.031542, 1.4175, 1.1214, 0.041318, 4.2136, 0.00010474, 5.9373, 0.29204, 3.5725e-05, 0.31204
54, 0.21285, 0.16327, 0.05248, 0.1029, 1.1811, 0.24521, 0.64011, 1.1541, 0.99214, 0.28346, 0.34299, 3.0482, 3.0457, 0.74203, 2.6961, 0.00217, 5.6567, 0.20582, 0.0055, 0.37896, 1.1822, 1.0597, 1.0175, 0.41352, 0.3303, 1.6381, 1.3411, 0.72738, 4.2156, 0.0079608, 4.5503, 0.75868, 0.0064163, 0.98545, 0.9907, 0.5764, 1.0033, 0.36147, 0.23094, 1.3044, 0.83798, 0.44254, 3.5952, 0.0026234, 3.8611, 0.51955, 0.0064157, 0.79687, 1.3738, 1.543, 1.0317, 0.46558, 0.42966, 1.9717, 1.8442, 1.0122, 4.836, 0.013298, 5.2394, 0.99781, 0.0064169, 1.174, 0.013561, 0.086324, 7.4566e-05, 0.0010016, 0.0036489, 0.041146, 0.093553, 0.029988, 0.14226, 1.0529e-05, 0.17553, 0.021135, 1.2391e-13, 0.013145, 0.57955, -0.27153, 0.97885, 0.16409, 0.15311, -0.12848, -0.39769, 0.39303, 0.95672, -0.0080624, 1.0473, -0.022154, -0.003415, 0.39869, 1.7849, 2.3909, 1.0562, 0.66295, 0.5075, 3.4046, 3.0799, 1.0617, 7.4744, 0.023984, 8.0532, 1.5395, 0.016248, 1.5722, 0.13426, 0.65499, 0.00055284, 0.022995, 0.011605, 1.1535, 1.1175, 0.041318, 3.9253, 9.4895e-05, 4.5353, 0.22535, 3.5725e-05, 0.12725
55, 0.33333, 0.36272, 0.01629, 0.10144, 2.0667, 0.22601, 0.56752, 0.6354, 1.0271, 0.22797, 0.58592, 0.53764, 1.8042, 0.72241, 4.2689, 0.00046, 2.82, 0.38316, 0.00607, 1.0897, 1.4226, 0.83404, 0.99195, 0.2355, 0.52653, 1.1139, 1.5689, 0.72738, 4.1251, 0.0093363, 4.4793, 0.593, 0.0064163, 0.46813, 1.1892, 0.058358, 0.97432, 0.1797, 0.29105, 0.41189, 1.0853, 0.44254, 3.5104, 0.002715, 3.7892, 0.21331, 0.0064157, 0.17774, 1.656, 1.6097, 1.0096, 0.29131, 0.76201, 1.816, 2.0524, 1.0122, 4.7397, 0.015958, 5.1693, 0.97269, 0.0064169, 0.75852, 0.020126, 0.22239, 0.00011493, 0.0011511, 0.020496, 0.18217, 0.086428, 0.029988, 0.13964, 1.6204e-05, 0.17599, 0.053284, 1.2391e-13, 0.031168, 0.80534, -0.62891, 0.95189, -0.014736, 0.24908, -0.7575, -0.16436, 0.39303, 0.8673, -0.007159, 0.97616, -0.24167, -0.003415, -0.1588, 2.0399, 2.297, 1.032, 0.48574, 0.80398, 2.9854, 3.3021, 1.0617, 7.3828, 0.025832, 7.9824, 1.4277, 0.016248, 1.0951, 0.14083, 0.79105, 0.0005932, 0.023145, 0.028452, 1.2945, 1.1103, 0.041318, 3.9227, 0.00010057, 4.5358, 0.2575, 3.5725e-05, 0.14528
56, 0.5, 0.27313, 0.01861, 0.23911, 0.8, 0.6023, 1.1565, 0.51341, 0.99506, 0.27882, 0.32927, 1.0843, 0.59583, 0.48159, 3.3641, 0.02342, 6.0766, 1.0394, 0.01491, 0.99104, 1.3371, 0.80548, 1.002, 0.56963, 0.5461, 0.97501, 1.3225, 0.72738, 3.8737, 0.0098577, 3.1489, 0.79766, 0.0064163, 1.0045, 1.0812, -0.21098, 0.98389, 0.48813, 0.2935, 0.40361, 0.84368, 0.44254, 2.8649, 0.0031788, 2.0954, 0.37949, 0.0064157, 0.69569, 1.5929, 1.8219, 1.0201, 0.65114, 0.79871, 1.5464, 1.8013, 1.0122, 4.8824, 0.016537, 4.2024, 1.2158, 0.0064169, 1.3133, 0.024196, 0.38188, 0.00012139, 0.0024556, 0.023585, 0.12068, 0.084733, 0.029988, 0.37611, 1.6487e-05, 0.41022, 0.064632, 1.2391e-13, 0.035246, 0.71095, -0.79818, 0.96173, 0.31244, 0.25398, -0.85144, -0.40942, 0.39303, 0.51917, -0.0066609, -0.4435, -0.055206, -0.003415, 0.36882, 1.9632, 2.4091, 1.0423, 0.82683, 0.83822, 2.8015, 3.0544, 1.0617, 7.2282, 0.026376, 6.7414, 1.6505, 0.016248, 1.6402, 0.1449, 0.95054, 0.00059967, 0.024449, 0.031541, 1.233, 1.1086, 0.041318, 4.1592, 0.00010085, 4.77, 0.26885, 3.5725e-05, 0.14935
57, 0.5, 0.35621, 0.03755, 0.18994, 1, 0.60165, 1.1405, 0.59115, 1.015, 0.40055, 0.68145, 1.2687, 1.8469, 0.83247, 2.4241, 0, 1.9967, 1.0333, 0.00409, 0.44825, 1.266, 0.79824, 1.0048, 0.4921, 0.5457, 0.79375, 1.219, 0.72738, 3.8635, 0.01068, 4.0857, 0.74476, 0.0064163, 1.0345, 1.0164, -0.1279, 0.98512, 0.4193, 0.29309, 0.18086, 0.74016, 0.44254, 2.8877, 0.0033405, 3.1258, 0.35376, 0.0064157, 0.70099, 1.5155, 1.7244, 1.0244, 0.56489, 0.79831, 1.4066, 1.6978, 1.0122, 4.8394, 0.018019, 5.0456, 1.1358, 0.0064169, 1.368, 0.023019, 0.31703, 0.00014295, 0.0019586, 0.023585, 0.13884, 0.084733, 0.029988, 0.35197, 1.991e-05, 0.34056, 0.056506, 1.2391e-13, 0.041113, 0.6424, -0.74975, 0.96378, 0.23753, 0.25358, -1.0461, -0.51295, 0.39303, 0.51875, -0.0061166, 0.51962, -0.095121, -0.003415, 0.38646, 1.8895, 2.3462, 1.0458, 0.74666, 0.83783, 2.6336, 2.9509, 1.0617, 7.2083, 0.027476, 7.6518, 1.5846, 0.016248, 1.6825, 0.14372, 0.88569, 0.00062123, 0.023952, 0.031542, 1.2512, 1.1086, 0.041318, 4.135, 0.00010428, 4.7004, 0.26072, 3.5725e-05, 0.15522
58, 0.18182, 0.3043, 0.01083, 0.05829, 0.6, 0.42944, 1.1489, 1.7803, 1.0209, 0.34871, 0.51805, 1.4901, 2.7233, 0.94899, 2.6229, 0.00271, 4.6443, 0.04974, 0.00216, 1.7298, 1.359, 2.764, 0.99772, 0.38486, 0.54646, 1.98, 1.3984, 0.72738, 3.1303, 0.0088806, 4.6596, 0.99339, 0.0064163, 1.1132, 1.1366, 1.8394, 0.98009, 0.32689, 0.29386, 1.4508, 0.80487, 0.44254, 2.3568, 0.0026436, 4.0318, 0.664, 0.0064157, 0.88211, 1.5814, 3.6885, 1.0154, 0.44283, 0.79907, 2.5092, 1.9919, 1.0122, 3.9038, 0.015118, 5.2874, 1.3228, 0.0064169, 1.3444, 0.01828, 0.31594, 0.00011496, 0.001242, 0.023585, 0.10351, 0.13019, 0.029988, 0.22112, 1.4378e-05, 0.14567, 0.040102, 1.2391e-13, 0.019744, 0.7458, 1.217, 0.95766, 0.13413, 0.25434, 0.16635, -0.36869, 0.39303, -0.16114, -0.0074643, 1.1682, 0.18036, -0.003415, 0.51145, 1.9722, 4.311, 1.0378, 0.63559, 0.83859, 3.7937, 3.1654, 1.0617, 6.4217, 0.025225, 8.151, 1.8064, 0.016248, 1.715, 0.13898, 0.8846, 0.00059324, 0.023236, 0.031541, 1.2158, 1.1541, 0.041318, 4.0042, 9.8744e-05, 4.5055, 0.24432, 3.5725e-05, 0.13385
59, 0.21285, 0.13859, 0.05248, 0.1029, 1.1811, 0.2279, 1.0047, 0.58429, 1.0229, 0.60959, 0.27943, 1.4033, 0.91743, 0.56775, 9.0751, 0.00127, 1.6677, 1.3594, 0.00872, 1.3468, 1.1448, 1.1462, 1.0125, 0.41059, 0.36841, 1.7444, 1.5355, 0.72738, 3.9732, 0.0083021, 4.7337, 0.67603, 0.0064163, 0.83806, 0.95038, 0.6629, 0.99703, 0.35086, 0.21288, 1.4093, 1.0324, 0.44254, 3.351, 0.0027887, 3.9431, 0.41466, 0.0064157, 0.6222, 1.3393, 1.6294, 1.028, 0.47032, 0.52394, 2.0795, 2.0386, 1.0122, 4.5954, 0.013815, 5.5244, 0.93739, 0.0064169, 1.0539, 0.013974, 0.086324, 8.8757e-05, 0.0013185, 0.0089409, 0.041498, 0.093553, 0.029988, 0.14309, 1.1235e-05, 0.23105, 0.025249, 1.2391e-13, 0.017222, 0.54119, -0.18503, 0.97336, 0.15945, 0.15459, -0.022436, -0.20323, 0.39303, 0.71402, -0.0077805, 1.2094, -0.1119, -0.003415, 0.24197, 1.7484, 2.4774, 1.0517, 0.66173, 0.58222, 3.5112, 3.2743, 1.0617, 7.2324, 0.024385, 8.258, 1.464, 0.016248, 1.4341, 0.13467, 0.65499, 0.00056703, 0.023312, 0.016897, 1.1538, 1.1175, 0.041318, 3.9262, 9.5601e-05, 4.5909, 0.22947, 3.5725e-05, 0.13133
60, 0.25, 0.11153, 0.01397, 0.07227, 1.2075, 0.13854, 0.88219, 0.54168, 0.95934, 0.48824, 0.61064, 0.14553, 0.1752, 0.71537, 3.1765, 0.00807, 6.5749, 1.3491, 0.00429, 0.19942, 1.2074, 1.304, 1.0025, 0.39044, 0.54466, 2.1153, 1.476, 0.72738, 3.4134, 0.0086264, 3.9669, 0.66117, 0.0064163, 0.50853, 0.98563, 0.71732, 0.98244, 0.31396, 0.29206, 1.6883, 0.99354, 0.44254, 2.7464, 0.0017168, 2.8798, 0.35106, 0.0064157, 0.17546, 1.4293, 1.8906, 1.0226, 0.46693, 0.79727, 2.5423, 1.9585, 1.0122, 4.0804, 0.015536, 5.0541, 0.97128, 0.0064169, 0.8416, 0.018186, 0.12721, 0.00014918, 0.0021623, 0.023585, 0.067397, 0.086048, 0.029988, 0.16443, 1.7646e-05, 0.43685, 0.035544, 1.2391e-13, 0.041003, 0.59445, -0.068142, 0.96133, 0.1348, 0.25254, 0.32877, -0.25689, 0.39303, 0.14537, -0.0079868, 0.36451, -0.14424, -0.003415, -0.13929, 1.8204, 2.6761, 1.0437, 0.64609, 0.83678, 3.9019, 3.209, 1.0617, 6.6815, 0.02524, 7.5694, 1.4666, 0.016248, 1.1563, 0.13889, 0.69587, 0.00062746, 0.024156, 0.031541, 1.1797, 1.11, 0.041318, 3.9475, 0.00010201, 4.7967, 0.23976, 3.5725e-05, 0.15511
61, 0.1663, 0.26546, 0.01059, 0.0685, 1.0719, 0.23756, 1.735, 0.51772, 0.99278, 0.55804, 0.83215, 1.1282, 0.89102, 0.92507, 2.0922, 0.02119, 3.16, 0.72189, 0.00471, 1.6715, 1.338, 0.8811, 1.0096, 0.29796, 0.54564, 2.0713, 1.4086, 0.72738, 3.3674, 0.010439, 4.6589, 0.97758, 0.0064163, 1.2084, 1.0955, 0.14314, 0.99155, 0.2567, 0.29303, 1.7169, 0.87869, 0.44254, 2.6951, 0.0052591, 4.0232, 0.67742, 0.0064157, 1.0164, 1.5805, 1.6191, 1.0276, 0.33922, 0.79825, 2.4258, 1.9384, 1.0122, 4.0397, 0.015619, 5.2947, 1.2777, 0.0064169, 1.4005, 0.021734, 0.20129, 0.00012037, 0.00062917, 0.023585, 0.046447, 0.10378, 0.029988, 0.16708, 9.9176e-06, 0.14939, 0.0333, 1.2391e-13, 0.013632, 0.71724, -0.5622, 0.96935, 0.050561, 0.25352, 0.30073, -0.33815, 0.39303, 0.098261, -0.0055324, 1.1661, 0.17594, -0.003415, 0.62054, 1.9588, 2.3244, 1.0498, 0.54536, 0.83777, 3.842, 3.1553, 1.0617, 6.6365, 0.026411, 8.1518, 1.7792, 0.016248, 1.7963, 0.14243, 0.76995, 0.00059864, 0.022623, 0.031541, 1.1588, 1.1277, 0.041318, 3.9502, 9.4283e-05, 4.5092, 0.23752, 3.5725e-05, 0.12774
62, 0.25, 0.27666, 0.03959, 0.58943, 1.0909, 0.35315, 1.4019, 1.2775, 0.98285, 0.4716, 0.5737, 1.1762, 1.0645, 0.7856, 2.3512, 0.00513, 9.0459, 1.4588, 0.01002, 1.7844, 1.3817, 0.97727, 1.0068, 0.47214, 0.54571, 1.2608, 1.4013, 0.72738, 3.3211, 0.011711, 4.4658, 0.77443, 0.0064163, 1.5191, 1.1417, 0.29319, 0.98751, 0.36415, 0.29311, 0.62773, 0.91881, 0.44254, 1.9689, 0.0058139, 3.7371, 0.47467, 0.0064157, 1.0081, 1.6217, 1.6614, 1.0262, 0.58012, 0.79832, 1.8938, 1.8838, 1.0122, 4.6733, 0.017608, 5.1945, 1.0742, 0.0064169, 2.0302, 0.021291, 0.17297, 0.00013797, 0.0043098, 0.023585, 0.14812, 0.086048, 0.029988, 0.67577, 1.2853e-05, 0.19627, 0.033212, 1.2391e-13, 0.096531, 0.76192, -0.43925, 0.966, 0.20537, 0.25359, -0.58588, -0.33162, 0.39303, -0.15217, -0.0045072, 0.95489, -0.02705, -0.003415, 0.76422, 2.0015, 2.3938, 1.0477, 0.7389, 0.83784, 3.1074, 3.1342, 1.0617, 6.7944, 0.027929, 7.9768, 1.5759, 0.016248, 2.274, 0.14199, 0.74163, 0.00061624, 0.026303, 0.031542, 1.2604, 1.11, 0.041318, 4.4588, 9.7219e-05, 4.5561, 0.23743, 3.5725e-05, 0.21064
63, 0.15964, 0.26776, 0.05024, 0.19381, 0.18689, 0.46394, 1.7837, 3.5529, 1.032, 0.80924, 0.82981, 3.4788, 3.6777, 0.93825, 2.1628, 0.00322, 0.91388, 1.1453, 0.02064, 0.87539, 1.3268, 1.6885, 1.0039, 0.4409, 0.54571, 1.6724, 1.4749, 0.72738, 3.8307, 0.010062, 5.1331, 0.88701, 0.0064163, 1.5368, 1.0706, 0.48085, 0.98367, 0.38502, 0.29311, 0.91793, 0.84542, 0.44254, 2.8786, 0.0030082, 4.5076, 0.44434, 0.0064157, 1.2887, 1.583, 2.8962, 1.024, 0.49677, 0.79832, 2.4269, 2.1043, 1.0122, 4.7828, 0.017117, 5.7586, 1.3297, 0.0064169, 1.7849, 0.024264, 0.53907, 0.00015064, 0.001154, 0.023585, 0.21039, 0.14645, 0.029988, 0.33503, 1.8393e-05, 0.14461, 0.072429, 1.2391e-13, 0.022753, 0.70056, -0.042671, 0.96261, 0.19064, 0.25359, -0.21932, -0.30458, 0.39303, 0.49277, -0.0066114, 1.6421, 0.021861, -0.003415, 0.92826, 1.9531, 3.4197, 1.0451, 0.69115, 0.83784, 3.5641, 3.2543, 1.0617, 7.1686, 0.026736, 8.6241, 1.7522, 0.016248, 2.1453, 0.14496, 1.1077, 0.00062892, 0.023148, 0.031542, 1.3227, 1.1704, 0.041318, 4.1181, 0.00010276, 4.5044, 0.27665, 3.5725e-05, 0.13686
64, 0.2223, 0.25711, 0.0153, 0.08559, 1.2632, 0.24902, 1.5095, 0.65008, 1.0105, 0.02056, 0.60404, 3.1635, 3.3042, 0.85129, 1.8529, 0.01853, 4.6759, 0.06843, 0.02079, 1.3135, 1.4261, 1.1392, 1.0146, 0.33012, 0.51972, 1.6302, 2.0233, 0.86405, 3.8192, 0.011503, 4.4093, 0.45289, 0.0064163, 0.77278, 1.2601, 0.77877, 1.0021, 0.29051, 0.42375, 1.2925, 1.6151, 0.75051, 3.2296, 0.0068106, 3.8513, 0.24329, 0.0064157, 0.63014, 1.5921, 1.4995, 1.0271, 0.36972, 0.61569, 1.968, 2.4316, 0.9776, 4.4087, 0.016195, 4.9673, 0.6625, 0.0064169, 0.91541, 0.010187, 0.048005, 5.7984e-05, 0.00057977, 0.003404, 0.042162, 0.061591, 0.0047651, 0.12847, 8.1374e-06, 0.11508, 0.016239, 1.2391e-13, 0.0075199, 0.83102, -0.15252, 0.97652, 0.082989, 0.3444, -0.13712, 0.30962, 0.65537, 0.56604, -0.0043172, 0.92978, -0.31941, -0.003415, 0.19913, 2.0212, 2.4308, 1.0527, 0.57725, 0.69504, 3.3976, 3.7371, 1.0727, 7.0723, 0.027323, 7.8888, 1.2252, 0.016248, 1.3464, 0.13089, 0.61667, 0.00053626, 0.022573, 0.01136, 1.1545, 1.0855, 0.016096, 3.9115, 9.2503e-05, 4.4749, 0.22046, 3.5725e-05, 0.12163
65, 0.25, 0.2671, 0.06188, 0.13674, 0.44444, 0.36078, 1.6537, 1.3348, 0.97519, 0.18567, 0.58545, 1.4342, 2.0189, 0.7554, 3.6078, 0.00452, 3.5528, 1.0549, 0.00568, 0.72031, 1.3192, 1.8448, 1.005, 0.39422, 0.54571, 2.2828, 1.3211, 0.72738, 4.4331, 0.0084828, 4.7513, 0.74633, 0.0064163, 0.68712, 1.0632, 0.67004, 0.98486, 0.35039, 0.29311, 1.6999, 0.83861, 0.44254, 3.54, 0.0016743, 4.1468, 0.35779, 0.0064157, 0.41564, 1.5753, 3.0195, 1.0252, 0.43804, 0.79832, 2.8657, 1.8036, 1.0122, 5.3262, 0.015291, 5.3558, 1.1349, 0.0064169, 0.9586, 0.024228, 0.51005, 0.00015064, 0.00070985, 0.023585, 0.12559, 0.086048, 0.029988, 0.29482, 1.7134e-05, 0.13507, 0.055797, 1.2391e-13, 0.02724, 0.69306, 0.13639, 0.9638, 0.14638, 0.25359, 0.45268, -0.41182, 0.39303, 1.1115, -0.0080886, 1.264, -0.092411, -0.003415, 0.068716, 1.9454, 3.5531, 1.0463, 0.64206, 0.83784, 4.1128, 3.054, 1.0617, 7.7547, 0.025054, 8.2386, 1.5851, 0.016248, 1.3055, 0.14493, 1.0787, 0.00062892, 0.022703, 0.031542, 1.2379, 1.11, 0.041318, 4.0779, 0.0001015, 4.4949, 0.26001, 3.5725e-05, 0.14135
