UniqueId,Name,Location,res_mean,res_median,res_std,res_max,res_min,gamma,kappa,eta1,sig,lam,mup,sigp,rsmax,alpha,alpha1,alpha2,betam1,n,kappa_k
64,"Ono et al. 1989, CA025C",81828011-5b4b-4138-be69-3a1c47544fdf-007,0.0564686189029695,0.0563083387824895,0.0009485132553504,0.0631779613063189,0.0548991183197096,1.967599538650469,1.0725733477575308,1.5281784511402854,0.2161274874942393,0.1974182972085344,6.70227981592896,5.041588411381579,0.9917954680844564,0.0006171679309176,0.3640055371447042,0.2052046329469347,0.0203765866646376,4.337753202345643,0.2490563445569302
352,"Kunnath et al. 1997, A8",97dd05ce-a541-46a1-a5d2-5d5bf654cb6f-007,0.0641160249917322,0.0640543591482219,0.0003957591325076,0.0664604173070987,0.0634464720638237,0.3498035687455252,0.9005168529402215,1.9931703294547576,0.3576878968729804,0.8408117761966846,4.203174556104926,5.221883628202314,0.957629921987318,0.0049863317150485,2.3817443223515125,0.3276170105946779,0.0006863505335031,2.6619151348340946,2.9376887951115944
379,"Sritharan et al. 1995, IC3",a815a3bf-1b81-4ae7-89dd-10555c1e48b0-007,0.0861659549612004,0.0860947946439885,0.0018475856998664,0.0928745327921528,0.080608288318141,0.2929189940752666,1.001421453205188,1.9009421426781128,0.4003821836982193,0.5093177755120604,2.958336010863743,1.7219873563881876,0.9946177449063712,0.0002538907831292,6.175634971926372,0.825094041628203,0.0001443394251941,1.270287659199453,4.382526706913601
374,"Calderone et al. 2000, 328",f9585614-d99f-4ffe-8606-959791148bc5-007,0.0692482372061312,0.069532604326141,0.0026508752907912,0.0763625393057812,0.061858126027473,1.3476814223033733,1.0657197311585198,0.8632700264278816,0.2805113030647888,0.615313115585814,1.3443926188317616,0.478505130218067,0.6582483740067406,0.0103870456224332,3.755908253409658,0.2649800234952854,0.0055462305369826,3.553621047237985,0.3366789436143533
309,"NIST, Model N2",042badac-3f82-492d-9b57-ed6589371140-007,0.1083752166396413,0.108311319675832,0.0029317934117371,0.1181002894069358,0.1013737530237329,1.4328123734668743,1.0980828761954546,1.252482734723854,0.4086050765394243,0.2427120893981273,0.9919502159688816,0.4960902973226269,0.6624669397484292,5.101116018187439e-05,5.461077499671149,1.8027294362377253,0.0132410553966885,1.4126916898616173,0.5068565093600534
196,"Aboutaha and Machado 1999, ORC1",043f4941-b87b-4d29-8781-72e8ce688bf6-007,0.2254706756090171,0.225470675609017,2.775557561562892e-17,0.225470675609017,0.225470675609017,0.3784400707522639,0.9723721102524766,1.334075075651877,0.3926261020546952,0.4811520007660427,3.9324575075237975,2.8471320607818846,0.5456884608037421,0.0174052240057179,3.3189776632018013,0.3090973420085885,0.0468464121512814,7.53152570376772,1.981551093489744
190,"Mo and Wang 2000,C2-1",072c5120-3138-450b-ac08-ecdd34a2b143-007,0.0466781411001597,0.0466669257563508,0.0004040869472652,0.0483555804856967,0.0455974512655533,1.597291979582751,1.035435657942509,0.6126177589725437,0.4992892905585146,0.590029455833899,0.995342043433698,0.5349385911511488,0.7901845546888454,0.0002488820812729,9.584728545858896,0.0709339798823882,0.0076182142552417,8.035101484483963,0.2719939481135611
125,"Galeota et al. 1996, BB",08c9077a-7b4e-451b-ab5d-252ebd59b243-007,0.0601061601570755,0.0599877229553715,0.0029231896083022,0.0713489637465637,0.052142660154895,1.3471982457279743,1.045370962077188,1.000342127040838,0.4398901651914558,0.7994778655060476,0.633506846620973,0.7200335371571328,0.9331899807389996,0.0062330905013842,2.03475509492584,1.753198230879878,0.0103143964436696,8.882645003760668,0.5754881169625077
217,"Paultre and Legeron, 2000, No. 1006040",0c290e62-8ab2-4222-80da-54bb202e3edf-007,0.1023649623810759,0.1021219920383312,0.0025018008216823,0.1134022890510946,0.0963766487442356,0.8413353046563937,1.0859002696134796,0.5624870924240504,0.790662814887359,0.4646941931927796,1.6059299409732524,0.6806955565862841,0.7608087759787139,0.0004954107276437,8.809361282669808,0.7496977208084705,0.0164977330359167,3.896981196138541,1.4519990276634738
15,"Watson and Park 1989, No. 7",20da9607-d3f1-49a2-bcca-ac0ce4d50a25-007,0.1052328895038819,0.1049716646321494,0.0030864364333459,0.1187305943043337,0.0981328516445603,1.830254805567738,0.9523725316655554,1.7636521650936638,0.6200329081790961,0.5638148879405741,2.9887844351997064,0.7198460785279284,0.0799893176640589,0.0044941525940466,0.9947257897126842,0.3162313237526803,0.0075090394901303,1.181590947855414,2.5189896224842694
67,"Sakai et al. 1990, B2",233eb374-2ebf-4f37-82e7-f7efb100a6cf-007,0.0590021947834212,0.0588349606146132,0.0026645015390218,0.070738887115333,0.0522190316797479,1.0229835501568558,1.0096324848553793,1.7243070576779056,0.7385854375858193,0.798333625251231,0.7700181897876277,0.5556353802771847,0.8709972487174611,0.0005084289498875,0.7104684244357895,1.9766279192879683,0.0036506427756608,2.685415733407115,1.002598793844664
32,"Ohno and Nishioka 1984, L3",2bc42c69-0ff8-433b-b5b5-68350caf503c-007,0.0767247051811901,0.0765461903402713,0.0016941571288356,0.0828670832022212,0.0732854226621479,1.5755163109314072,1.0560353230397308,0.8990775873574912,0.3872924297596598,0.4846664076832557,0.2019686342991489,1.5429501096489349,0.9732000685241068,0.002217803436364,4.026575745416448,0.3740796681703691,0.0018796939624437,3.571501011707076,0.3848346130928081
149,"Xiao and Martirossyan 1998, HC4-8L16-T6-0.1P",2c081ff4-795e-407f-997c-4cad6ada1b5b-007,0.0442098159130608,0.0440937884568362,0.0011188939241049,0.049181005966113,0.0413598544220482,0.6430203411119044,1.0763421428099895,0.5921963583510197,0.3881774960097834,0.1587897363468838,1.1373398604569218,0.961815047706194,0.5014438536509545,0.0032630484501937,5.142370823265931,0.1933954764096131,0.0077077668750429,2.8492882755017663,0.2193459852635575
100,"Umehara and Jirsa 1982, 2CUS",43e533ce-5dd6-4862-99ea-18ea5f91c16f-007,0.0482452929865052,0.0481944496310392,0.0019764203784951,0.0563676859213197,0.0407037568546198,0.1026364931761342,0.9866710262155276,1.865891931081039,0.1222418268706055,0.1937458439935496,8.460896849913548,5.791536457273459,0.9641740428505756,0.0003883349101739,1.756207020911247,0.2599455234322833,0.0381804905461517,1.2195242029695224,0.8635208552830391
216,"Paultre and Legeron, 2000, No. 1006025",554fb741-8fec-41fb-a3b3-a815a3d41ec0-007,0.1223970959047316,0.1223246031448591,0.0014663058176074,0.1263725800540355,0.1190970246904364,0.7466220879453893,1.0453796593550009,0.988276153341227,0.6655604682579161,0.4037402492968018,1.6975337804445498,0.0523090527643285,0.5379936016006966,0.0007448767707594,2.2626426642521067,0.3705628072089032,0.0117727677096147,2.018632581090918,1.6288667406013502
337,"Arakawa et al. 1988, No. 20",581716bb-f57a-4f36-8893-928bdeac0075-007,0.0356303252698383,0.0354075899744915,0.0013060223404442,0.0424294256811092,0.0331412439599835,0.3247262698753698,1.008331242728946,0.9082596898494688,0.3242878891589268,0.3010153243946487,0.7995504936506601,0.1925180774762552,0.6303062782307233,1.6780334601483943e-05,2.750258272598824,0.3869891036077016,0.000283446144271,2.477857155558938,2.2659146731480586
155,"Sugano 1996, UC20L",5944fcdd-0c4e-4287-a00d-b9a768e6d4f3-007,0.029552681851395,0.0294182909141118,0.0009206816674047,0.0356840148774091,0.0277808715342531,1.221259153742554,1.0952493136055848,0.7459157951671469,0.719684844150796,0.4180066656859784,0.9269070538884608,1.4921246319122392,0.6926196709207587,0.0003111025230847,0.5153835808366745,0.9124565244910976,0.0049249920106365,2.409405666243217,1.0773596316931664
335,"Arakawa et al. 1988, No. 18",621dd5ea-56bb-4c57-a6e0-2e59634e4800-007,0.0431173199125876,0.0428115035906603,0.0021435548216985,0.053000593027228,0.0383513032500054,0.503012170615528,1.0877340574945258,1.0289571939474338,0.1498008149604081,0.249108163893148,6.580665296706892,7.333402074644045,0.4543463388847023,9.256259096111872e-05,0.2958067161057675,0.5206142716393899,0.0423931219358633,2.696717886015268,2.502139576173482
398,"Soderstrom 2001,C4",64465d43-32dc-475d-9ebb-57664ffe0ea0-007,0.0590069122061166,0.0589525575945448,0.0006409211111468,0.0612621741135842,0.0575172583921031,0.4494203047846624,1.0230927749922567,1.774206407630257,0.3348761512109091,0.4450791278487102,0.5467182743593939,3.006413903942691,0.973605613312982,8.306221009279165e-08,1.367255688961609,0.3870040963208067,0.0008017291431402,7.703395830398765,4.97485864193798
396,"Soderstrom 2001,C2",665e95a4-9313-481e-8035-179b27d87356-007,0.0595254267398651,0.059402388958025,0.0006805934510892,0.0635643521471544,0.0583000176928893,1.1049628678994956,1.081475925921174,0.8948218952593264,0.4275717729989753,0.5760582808259262,1.1112820198651872,0.6044560842434608,0.9466662638147788,0.0001482072492853,8.398611513133988,0.4739218754724624,0.0025042572421185,6.3763486132371066,0.2291969220104831
306,"NIST, Full Scale Flexure",66d2fcd1-12b5-4775-81c9-552127619c6b-007,0.0639736715838829,0.0638580124989702,0.0016592217512715,0.0709796833917408,0.0581543702715537,0.6172509534414602,1.0541596088514007,1.967701525724392,0.3576382595185139,0.6674739788233464,1.2401422485637377,0.5290074850262757,0.852892775126424,0.0009695449775159,9.42844061982251,0.6355713602763944,0.0036791271182755,7.091073354811787,0.5866859865835835
145,"Xiao and Martirossyan 1998, HC4-8L19-T10-0.1P",68c798d2-b6d1-4e58-ab64-2f903b5c4cf3-007,0.0353489364122782,0.035286610295217,0.0006062189075641,0.0377368242642401,0.0340702212574437,0.954456358785576,0.9759317656094544,0.5359976905144809,0.4463956811477476,0.3830976353586661,1.075064815490499,0.975395670099824,0.776160738358974,0.0002397623303834,8.879860207124212,0.1464151106570509,0.0034331877517063,5.735440005034452,0.2401500245617661
302,"Petrovsky and Ristic 1984, M2E2",6d18ffc0-0bfb-4b73-bb12-de8a601d0572-007,0.1296816090488186,0.1294984632663435,0.0013756742435292,0.135609514515464,0.1266161702497015,1.2873907289717734,0.9825983960840292,1.71603008296794,0.3610768131815175,0.3809705877203794,0.5424905793367898,0.5229924237691193,0.67775437285099,1.6822199871095907e-05,9.787301578284293,0.0870896118947752,0.001323565811885,3.797574565920825,0.7463137207908248
169,"Saatcioglu and Grira 1999, BG-5",797f648c-a212-46d2-b8f9-3e9097cc0517-007,0.0718396741647039,0.0715759270165288,0.0018249172591855,0.0806537312105884,0.067809471806222,0.8451825015444258,1.0125884439708417,1.0591322832611627,0.5761953373119274,0.7246487029078549,2.049444248860468,0.4639399187446432,0.950658954034944,0.0015843768641058,9.67803093875924,0.8277048739297415,0.00228565162516,2.929036204530873,0.9305940035794577
381,"Saatcioglu and Baingo 1999, RC2",833a813c-719f-45d7-8b8f-4ee570b1a4f1-007,0.1084937888172886,0.1082507530134671,0.0014057292482251,0.1170891131780133,0.1061069629023652,1.9539607600226367,0.9884987157848624,1.702832656145321,0.5858081880060412,0.3109296094516927,0.4209490858544519,0.7526895624802388,0.9661280393431918,0.0007073694943599,4.763780950801904,1.5553083705036437,0.0016374909176888,1.197863661769815,1.814856728415608
136,"Wehbe et al. 1998, B2",872fcf07-e82a-4098-80aa-2c90cc295a54-007,0.0405753223027142,0.0403250854282004,0.0015106674351979,0.0479346911095992,0.0378627370277623,0.67292706196239,1.0976810435686892,0.693508829124409,0.4722514803282178,0.4284135821690202,1.69640933060585,0.7440932535533331,0.6448952046162445,2.846390530842149e-05,4.046781304884949,1.979375906499946,0.0048086878647044,2.059928766145922,0.7404289550440292
175,"Matamoros et al. 1999,C10-05N",8ac85901-7a7b-40db-b24d-d6c70e0335d1-007,0.0275746648863393,0.027497305535799,0.0008730644415464,0.0307394754493684,0.0251324156173646,1.2514438877834977,0.9599243463034968,0.7705150909310932,0.4188872744128127,0.3702640084755603,1.4359562903365888,0.7106034399629366,0.6135813667314078,0.0027312882554253,6.004960047747622,0.0738070254178978,0.0105119261953176,9.223829243171116,0.1161402775292292
33,"Ohue et al. 1985, 2D16RS",8e764fcd-bc05-4aa9-a803-709b258de9f1-007,0.0556687344543509,0.0555788963689605,0.0011398899796478,0.0593711966633437,0.0530219942370549,0.9309692527571268,1.044639282470975,1.150894589817366,0.1503787675429224,0.1125300187463292,3.954585605039957,2.482883464889869,0.9968304764650868,0.0019671365591049,1.0516623663064588,0.0556283581716431,0.0110674307757712,3.6277706302571446,0.1912766874732146
195,"Mo and Wang 2000,C3-3",90986716-2300-4a22-a50e-10cb7a3dc388-007,0.271790847630328,0.2717326610303577,0.0005279719256357,0.2765815443612188,0.2717326610303577,0.2107409881617484,1.015401727605424,0.6964988376419123,0.5808533133073502,0.6470791161177973,8.015617418883991,5.606749273178601,0.7189371587097194,0.0068772658735464,4.958642703937446,0.2695380138146647,0.0025511305604597,1.7278153783010604,2.161451738768225
204,"Thomsen and Wallace 1994, B2",95463e15-4650-42e1-89b9-39701e6b0784-007,0.2100047810316882,0.2099971993081938,0.0015700878811333,0.2153039272580773,0.206271827733697,0.6413922810516874,0.9710999392629736,1.9190625579478355,0.5581108811628284,0.8198196434302397,4.294452735935142,0.2309542133557491,0.9060411319374864,0.0011773517063644,2.5416202483088406,0.0870152970930482,0.0005617698374747,1.1336176151452655,3.2251648017555787
322,"Arakawa et al. 1987, No. 3",a2f27e78-d1b0-4bb3-a104-5316ffe2abc4-007,0.0371215174389972,0.0368268972806702,0.0016636131495006,0.0462923229333531,0.0340942697947145,0.4104230515391233,0.9868025363161153,1.5258045785688088,0.3702118685019353,0.1249888263259987,4.77850460155045,3.586847343208229,0.7409393944050593,0.0001001063502283,1.1285568536817534,0.8897005246387016,0.0068452659637492,5.5376799009382855,3.663055683105394
191,"Mo and Wang 2000,C2-2",abab6519-de21-4972-896e-f38d54ed5101-007,0.0736558697811892,0.0736011041315604,0.0009075671990195,0.0763332094239593,0.0712327604751108,0.2812699261323683,1.03393689860723,0.6458811426182796,0.4253794262442314,0.5378653199110973,1.4890709465854617,0.7651064742165055,0.9363916044175656,4.476055817836203e-05,8.336263629202861,1.0968862685961331,0.0007563254442819,3.006557900385571,1.909760924073736
105,"Saatcioglu and Ozcebe 1989, U3",b131d3d1-eca3-4cc0-990c-87cce0b5f413-007,0.0695365537144857,0.069189888624776,0.0021945548420914,0.0774217041589181,0.0646367716228354,1.6247221350553265,1.089908215129849,0.7008542938790658,0.320070763544295,0.3765965010227406,0.3661747238993357,1.0589825424383372,0.7472366178900269,0.0021917667568563,5.096230625091052,0.5122958738870848,0.0459841831758845,2.349825238394448,0.272828145270063
331,"Arakawa et al. 1987, No. 14",be6f7892-7c5d-4908-b3fc-59510cdbecaf-007,0.0558849031105269,0.0556749752417444,0.0013954077403577,0.062091514221115,0.0532623982322106,0.2979796911517156,1.0841091619113323,0.8789180867818175,0.2678203729522357,0.0867201805592852,2.8994085533931204,0.2298288640706463,0.7539730498367962,6.76683823347657e-06,3.605178412980507,0.0734669846160826,0.0054235107641387,2.3217674869013027,2.853568700809313
168,"Saatcioglu and Grira 1999, BG-4",c267b521-dede-4586-8cb5-75bdbb85cbcf-007,0.0714408644861206,0.0712434421449332,0.0016390605683574,0.0779689122105755,0.0677063744213013,0.9143318878650036,1.0239055083258135,1.9296620996874927,0.5723200603159245,0.7455335273694903,1.7294276131663926,0.1237871737981172,0.8340771468008091,4.242578368419286e-05,4.612342097438362,1.9518789701381845,0.0105279950487662,1.7727437420275975,0.8609397241291692
315,"BRI No. 3 (Japan), ws21bs",c7b6b1db-1e77-4083-8b82-6625ae6dae89-007,0.0822669558873436,0.0822669558873436,0.0,0.0822669558873436,0.0822669558873436,0.8273556319440788,1.0604170633690102,0.9906566632864412,0.5374153577673362,0.8798731264096318,6.894422047998457,6.156011530186368,0.6344250818142442,0.0015031353957876,0.1595094611209423,0.832831633094404,0.0033519491255026,4.674106972973815,3.1688452401837983
24,"Tanaka and Park 1990, No. 7",d0a161b4-3e6c-4d94-bdb0-5d34d9c5c920-007,0.0437370207170614,0.0436014802180868,0.0018673588691849,0.0523591940986242,0.0397175586578849,0.912975034575852,0.9974748524028926,1.4289980661617565,0.4658891586906991,0.3397632456488471,0.115654329640495,1.2036467668133988,0.9987422250440476,0.0030679143380616,0.8858486604837222,1.876922896102997,0.0023100173888437,3.945071423799983,0.6387797013041816
283,"Ang et al. 1985, No. 17",d3284470-ee39-41da-bb70-6710cf59a02b-007,0.0462373848512924,0.0461050680214969,0.0006786352505329,0.0504710331277784,0.0448857861290172,0.2760414872955506,1.0993411187284012,1.0333296859220074,0.1315579673606745,0.0895659937038971,5.7612650375018655,6.753152109231377,0.965331083036432,3.7128527851951054e-05,1.670766560066335,0.3784846441808955,0.0053109991656709,1.85435768849603,2.0370773100290216
205,"Thomsen and Wallace 1994, B3",dd3216db-8ad7-4bf6-97bd-4b4e187d4876-007,0.1817654059903832,0.1817654059903832,2.775557561562892e-17,0.1817654059903832,0.1817654059903832,0.7096546475717839,0.9619468448060372,1.7264843755180452,0.321872557864139,0.3654637667040975,4.656473141350991,5.127742393222643,0.457184519438556,0.0161458629665793,6.096370215612166,1.153096801791518,0.0154103020430878,5.533405489094589,2.479083240621549
201,"Thomsen and Wallace 1994, A1",e4b9bd16-c8b9-437d-916a-0f323b3dfe66-007,0.0609581545938005,0.0608981557940977,0.00078136926401,0.0642797606136395,0.0590836757132152,1.5221517947752647,1.001849464071226,1.7350037718594742,0.3681767055742326,0.4759202967239614,0.5094781864881862,0.3615972628627995,0.937303602699334,0.0186351115603431,8.780485172926015,0.2877733529778022,0.0033148691615211,4.719083496418163,0.2946728294795478
208,"Thomsen and Wallace 1994, C3",e562a191-5349-4931-8f80-4be7cb53580b-007,0.0832320423373987,0.082575599580216,0.0024719881656886,0.094783425775679,0.0791265974143685,0.9160912100962204,1.0749869627681254,1.207383660384284,0.2562972779233257,0.0497511582372149,1.268886097298216,1.0535907808198,0.5605181717622003,0.0007124683969646,9.970535977183168,1.89451479105786,0.0085610497303464,1.521472392242918,1.79610072421281
366,"Kowalsky et al. 1996, FL1",fef14f78-eefc-4147-9e0a-e90b47d4a47e-007,0.1280981340024085,0.1280820075880987,0.0014519048449587,0.1332096382243819,0.1248393086603429,0.6456309230084156,1.078891942791139,0.5207692172814197,0.4907874181954315,0.6877430706343479,2.690319406429789,1.1575242570604554,0.8124770971205051,0.0011216594150828,8.694127488168677,1.6845948165396494,0.0013355016108522,1.38398585383113,2.376932580570724
128,"Galeota et al. 1996, BB4B",00095739-6143-4dd8-b827-59444c4d2f2c-007,0.0518366624609525,0.0514315428491504,0.0026097562401199,0.0612128973962447,0.0474898363904574,0.6857613155768004,0.9810971004118186,1.131721780446956,0.422595749589733,0.6515876998931437,0.8710937566278752,0.9731479993235316,0.6732664609272847,0.0225708529787096,1.7121263499288384,1.8787414248746908,0.0092240107139944,5.03588454488969,1.105063207240613
353,"Kunnath et al. 1997, A9",01eb93b4-38fd-42cf-9710-050bacbc8891-007,0.058303730165818,0.0581741484818847,0.0005850049872805,0.0605127266454199,0.0573521105074668,0.4759036211374368,0.9050795476613176,1.9384726522448128,0.1820549708608848,0.7500280757006241,3.782844480309197,2.2093077045543383,0.6590909445839522,0.0192101518758732,1.6394515166976928,0.1422864584471939,0.0024367858687995,2.995936217743212,1.214463705544472
20,"Tanaka and Park 1990, No. 3",01f15b68-2093-428e-b9ef-f581de46305e-007,0.0696536781494588,0.0691878646282849,0.0030164273682543,0.0816201784054577,0.0634507845718072,1.2910557064746406,1.0642110761599852,1.2224988720877916,0.5434666459311496,0.4941769793724164,1.3830292428085993,0.1128727724163352,0.7546823087915124,0.0014668756639462,4.026541220855891,0.7987227338747297,0.0130494509438249,2.996906689305089,0.7489716866208443
173,"Saatcioglu and Grira 1999, BG-9",1bc9af5a-b102-4c7e-aa1d-faf64d4b0f47-007,0.0406860606539953,0.0406196409985561,0.0006766511661887,0.0429870965194972,0.0390653153989533,1.927292800444803,1.0065128962295733,1.9417510876974715,0.6344885074008134,0.5835090753075673,1.2536983668842256,0.6941991395561706,0.9426826634702296,6.249835032933918e-05,6.515311670608986,0.0453731879559663,0.0021892788230696,2.908018283918551,1.3302867330419843
186,"Matamoros et al. 1999,C5-40S",2352f9bc-1d86-4f7e-86ad-a422c56747a9-007,0.0277342668984539,0.0275470011093457,0.0013143978857305,0.0322635534298904,0.0254095457835614,1.1681873006065562,0.9818342447888556,1.5503639802140865,0.6142643674552561,0.4443419956632488,1.1332990640123577,0.6735169242730302,0.7055261064759999,0.0278743323649547,2.313609568075496,1.1763825967992427,0.0267960645850039,8.00861686224325,0.2910095032460351
61,"Muguruma et al. 1989, BH-1",26148258-ab33-473a-b610-5b2be7d50d69-007,0.0314586978067921,0.031403298535773,0.0013135640277765,0.0359022255660683,0.0286504399423566,0.8851293464800887,0.94691395621049,1.3672711891721965,0.6926134516562177,0.8592097062692523,2.557884203320914,1.054613318106745,0.5348909251174165,0.0037136164729076,0.3588014912736634,0.5394308005827689,0.0006113196887174,2.33821202105978,1.140842203267463
369,"Lehman et al. 1998, 415",28e5d2e1-9e5e-468c-8931-6f51b69a47f6-007,0.0737919001619831,0.0735671501590477,0.0014569029736686,0.0785996800443311,0.0707720701644931,0.965517045643898,1.0855662583112526,0.5505878975311085,0.3394169366767455,0.4288325339357809,1.3076651869385492,0.4789409656492491,0.6075735953297418,0.0049517593230801,7.952572889421669,1.6812475251775705,0.0162901547917637,4.186512987744451,0.4392812500591998
165,"Saatcioglu and Grira 1999, BG-1",2935819f-d939-463a-a5a1-3e2485358849-007,0.0796586573877051,0.0794087732730315,0.0018944094307927,0.0874804200181252,0.0758232055306138,1.3974368046171266,1.0482555923869057,1.6911535822756476,0.354647389720175,0.1232846435503315,0.0180119182689427,0.7851549980967013,0.6861489933644364,0.0078179318663897,4.793781876007468,0.0705341757485912,0.0143227382308371,1.6459506677933766,2.199277013626841
108,"Saatcioglu and Ozcebe 1989, U7",2e467baa-d07e-4915-bec0-9dd419212fc9-007,0.0441861089063559,0.0440408786139281,0.0011906408081473,0.0521838497892638,0.0424911315651679,0.325002398607656,0.9411271947152424,1.366393546036097,0.4843499121253895,0.576737764234801,1.772556318643384,0.1358208772358987,0.6434567343892996,0.0002634684842204,6.656053766083088,0.4240866491417138,0.0008133069674398,1.901733067147513,0.7725104146486405
82,"Wight and Sozen 1973, No. 40.067(East)",443dd2ab-efeb-4f00-84d3-81000fefccc9-007,0.0520535993286656,0.0518147221292169,0.0015443797343766,0.0584804176633943,0.0484203546407102,0.3380568648332464,0.92774747374496,1.605257534270126,0.3112535186040933,0.2909478587821,0.5304786047476429,1.4152763746415609,0.8451879422691182,0.0038999856398034,2.198188759281075,1.5561639833696557,0.0003139128292117,2.062600252466071,0.4246251590048915
313,"NIST, Model N6",47b5207b-1839-44b4-9ca1-25e9aa919a04-007,0.0611947560574283,0.0609186637043253,0.0011234916415767,0.064488626237887,0.0588952212883699,1.8579368464842727,1.0274642634448568,1.9290936854134784,0.1544664973308362,0.298376426469896,3.951607358193613,4.111719732669302,0.9976504753003136,0.0107197860670504,2.082320554975861,0.0116419988712875,0.0053086286830275,2.144194847273957,0.6578322939318959
333,"Arakawa et al. 1988, No. 16",48b4aedf-1c17-4d64-b392-f356ad5eaf39-007,0.0956263775519569,0.0935497954510273,0.0032694351526399,0.109915294227467,0.0916130561291675,0.2023868786778152,0.9834456438272716,1.4928314833829834,0.064783164215034,0.1683666590656832,9.250414416372166,1.5595156715256535,0.9143399500904944,0.0415366678049618,6.288569582153442,0.9333151821814728,0.0069480886969159,3.889811376490976,0.6517755597154227
305,"Lim et al. 1990, Con3",5b75e027-7737-4a5a-a788-1709ed17169f-007,0.072327584422209,0.0720208473787336,0.001716274650966,0.0776162245331054,0.0687328720285904,1.1723920677337742,0.9233319736977408,1.9126122712879183,0.243605187046089,0.5879382165534116,1.237058580976144,0.4378148547985179,0.4610841014110451,0.0001958234293478,7.198435959884971,1.7410808740358612,0.0022289560074549,6.713586501190731,0.3818229288217695
112,"Galeota et al. 1996, AA4",5d7eee0b-b0e8-435b-aa5d-283489663f30-007,0.0619358642949393,0.0612346104268673,0.0038031280997276,0.0739426265451033,0.0542273519051422,0.4993394480013867,1.063283655765437,1.2088624675252095,0.5120834362565115,0.6133645501185825,3.273980526164177,0.8704628405509109,0.8029144191331172,0.000277805298221,3.333349903898626,1.608733253342726,0.0424116020822692,1.5458736531169286,3.577043155481728
98,"Umehara and Jirsa 1982, CUS",5e830713-570f-4aed-a87c-9a019655eebc-007,0.1509587508045211,0.1509587508045211,0.0,0.1509587508045211,0.1509587508045211,0.1752163761628602,1.0812414244209845,0.7356618830801754,0.6789301024770587,0.0323338375178565,2.826991806735202,8.19198944894327,0.411316226117874,0.0021062112104899,8.611010604881956,1.100926626972624,0.0310774456112736,8.142461172818338,0.7453082280451336
276,"Ang et al. 1985, No. 10",5efe76cf-fe52-4c57-b694-2cdd4bed65c5-007,0.0608330008771323,0.0606696715654218,0.0026303608250162,0.0695826530893782,0.0546654937912658,1.6151121757592133,0.937433397145964,1.467600904198761,0.1987475122662083,0.3630542591151203,2.227369962846507,0.8534938516744857,0.895181533817508,0.0242322503963712,3.79103615839045,0.0763528361192305,0.0007416500347887,6.298576448397983,0.1560416146595834
237,"Pujol 2002, No. 20-3-3N",65e23b71-c06e-4417-8680-50466f9f845a-007,0.0273052605196047,0.0270849978437743,0.0014471393147596,0.0323192566587118,0.0244075877977859,0.5427156522871862,0.906688497799044,1.9096551896770857,0.2615349877828342,0.2462391701105695,4.017319425170951,7.6441061508487,0.6806171448264632,0.0103210191803567,1.70161939793437,0.2212583491781776,0.0015202311227143,2.506110079082101,1.025944866257286
319,"BRI No. 3 (Japan), ws27bs",6a1e9517-a264-4b2d-be85-3c8d67f3b118-007,0.0364072823465099,0.0363641775436118,0.0004405509403025,0.0381291172683054,0.0354886792927069,0.2652910518224749,1.0590712422058888,1.8561210945199489,0.2501676374129705,0.1051656651515829,2.883639814173969,2.3684645616690907,0.7181294131867942,0.0001474945067772,3.774959864195607,0.0767348298315267,0.0009441508022124,1.6969668960054871,1.6013434300652791
282,"Ang et al. 1985, No. 16",8805c455-16a6-402b-b094-1b2759549630-007,0.0543236421821083,0.0542105308710187,0.0012109266542834,0.0603763177913489,0.0519804995265541,0.3942437098618856,1.0818659367200414,1.0124090399921168,0.1563314953061762,0.10618742515294,1.7080479281059342,2.0687495241364147,0.959953465260274,0.0003128329655146,2.3266458645960526,0.3035013593088701,0.0429645317201367,3.1514753773032167,0.4355028768885735
344,"Arakawa et al. 1988, No. 27",8b4d9c9c-8a9b-4336-a7c8-8843469b5bdd-007,0.0558301447742957,0.0556955740959985,0.0015329250089134,0.0614402757227731,0.0526255987709291,1.7022256376335303,1.09644595324983,0.5477295520162818,0.176379640819396,0.1153346429074213,1.762138133669684,2.9568796303446097,0.9909390710257544,0.0012561134309294,1.46962296670408,0.7924527793352081,0.0409505568951155,2.899452421838489,0.5726822126086136
299,"Petrovski and Ristic 1984, M1E1",b25cf496-13f1-46ea-8d2a-0b8500e9ab78-007,0.0918782803475852,0.0916819179241515,0.0011740428123326,0.0954539873457787,0.0897366213164365,1.7416788530755645,1.0556095576132547,1.6776787468583845,0.4250603109925297,0.5961088431443599,0.3274617376255517,0.7187061709672284,0.7176565698014173,0.0043693442355667,3.5297351483098725,0.0352802851699624,0.0060393482063107,1.6969706736666994,0.8168558852962394
57,"Muguruma et al. 1989, AH-1",c07b40a2-84c5-4ee9-b2a9-f61af31649d3-007,0.0334426280323277,0.0333316919879098,0.001180343877312,0.0369022610742297,0.0300815865737964,0.8608815259022744,0.979728538156314,1.6510582754243304,0.3607711077010805,0.0192202073961311,0.3754428003456682,2.246219922230339,0.4905651689184993,0.0038293167718338,0.6400076484317421,0.1041440791431717,0.0004613780784743,1.8291424057026693,2.233458346834712
221,"Paultre et al., 2001, No. 806040",cf005892-7f82-4f90-ae95-cf3ad91ece89-007,0.0549257440445687,0.0547690600784077,0.0014984194375517,0.0695974281835207,0.0527230444193326,1.4920501031571585,1.004206147749284,0.5814816764899543,0.90991566085341,0.5609942012096772,1.5057065790227528,1.071886779799148,0.969336993466615,0.0009152618083786,3.492951335150441,0.5346109748543344,0.0036141124010943,5.271211006952317,1.6090617695155935
368,"Kowalsky et al. 1996, FL3",d0a65402-9963-4da8-a3d1-d5b52039b2f0-007,0.073347241821842,0.0732809048129612,0.0007110573788661,0.0756331930639256,0.0718281336825852,0.8987430870762835,1.0853387577800295,1.907911268244378,0.4493325142536965,0.5497959716872867,1.3810545436259218,0.8658878594783594,0.8256663113982379,0.0018110780094931,8.744185357302099,0.4353266137350748,0.0017327106143157,8.909962640405885,2.0326342627083607
397,"Soderstrom 2001,C3",f22d0c30-7093-4b60-b60e-04703c0de64a-007,0.0467004179048194,0.0466677362604134,0.0003930648816077,0.0477094137290082,0.045927509949895,0.8892110348362766,0.9290972901492348,1.190793603022331,0.2582906446062506,0.2215258363133834,0.7716292450902712,1.4400008484948252,0.9526032656791978,9.675221376017677e-05,3.5490548113228875,0.213465919248968,0.0011145788674906,4.514414039843852,0.4259530187848849
148,"Xiao and Martirossyan 1998, HC4-8L16-T10-0.2P",05371f66-b7ca-4cdb-8b59-da0c3df1e040-007,0.0516309580264886,0.0516868574067581,0.0009490213939681,0.0559999430565828,0.0489954819170205,0.8658282316731466,1.0271804149518544,0.5419851961295442,0.601770757280804,0.2186364501380475,1.4577358667797111,0.614312026799482,0.6144049767172409,0.0009970220553815,6.850929279743072,0.4484838947373576,0.0054685931575056,2.447234327120249,0.2827421152911502
387,"Saatcioglu and Baingo 1999, RC9",05a79eb4-922a-4ffa-90a6-9d01ad986fd1-007,0.0871549162418183,0.0867862343262031,0.0016264587818791,0.0927418925538373,0.0845537583349699,1.27717652487881,0.9770733395187164,1.845267938251688,0.6856654202417505,0.6297925077970549,1.6500679876575202,0.7790718136687483,0.9481172575799988,0.0001152457456135,4.9612017168940366,1.2347211813380687,0.0003283872106111,1.504958396051097,3.5975151746966296
1,"Gill et al. 1979, No. 1",08db691f-c14c-43ee-98c4-74a13c147cee-007,0.0604065001634615,0.0600319714990747,0.0022032632680257,0.0693438213104174,0.0558296404960011,0.8601177847964304,1.010046791002169,1.4164208833847882,0.5778336154489968,0.3217503251589071,1.312376404876353,0.8096294184018394,0.7955944813681359,0.0005277317849372,4.145051199707543,1.2244754093453487,0.0023478326721112,3.7724033308106217,0.6185370975562479
83,"Wight and Sozen 1973, No. 40.067(West)",095c2edd-b01e-41d0-bb7a-556c8cb1f2de-007,0.0503263476035174,0.0500981651684845,0.002082672317412,0.056996895322407,0.0460626169555342,0.8384510250421113,1.0955682535778857,0.7384591783307098,0.296436781575968,0.1180539949082614,0.8946883622951967,1.2249315598070474,0.3792537342021198,0.013133452367129,1.7344299153007,0.0609354576178739,0.0080570062803826,1.0827227318163335,0.3165968323504584
246,"Bechtoula, Kono, Arai and Watanabe, 2002, L1N60",0d2236cd-a062-43a9-aab6-1d00fdaa6618-007,0.0798620430902068,0.0796624144474462,0.0028032344890977,0.0883219516674401,0.0734163537830399,0.972468226817396,0.9356217159042354,1.212657384016564,0.1566881601513829,0.5285173259722885,2.216426523790344,0.8925711317527444,0.2653952621159651,0.0059740267033061,0.5708689366289963,1.112879487989104,0.0002578730057291,1.6040402470241186,1.4798689540647203
303,"Lim et al. 1990, Con1",0e3f14c2-0f3f-44a0-aa8c-666fd1f64e64-007,0.0977884498989667,0.0976812514549669,0.0013465518420036,0.1037276308757565,0.0950207062590305,0.6489978457988207,1.006020063009753,1.7290723402533177,0.1436114296181574,0.3790585927278633,9.425540317480888,2.8686983941360285,0.7652110273477962,0.0031613561856634,8.213949973802452,0.0155532627481548,0.0241143024821064,1.2551848259952183,0.5837646128612227
334,"Arakawa et al. 1988, No. 17",1434df1a-ad09-4c47-b6dc-29df7ca80162-007,0.0540871433841598,0.0539197305241615,0.0023800575693787,0.0627612684293442,0.0486059194317855,0.2424427862426146,1.0532458134048248,0.92880689710937,0.3826120556912608,0.145950746346338,4.550894892264787,0.2641214971776768,0.9857581395653572,0.0001455819803532,9.618872654786612,1.6717971133205416,0.0031589466675206,3.1245749656800106,4.25198087466086
298,"Wong et al. 1990, No. 3",15e027e2-baa5-4998-9a81-8482ebafd5f2-007,0.0427760198536326,0.042703683040696,0.0006025197600667,0.0451024573401403,0.0417016341933673,1.2831639050046266,1.085752407356006,1.4312080455850082,0.4787218091166534,0.1526496869060169,8.68437882889259,1.0646121396994397,0.7212399990399398,0.0005416860560443,0.3400612269272515,0.0378965545538401,0.0030761854121685,2.3299188077643618,0.714715152209087
6,"Ang et al. 1981, No. 4",15fd73c6-0aee-45c7-aa4f-3f7c9ad278b5-007,0.0492625755168957,0.0490703167611781,0.0014676400774033,0.0540818454734969,0.046486761650914,0.8088811856111812,0.9682169401014468,1.9965030706265297,0.3520402548779301,0.5243661349990953,0.4071323622638229,1.5386324796855355,0.8523413830768379,0.0001290376616673,0.8596598818590235,1.2515390040204486,0.0019843237770222,3.162816946509665,1.1869168238895813
118,"Galeota et al. 1996, CA2",1fcf14e2-4df4-4af0-bdab-0ccb2a158ab6-007,0.0466711205093142,0.0464808633399952,0.0018222119481718,0.0555743702052315,0.0429871783095061,1.1225572923660592,1.0057485176743752,1.3549010402035722,0.7254139188515335,0.8113362515697058,1.212950528493731,1.169416819537897,0.8320214003715142,0.0047651440174483,2.1555449815502783,0.5632804750409283,0.0139900915019115,9.679905562109228,0.7500338856633298
104,"Saatcioglu and Ozcebe 1989, U1",20861a22-910b-4b4e-93fb-053beca13ac4-007,0.0792185983715079,0.0792603229459868,0.0019969841315243,0.0866947173236245,0.0738247906053701,1.8567642310093864,0.9889834207263378,1.339218361547334,0.1978358481005281,0.3050021222527564,0.1281786477067991,0.0956288710346046,0.4487911453987555,0.0020103204977531,1.5261914192728794,1.060235457573842,0.0479634041670787,4.909854402909522,0.2628402841067063
220,"Paultre and Legeron, 2000, No. 10013040",2aca2172-ae0a-4995-83fb-00e4c3dee22e-007,0.0595754129107463,0.0592061192470862,0.0029135812420149,0.0707164321289737,0.0527347092667633,1.1810567144170745,0.9260099235098388,1.4125229284945695,0.5509969825384251,0.0288780716902554,2.460636775344505,0.4170017244758266,0.5344983346077279,0.0097889493327399,3.903056997897429,0.3923926240800638,0.0316302800610039,3.508001282804282,2.5149606411720327
318,"BRI No. 3 (Japan), ws26bs",2c402075-34ca-4ea6-b567-62e8a1036dd5-007,0.078469108839104,0.0782270614100816,0.0012461343371249,0.0811673553402649,0.076188515952611,1.958499913055036,0.9243995222142016,1.6633716692376157,0.6092313739087983,0.928912814691444,8.95614259051278,0.6719705516982037,0.9956467299993104,0.0485540277183344,0.5170643230803182,0.011452644894588,0.006712212996479,3.586371270598872,0.2837725733773245
289,"Ang et al. 1985, No. 23",2de73385-d434-4a9b-ae09-bd6cc786beab-007,0.0672647719727765,0.0671344459286028,0.0014242885832151,0.0709963374215467,0.0636188356129563,0.5013438905401992,1.0466676387239875,0.9187078048465424,0.1953822797154862,0.1660991503243822,1.5605273807063655,1.207274398411842,0.9058614248496912,0.0078928261648433,7.874983108869682,1.0436698229482435,0.0470345337669235,5.56368425750037,0.2547541502637889
119,"Galeota et al. 1996, CA3",39a1cdcb-0b51-4d01-8d10-9ca6323e7034-007,0.0696235509783084,0.0690112426568279,0.0021025445382241,0.0795709798285135,0.0665443302319898,1.6219256290415542,1.0406138243591465,0.626351514163415,0.5773150340644007,0.3807278710855182,1.4634200786917728,0.5652296574882022,0.5144954931743774,0.0011462245386574,2.87913827675566,0.189236288938794,0.0280324672993358,6.927614484071244,0.795075126891024
288,"Ang et al. 1985, No. 22",3cbcbe2c-7558-4cbd-a482-11cfaedacb42-007,0.0508954098940903,0.0509924106200825,0.0015721585438556,0.0556257138689039,0.0475387774982223,0.2032871731400453,1.0274134730225968,1.4024836335465476,0.176203653995586,0.0934407795890403,3.0559860527355367,0.7837242563662424,0.7948666376552928,5.211205548228245e-05,8.3204462565612,1.1807967256209189,0.0217671045720675,1.2557163779236542,0.7788933073203658
172,"Saatcioglu and Grira 1999, BG-8",40267dcb-be3d-4295-b33e-f047ec7563bf-007,0.0363419069882619,0.036244516829907,0.0008054662719866,0.0393443845568198,0.0347501783912422,1.4336926541030477,1.028677195347432,1.894916517386932,0.525438401545463,0.5435061418487366,1.188800452758661,0.7778939943629974,0.8409102845477013,0.0005613452801518,5.857905545372735,0.5377323758167047,0.003925874106481,4.276600076807769,0.5630496479191032
21,"Tanaka and Park 1990, No. 4",42a2112a-a353-4c80-b411-1fc8f8456f4b-007,0.0586459730678631,0.0583263890964256,0.0015499379844922,0.0650183833985014,0.055437275695495,0.7622824606694739,1.000750935353675,1.873759688374637,0.4677284205530364,0.6818732119119223,1.5374494885845056,0.9298066427228132,0.9097903530956454,0.0001631427512888,2.1547303829502344,0.9327192877102374,0.0014858363832165,3.030182068717656,0.6858069091188352
329,"Arakawa et al. 1987, No. 12",494855be-b0c4-4530-b02f-52f831fbff6d-007,0.0633155769320114,0.0631034353515303,0.0018567545625029,0.0702627347420828,0.059921423397685,1.9837369850975304,1.016416886582283,1.364907254310505,0.2409836224376019,0.1967300833445176,1.9762123649418069,3.333125317705997,0.8806176059871467,8.953873897869416e-05,1.3004173091451143,0.4341764448801395,0.0471133756855056,7.554133320961697,0.4174603218820902
95,"Atalay and Penzien 1975, No. 10",4f18ae5e-e6d8-4fc9-91da-0b35c31f45d5-007,0.0481391060559047,0.0480626385902708,0.0009267041295526,0.0512663686184793,0.0464804960096075,1.118429720916926,1.0797808353911802,1.1035136819908664,0.6624882431266689,0.429744814071808,1.2356965491629597,0.2663807498730202,0.6718905372561066,0.0012067094015877,8.085945009668288,1.3222052307303802,0.0208300125487786,7.983382148167422,0.748924766857536
363,"Vu et al. 1998, NH4",4fe4d7b9-ca65-4444-bba9-7e335d2ec60e-007,0.0427203850387468,0.042612354996144,0.0006880510800439,0.045877596088573,0.0409957196515003,1.2622532239084,1.0776243510451653,1.8029779518955724,0.4089447135707802,0.5591957016770115,0.4877402720925243,0.4642109825401565,0.9527826987968896,0.0009254045036983,5.561157655371601,1.6885462069592625,0.0050546468005148,3.5875190583829006,0.3892229276034605
102,"Azizinamini et al. 1988, NC-2",531e0646-38fa-4b75-9563-ba2b6c53fbb8-007,0.0554139414882425,0.0553302941893305,0.0012701785409853,0.0606769622049264,0.0530640256228173,0.5107874698037683,1.0509925332521677,1.143269695981713,0.6004986844399176,0.6041732464874814,1.470589049082068,0.2733363112635484,0.838345683653881,0.0013731015194923,6.524765772164863,0.0134496059955127,0.0061618941396549,6.678031550638353,0.6930261007795282
266,"Potangaroa et al. 1979, No. 5B",5524b2aa-0c0c-4fed-b45e-d66debc2cf3a-007,0.0496460458154447,0.0491164419682775,0.0028517430280159,0.0633586494155907,0.0451486710275655,1.5252849826803216,0.9542945756817844,1.912632880561228,0.3430954472518485,0.1351318193319285,1.38537773156946,4.291493140082361,0.7697487389958444,0.0170598496813433,5.043173903345013,1.98119707719812,0.0092507930394275,1.8099863293421776,0.3581902827443479
226,"Paultre et al., 2001, No. 1006052",552ac52a-53c1-4c89-80fc-52bb122e5269-007,0.0861406939183379,0.0853425478487873,0.003630846262131,0.1127042487673623,0.0805323454271312,0.870601881157366,1.0739577274682297,0.64377417558184,0.8639387221332637,0.5875587924260277,2.2466784088159555,0.4005250451459197,0.666112450391735,0.0005660460345555,9.96496506560764,0.3162874073362257,0.0158565875088498,3.408329394681696,2.160905711574433
270,"Ang et al. 1985, No. 4",5b7de272-fc62-4455-bc8b-d6784820abce-007,0.0427503798308121,0.042102193949577,0.0026846952988208,0.0524499988611783,0.0377775652110473,0.1524841536754516,0.964269445070349,1.480794945616289,0.1369785839161989,0.1106714714839627,3.259623681328009,2.094222612624774,0.8191167160073033,0.0229213427352955,6.155430884707257,0.104666457711391,0.0140244760766061,1.9189809188334623,1.4591345264237734
174,"Saatcioglu and Grira 1999, BG-10",5ee04158-dede-450e-84a0-6a1014171d16-007,0.073935180292243,0.0737697802730746,0.0010869782794241,0.0775986354292226,0.071785998081556,1.52317913631514,1.0994514757837814,1.5454349050912783,0.5107849696860008,0.577173173574381,1.122380615240319,0.746631703118454,0.8751303274818748,0.0039231030706562,8.864134392190401,0.8555817126697044,0.0039674548670438,2.842789874814285,0.9770825102524064
314,"BRI No. 2 (Japan), spbaa1",601d0e7e-d0d7-41b2-bb89-524b243d495a-007,0.0532366400154418,0.053176915663826,0.0006952852707512,0.0555532113291716,0.0519128709957945,0.3055079731014016,1.060155503055662,1.9405856515517024,0.4151604761622542,0.1655609176456281,2.200330407699828,0.8253501865942193,0.8098998340306381,0.0001079314792385,8.645856243374352,1.8965645369680628,0.0011020039785481,1.3810084778183556,0.9364064981036936
355,"Kunnath et al. 1997, A11",658ff5c4-d4bb-49b3-aae7-10d923c4614e-007,0.0639467644858476,0.0638262697463189,0.0005073564843229,0.066519459665996,0.0634427470940265,0.7956450342986288,0.9325188325616453,1.8733010051911627,0.1458328163561792,0.6437645878903541,0.8115282939931403,0.9605572541998704,0.4332829501207681,0.0485375554726203,4.825483255501926,0.0138739425005727,0.0090726737344175,3.2548203417437453,0.5247226816150005
365,"Vu et al. 1998, NH6",6dd59525-07aa-4d94-badc-19405a02c483-007,0.0311711684926282,0.031129977965505,0.0003974071872919,0.0324316654692928,0.0303559829239065,1.9057687243553223,0.94259195758615,1.7270769114947129,0.4461847786381315,0.6417152009903918,0.6255174905455085,0.2850292517957068,0.9272362662774726,9.387928502784485e-05,7.995855149041054,1.241956077448623,0.0003078222974563,8.603757965509843,0.4819450260229678
295,"Watson and Park 1989, No 11",6efe8aa5-a28f-4661-be29-84dc254f0291-007,0.0827368779913012,0.0824492208128717,0.0031315007613976,0.0928445816195141,0.0762022020287738,1.644946817270997,0.9532513310256668,1.5068749657040623,0.3256568742228926,0.3195461626647448,0.0691105364057256,2.0256644616151185,0.639457967827673,0.0036408385836121,2.511406633386573,0.5683791855524555,0.0121005947782939,2.316112339502147,2.129176165881694
60,"Muguruma et al. 1989, BL-1",6f7a8297-d2ac-44e9-a71f-b4c7433b88b3-007,0.0561288819749321,0.0559744946988283,0.0018052238585049,0.0636140335198043,0.0526559096875386,1.491869234595404,0.9978014684678976,0.8520556664985948,0.8334878646085428,0.8305404177119151,3.268430814761827,1.6060374818762817,0.6933888286649261,0.0056012420011149,1.3800044712380342,0.3827856828400588,0.0044555114125744,4.760493877495848,0.6187992963122932
144,"Lynn et al. 1996, 3SMD12",732bd5be-4e75-42e4-aa5a-8c755c7d073e-007,0.0612684003320563,0.060995284400033,0.0018312021931913,0.0691536746600941,0.0577394165456738,0.6333216311997818,1.060514880530144,0.8023890487008345,0.4911857709711159,0.1133991896453805,3.0095207029917885,0.8965563048611316,0.7142695327316404,0.0049809860034921,4.311395851695886,1.641010202808854,0.0196507105995582,1.0031267001088913,1.9896811878218856
99,"Umehara and Jirsa 1982, CUW",740b6de4-5242-4f74-8099-6e9c39745aa1-007,0.1461130687215182,0.1461130687215181,2.775557561562892e-17,0.1461130687215181,0.1461130687215181,0.68615537151782,0.9188197964351252,1.6671239482636828,0.2617571704414898,0.5575242247131125,1.2131888937764077,0.4575832437569457,0.467101921114443,0.0103114892826528,3.9269110612516753,1.1987441182389875,0.0479981249783439,5.034513819995697,0.2816789453255399
17,"Watson and Park 1989, No. 9",75ff14c3-674c-4ba3-b54e-d0c9e3843e75-007,0.0689548314423009,0.0684051329915235,0.0019400955972901,0.0786081663941973,0.0655319214700568,1.8257727013785752,0.9107376509001648,1.461461432355401,0.2882217467987298,0.0323876823999079,1.6833274799970386,2.6463440785055408,0.1719847434889144,0.0095503938652366,1.3057843256171795,0.1537978287026757,0.001371044164315,1.611632460252129,2.424960379778777
27,"Arakawa et al. 1982, No. 102",78afa219-fb02-4b2f-bbf8-2432dafbd441-007,0.0380723696236954,0.0378697141120871,0.0012332895931214,0.0439382762892724,0.0354231814958842,0.1771690702045084,0.9643240154056654,0.5897833414145937,0.9131021412730392,0.0320558581509804,2.171927876118632,0.8804976861149694,0.9963498372484072,0.0155844718818895,4.144528413250081,0.3167542782429404,0.0067634067317162,4.95208216082606,0.9682670914024958
114,"Galeota et al. 1996, BA2",7e7541bd-ba20-4d20-aece-d645cc1b9c3b-007,0.0641995860611041,0.0634349212473725,0.0042508345842232,0.0816232783774741,0.056285726954993,0.5124885764212013,1.0953594100927349,1.2942264472714995,0.5111496863619917,0.631183451323039,2.469243719985092,0.863571244144574,0.7515252612885853,0.0002901193583806,3.018712274581362,1.258752397177766,0.0180768460294255,5.635939595211937,2.9372519143557465
10,"Soesianawati et al. 1986, No. 4",7eacee6a-d451-420f-b1d9-abd75f0aa8a9-007,0.0522336310076915,0.0521470677919997,0.0009639936475827,0.0559133382945702,0.0505149657938425,1.593612226889114,0.9974282008266522,1.6494252628448585,0.3057192217474981,0.5104812884961758,8.496596710122764,9.65723485766144,0.2279188411505206,0.0019803608642894,0.3665862289983203,0.132212579503658,0.0025346649219598,2.25757926236865,1.6472863630028107
293,"Zahn et al. 1986, No. 6",7ee602d8-6dfd-4db0-81b0-1f08dcecdd6f-007,0.0828933210880637,0.0825531303712116,0.0024796551865404,0.0921506200546251,0.0781299409665324,1.7054099017153554,0.9847752640990104,1.033671149800385,0.3983482801646099,0.4838393316072162,0.9915282430382214,1.1386657413437633,0.5223578451390369,0.0025394731109667,8.69887145271603,0.1062500714471424,0.0058766751525294,1.395416989674413,1.5151638420360662
359,"Hose et al., 1997, SRPH1",8732355d-4054-4deb-baa2-bf1ada944e0e-007,0.0775546785038536,0.0773935243792202,0.0009706151357811,0.0827193454703045,0.0756221152959187,1.7636261056134228,0.9322440737387284,1.0506552122504471,0.2927839878364893,0.5397372021912534,1.093573627410088,0.1818279872226791,0.5266110704206828,0.0187537356900298,4.079362224119489,1.369840636091143,0.003508073924422,9.15334252817777,0.6821298205851757
375,"Calderone et al. 2000, 828",893d27c1-8bca-4e61-b165-a6df34de9023-007,0.0727492022335346,0.0727220791283308,0.0017769864579889,0.078181315539135,0.068215978512925,0.5655322913603138,0.9246168118637628,1.7692807822099506,0.1523544357126668,0.7534438991516751,1.505023030878936,0.2519033161557503,0.9102925517735708,0.0322025141074618,6.416996346588107,0.1818330153926453,0.0023554116981334,2.0135438806313872,0.7732572149688532
26,"Park and Paulay 1990, No. 9",8c08f492-244c-428b-8f11-6da22c2f8a1c-007,0.0348319837285253,0.0346862570178485,0.001189469821149,0.038129591236252,0.0323672099615504,1.7392989957580356,0.9765681002816028,1.491070444177684,0.4059487988500488,0.5753833777600049,1.293530696459401,0.7563750566085847,0.8105533825098147,0.0005970195603008,5.427468514969011,0.5793122454670947,0.0002935750220577,5.610799079830391,0.4188657220493195
285,"Ang et al. 1985, No. 19",8d899438-a9ce-43b6-8519-acc793085446-007,0.0488578308784739,0.048759844109839,0.0012108914752911,0.0536393763620017,0.0461716181994814,0.1730539952301305,1.0465895600277475,1.8733265566398825,0.2382032961989608,0.1351152970705269,3.819120497346892,1.788450657294132,0.9097358491016388,0.0001616233937676,9.874649595165542,0.8445537360980856,0.0290256880315493,1.40295391071371,0.7708249831540512
294,"Watson and Park 1989, No 10",98675486-7554-4e5d-9cd7-958084961faa-007,0.0616898070898699,0.0613550465054658,0.0019376284926367,0.069800711515055,0.0571034729698797,1.475457237207058,1.044557910079532,1.0799218320627488,0.3562191679906189,0.1068139547885934,1.5014869730170206,0.2372922170494797,0.2987577790330737,0.0124947741720054,1.491189508362992,0.3939642396199928,0.012682055682037,1.6221255204464258,2.985903224271093
345,"Arakawa et al. 1988, No. 28",99f9abdf-5e3f-46b5-80cd-9f5950b28f71-007,0.143049420288787,0.1427022231612552,0.0009941774677673,0.1458026588625585,0.1423930106480286,0.1920535894455602,1.0045694930259437,1.1301860188319723,0.5664177523298355,0.4310450955143138,1.5297188574281964,3.4110063933991084,0.1594707178620729,0.013669068344701,8.963117274794662,1.4236443157318983,0.0240380684863866,7.054013291559968,1.9120577874114384
152,"Sugano 1996, UC15H",9d164f80-5921-4874-ae6d-d31cbed2619c-007,0.0475211763500159,0.0473115186209788,0.0018911866547842,0.0552229395842532,0.0435722483871449,0.8304227636177596,1.0810987344392486,0.6894479591412573,0.5886541985342069,0.2819629766495681,1.5555171705493511,0.8150520108802879,0.5822428859247684,0.0004419649153568,3.715139218085165,1.1254225552628545,0.0069130424337021,1.0473496933890185,1.9499609868160936
76,"Wight and Sozen 1973, No. 40.048(East)",a2a9b24a-6c6f-4840-91d1-91520bb87510-007,0.0798119238496763,0.079420598461319,0.0018290773514545,0.0864726909057384,0.0765912260486512,0.5403013862458997,1.0113079700237038,1.6841466731830306,0.2307513752048234,0.1961766767182266,1.0947481617292114,1.2359279911244148,0.6746627772794603,0.0307493176537016,4.40369505674275,0.0721613579959723,0.0290343941050581,5.850365857941365,0.3843102058282429
11,"Zahn et al. 1986, No. 7",a3771ba3-e219-4c6f-adf3-376e82fe2316-007,0.055433696275969,0.0550980827613163,0.0019072471140948,0.0676304448041072,0.0521659775893485,1.971254924511136,0.9512209557212764,1.9752319376353031,0.457689668210966,0.479439339590976,0.9518635189042924,1.1924616786089384,0.8010348359576277,0.0133556852663207,2.494043668093554,0.192040619734621,0.0099114254611314,6.683219665453774,0.5691381739739696
56,"Muguruma et al. 1989, AL-1",a4481a5e-b464-4893-8ebb-88344a4b91a2-007,0.035818155559247,0.035589593006603,0.0011360470522119,0.0397904649120117,0.0336729812168518,1.1913282245110757,0.993002790180634,0.8855461375904707,0.6207673407373909,0.4767232386953578,1.5818093620198193,0.7689462364009104,0.6615851616186095,0.0021777140609548,1.3680642966195289,1.0280442082472414,0.0014418732237469,3.615959062439316,1.0923391589089817
401,"Graff, 2001,C7",a49aef60-424f-442f-82b3-5dbdab7db90b-007,0.0489759613342676,0.0489018854080812,0.0005122362968587,0.0509802969089814,0.0478045709591006,1.197144062554644,1.0809284132176626,0.5447696327429842,0.3577109105856339,0.3191447869995015,1.2025955301276052,1.3775863995578044,0.8666932803467879,0.0001371808441543,4.437237366454785,0.9502644501106003,0.0099704374281067,9.1106151903833,0.6906731521401072
304,"Lim et al. 1990, Con2",ab6ffcb5-dade-4de6-99d8-779fa6942ba5-007,0.0596100263762382,0.0595592501237721,0.0010033024770959,0.0638636479200544,0.057372685338627,1.087069488040668,0.9906502272446002,1.6722051852304547,0.3131918798016945,0.6677900130165689,0.7574981905339999,0.9058356375764868,0.8958309664675695,0.0009436508409576,9.206583642936849,0.8128165332914731,0.0018716558598846,4.795857445459423,0.4112368023356936
312,"NIST, Model N5",b3b0d758-6586-4d50-8c30-6b66db0dd800-007,0.0633667868860956,0.0631249135814125,0.0016590531938591,0.0733990832081634,0.0603285700864587,0.614818999403294,0.9618003679325142,1.2712567848245924,0.3228864886752078,0.2960941229968756,1.5024170016040137,0.7786231340760127,0.6541494525540561,0.0047207496491317,9.411911200532254,0.4809655217447123,0.0039266856050986,2.9343751165829373,0.9080482933371736
113,"Galeota et al. 1996, BA1",b4276509-a97b-4931-8c45-ede861825ae2-007,0.0473126910760332,0.0469453130764522,0.0020774363393193,0.0549285662315488,0.0434462108427506,0.6462828966248431,1.0767956769814004,1.6016488539457645,0.5252127097405739,0.7176524829559163,3.2223562501954817,1.26149400285149,0.6880023490551649,0.000117361687273,2.2105762915816767,0.2311452972944022,0.043957067502172,6.108585664334999,2.409730370337104
179,"Matamoros et al. 1999,C10-20N",b8303912-6e0e-470a-bc71-0f89a7664a0f-007,0.0481897174875026,0.0479765631154991,0.0014623891190728,0.0531089411139416,0.0455077082232977,0.739488490887683,1.0092073810669355,0.8621570595060392,0.9319863781553822,0.7768141666077115,7.979433877834646,0.8288975285615083,0.2924497759248076,0.0421130301676938,0.4363692026475714,0.1443901962354254,0.0302627796482906,4.91984641477275,0.2121723249807716
386,"Saatcioglu and Baingo 1999, RC8",bbc96702-cf3a-4c2d-aed4-5e1a22586f52-007,0.0907313873758564,0.0905945082254954,0.001661537644467,0.0966171770236871,0.0874098660447582,1.4481456045459131,1.068442870941545,1.353102226291656,0.3388098941916528,0.355129996340611,0.6718744759282343,0.9165744454913906,0.5419536346649712,0.0001612746605865,4.923412128753003,1.824662707600737,0.0056628676285187,1.4760771377084154,1.5380155832524292
354,"Kunnath et al. 1997, A10",be0d0f41-2ce9-457a-b04e-331c99c615b4-007,0.0665419705979504,0.0664624600898111,0.0004962725840963,0.07059381546721,0.0658139928037459,1.12998107901787,0.908131412963428,1.9477541059269363,0.2468719737080065,0.6060222103612033,1.240465182287861,2.7974343187170096,0.9651759908692156,0.0134966517328912,1.3603350120349245,0.5072350302328514,0.0010970533455349,3.842145627298883,0.4780068337850094
328,"Arakawa et al. 1987, No. 11",c15902b5-d0c1-4d99-9cea-ad871cc70a4b-007,0.0368901406496717,0.0367118241505514,0.0021410362337153,0.043735821115214,0.0321947715892265,0.7266965497724608,0.9668920499138548,1.119070931327384,0.298690330206988,0.2605972644751708,2.736968126463526,6.937252212187726,0.7843566834441986,0.0017590876139732,0.7302961494498219,0.5089677148596093,0.0463816620642538,2.7797069427374663,1.6140347680529386
338,"Arakawa et al. 1988, No. 21",c2a26e5d-504e-4dd4-b400-d82e2ea57255-007,0.0316188254355199,0.0314472533958769,0.0009396340424867,0.0368580337978785,0.0299870625989315,0.4560521581152135,1.0377593898805144,1.5854933935154982,0.5452694462822003,0.4638240245455858,0.6833194343009236,0.2584339681987814,0.9850040651384768,6.325462250277954e-05,7.70861788375048,0.3664769414065965,0.000745135902083,9.310753271263334,2.1323736096006343
277,"Ang et al. 1985, No. 11",c33ab8aa-35bb-4d60-b3dd-d988b1a4532a-007,0.064012744243297,0.0636445325368164,0.0016084198908975,0.0729378570674144,0.0620357357217439,0.3015140708730112,0.9173036284994036,1.959155253221141,0.4942094665317403,0.5348608013186577,1.796543498249214,0.0142804720831577,0.6024049080112717,0.0125234167738601,7.44158057503937,1.2703652888478572,0.0479988489567051,1.1352046494385584,0.9431026031572768
51,"Kanda et al. 1988, 85PDC-1",c5a1dc7d-0ffd-4fd6-a82d-6e628669006d-007,0.0493865032216298,0.0493546507220364,0.000952746099738,0.052804172588173,0.0473618479205954,0.5599315569664703,0.9015281195455332,1.7520117751178748,0.1683574031493627,0.4272250302851068,7.251243742732138,6.420122040734651,0.4980618930771094,0.0291544152469838,0.4540474289376754,0.2662115677814535,0.007744601881797,4.948303155127298,0.6978173662959629
373,"Lehman et al. 1998, 430",c86f2dd8-e340-4a6b-8cae-0c38f70fc0cf-007,0.0565057824170292,0.056473146781838,0.0007477534453477,0.058956909252365,0.0547257540096699,1.4486794558828555,1.0954650152605525,0.7160659296625481,0.4097232487358628,0.6280098315275243,0.9199543669287312,0.4416612070760071,0.7063242567351399,0.0001593299149823,5.326644664072223,0.8932698529849707,0.022181448458487,7.377218930557708,0.4855434859757294
142,"Lynn et al. 1996, 3SLH18",c9bc8d0f-a42e-41b4-b79b-3f45e2aaa6ba-007,0.0312146929918374,0.031156410212605,0.000741451390511,0.0360171969946597,0.0295302076550943,0.4074536067915632,1.0370405123736062,1.029228257616241,0.1678915072269742,0.1073066327272291,4.790715316398495,4.647019614362165,0.8584477395951284,5.11845096543741e-05,2.9141655706159755,0.414475768761733,0.0277489697889445,1.1141868579950371,3.75896334283908
271,"Ang et al. 1985, No. 5",d2e3e63e-6a7d-4c13-9e4f-bf0d75bcc321-007,0.0433440322744201,0.0432254826480295,0.0016023742725296,0.0495073366496898,0.0390910171972877,0.1785372458915879,1.0277439028056976,1.7032385752804255,0.0294672979673501,0.0952846813028458,1.983336169168317,1.470709454397604,0.7332386410703411,0.0188276050824384,3.454019516578224,0.0408422001649969,0.0293674135817116,2.221026533801519,0.2655610903647885
416,"McDaniel, 1997, S2",d5ef9a47-67d6-419c-b496-25f8b7f1057f-007,0.054715707560361,0.0544699257129382,0.0016016458567907,0.0657685937635733,0.0522915357797785,0.2045842163852417,1.099256624843037,1.0661786187600857,0.1503606265511061,0.1427076195159424,4.641462939880109,3.7157635585067808,0.9151171400426308,0.0006016775111379,2.2297089083682584,0.7464243495169098,0.0310821839378625,1.1346810984769635,1.0044270718890245
163,"Bayrak and Sheikh 1996, AS-7HT",d602f924-3b22-4eb2-a1b7-27ac1c3f0057-007,0.0574971980506813,0.0571947746938021,0.0033303538836155,0.0728397105472489,0.0511081858677906,1.7003701423743411,1.0192733608306053,1.1423198622925856,0.9458309323761092,0.2561074005280095,1.3654151049988117,0.3640633209409257,0.7970219235749337,0.0004062309870765,9.399978094283735,1.9709816191807543,0.0144856659090447,4.459218075777915,4.295641484964331
66,"Sakai et al. 1990, B1",dd160887-2a5d-4975-a33f-39947eabf7cd-007,0.0729720385832737,0.0726225887948402,0.0029767362357955,0.0825862886979773,0.0660204083387479,0.5661476141451965,1.0979724551742152,1.1462272578639117,0.296597334574606,0.4236578341576252,0.7453703384500022,2.091465585143636,0.907447839791493,0.0110200553103977,3.93846508806331,1.9587424094213768,0.0252181405599424,1.3313322678140989,1.0787489479260668
362,"Vu et al. 1998, NH3",e557334b-afaa-4fe8-9256-670a95953c71-007,0.0517781523529441,0.0515246757836775,0.0018855188473528,0.0706978456156604,0.0496666907917016,0.2932095286895753,0.991782431479958,1.584848088745466,0.6203088226430167,0.8108065310438947,1.475751071870564,0.0910035222717726,0.946756891671202,0.0003403519067494,9.006963553382212,0.6806405647303643,6.259644802393731e-05,6.441798427779176,2.88068099074974
16,"Watson and Park 1989, No. 8",e79ae509-5a83-44c1-a1b0-410b4f67e042-007,0.0839519289096704,0.0835571520397996,0.0024525123877659,0.0933481861451966,0.0781507068258536,1.8198085138137816,0.930558254693068,1.816279231560616,0.7419432919349128,0.3117624033042185,2.351284584891573,0.0374186905633026,0.3029072727943899,0.0042846438660203,1.4146375493917902,0.2883647340720347,0.0040858688460665,1.857536791472891,2.3060686542559545
291,"Ang et al. 1985, No. 25",e959c125-c19b-4db5-8bc8-620793da0549-007,0.0512025275259496,0.051067571397515,0.0011722340742536,0.0542610854475329,0.0486350064035336,0.1516185722117975,1.0706245263070973,1.385740772926919,0.2643218757938675,0.2422852798445493,4.811930198429079,2.790792868095428,0.9878701665154732,0.0001321186411449,4.695146277115723,1.836799185206957,0.0182138374357832,8.01895039941901,0.9009033368891896
47,"Zhou et al. 1987, No. 322-07",ed0e0dfb-c1ba-4263-82ce-8bdda04c6409-007,0.1136063900704913,0.1136119539088389,0.0039695851484078,0.1272867663540904,0.1045263599647037,0.6577102267421501,0.994884511710851,1.9239842720571243,0.4382663852242808,0.6404566223158379,2.416053346686593,0.3846032225104011,0.5876669409659864,0.004720142437784,9.607956075526875,0.5704244520046995,0.0070747660772251,2.68768301490156,1.262000968557481
356,"Kunnath et al. 1997, A12",ee7b35c3-c265-41b9-a63e-6eaf3803c8bc-007,0.0684293838743473,0.0683104882462146,0.0005807728235314,0.0726282879271458,0.0678208486663981,1.853546106826767,1.0883353932976645,1.967628195753808,0.0898700176143258,0.4905488689020938,0.3811889289039106,6.372848314766452,0.9614795858575268,0.0075288042285777,2.456058065331425,0.038551830044507,0.0178324908738507,3.0449585133763244,0.3818465265622171
139,"Lynn et al. 1998, 2CMH18",05c9b502-eef1-4ff6-96ba-0c24f50dc295-007,0.04068676888602364,0.04060311162023446,0.001120408221415556,0.047005962140884594,0.03739084607339749,0.9139490613762938,0.9517205997418048,1.4744977892140587,0.8379045268296067,0.4417082055755129,0.1688687444459952,0.9254879150153584,0.5755431887296205,0.0307372001370373,0.2625879503647511,0.4666159231291827,0.0047820143467569,1.3805306792646097,2.8793960537680863
301,"Petrovsky and Ristic 1984, M2E1",0bf5a557-2755-4d34-bbdf-a2a14ab37164-007,0.06902970483717583,0.06897326179325479,0.0004809091777671152,0.07118216789948979,0.06809416663866341,0.885111913157409,1.006220881062492,1.2224455272916157,0.3069860823425978,0.5174242845786162,0.8960216906440015,1.2241106171155458,0.983607549637633,0.0004623415426355,8.983143518813145,1.8369907806308237,0.0018811238211997,5.538987262818021,0.502199189123479
141,"Lynn et al. 1998, 3CMD12",0c30b3dd-faca-48db-b973-720f71102db7-007,0.07472331198818571,0.07475651026488336,0.001765628299396729,0.0868377320425256,0.07135349339814116,0.5960664109655794,1.0963869782581264,1.8070881245126236,0.6555153990272886,0.1055667318850316,0.3663072215300469,0.1584363853003585,0.8094902994664632,0.0037609092588916,6.993873980504413,1.6173609564280582,0.0243621462054424,1.9847572960375384,2.257386736258712
272,"Ang et al. 1985, No. 6",11143bf5-f445-4e6b-8d9a-43728158c7df-007,0.030287394137879346,0.030171703675516533,0.0012213263751373537,0.03546734082571474,0.027559122920604612,0.1469717098241785,0.9386154233128072,1.8773892795745928,0.1740882005656767,0.0636781849243396,2.47239186203138,1.7027953909376952,0.8019998092169154,0.0016237311165108,4.365437432357687,0.905773414602708,0.021282198376563,1.646189938121737,0.6581331470008897
007,"Soesianawati et al. 1986, No. 1",11329922-d141-4bc1-b4e2-f361d2345e10-007,0.053991829758503924,0.053635041822005486,0.0015081967221114239,0.058920368993494135,0.05153827379921458,1.7688167020772434,0.995737941345218,1.7977645041792711,0.442096885565771,0.5146100595559004,0.6844224299917118,1.3252680204541478,0.9568046398437888,0.0010751352753929,3.0652614045846414,1.1646619573330317,0.0044738341993604,6.219260081798669,0.4235141327837765
343,"Arakawa et al. 1988, No. 26",15c96508-32b6-4424-b303-56d72a83cc97-007,0.030840096364882007,0.030737381086728938,0.0007006081472201639,0.032818726859626376,0.029250999126876037,1.1832652635384755,1.096219460468716,0.5510100337415118,0.6185809176587858,0.3880898388066151,0.6572688374544811,0.9440113896412164,0.9943848949258892,0.0061156900685211,7.172217053578013,0.0125848444398868,0.0078181556592543,3.860456208549278,0.786316228442909
028,"Nagasaka 1982, HPRC10-63",1aef81ea-00a2-4175-984e-8ba1fde544bb-007,0.12655909970965348,0.12670289927562056,0.0004557624367454468,0.12670289927562056,0.12489915288100475,0.1219142598050954,0.9546771117378152,1.920788308100206,0.4576570389234274,0.4189905474144648,8.162814556609312,7.26145362186812,0.5544204553458243,0.0138204746068889,3.398403782460529,1.511561000648896,0.0238652071345153,2.2096976572287814,0.8692298245440097
380,"Saatcioglu and Baingo 1999, RC1",1d266eea-c426-40c5-b874-4da0c01e2192-007,0.14095347519534854,0.14083743167867568,0.0020406387749921278,0.14798094786883934,0.13565527266803706,1.671672655789577,0.929570143349544,1.7296547143451886,0.0557588870578553,0.5755218902831267,8.223086561763104,7.292344813535901,0.7685169988885924,0.0342753251871691,1.959458213390968,0.0763373576366763,0.006014110147224,2.0247436652504187,0.7840868865598304
050,"Kanda et al. 1988, 85STC-3",20c26d3c-5a63-4bb5-9a15-756d32696f75-007,0.07038946467031071,0.07037061319366589,0.0007679226304366929,0.07260056940667,0.06878036734383698,0.4298060796658807,1.0496993607365457,0.7388496799441909,0.4347861730086268,0.339697371541494,1.59898343798603,0.7676112418282552,0.7763486404096905,9.025558053241835e-06,8.34761468953448,1.4586946141583017,0.0018093249485407,6.80569466645577,0.7376381202356789
115,"Galeota et al. 1996, BA3",258875b0-964e-493c-8456-f24c91430deb-007,0.09666404926444551,0.09566580892993423,0.006888180533403665,0.11935514135199106,0.08394680158491055,0.5707637396892885,1.0671609401178368,1.0782116271196294,0.828467862481753,0.7817089890560471,1.2925819176237625,0.8971476796057162,0.9387400116112794,0.0012107498556338,6.807997360432431,0.5345530236875758,0.0318964435635808,8.365691956336741,2.9676793167823883
031,"Ohno and Nishioka 1984, L2",2790e893-bfa1-4e16-b9aa-cfebb8f48148-007,0.04089313915204122,0.04079706069268095,0.0011416401597853772,0.0448539355326465,0.03861772782007542,1.1179320192101103,0.9622204686940864,1.2708733709558484,0.4737310050383939,0.6557970969934542,1.652368707698253,0.7843699075990572,0.7683150437394318,0.0002291703537605,9.733220413315175,0.1232134963468308,0.0003324927620854,5.232922559980943,0.4480710340191439
045,"Zhou et al. 1987, No. 302-07",28e473c1-55e1-4f72-b577-0d809394037d-007,0.07231590123965781,0.07188815716563038,0.003779610346746118,0.08335121768436955,0.06368767251002712,1.0812508531796607,1.0121880134695556,1.400554232960713,0.7257072801585793,0.47127883642711,1.604180318379932,2.106108981164445,0.9269722900797984,0.0011846453574654,7.4467144909053316,0.1869513971595243,0.0068534744716557,7.182799873669129,2.494013623387181
399,"Graff, 2001,C5",2aadd5af-4837-4ccd-afbc-abd0fefa8264-007,0.05578811475823442,0.055757665719836425,0.000530754141315688,0.058187735000464404,0.05454389970490123,0.7924093719298958,1.0622180226309434,0.5501060269845045,0.4591612697595479,0.3468959015625626,1.3453723401479405,1.1420700119717335,0.8983505671112832,0.0213826515270716,6.063131965812069,0.1296477343149236,0.0215124801575742,9.472138314986005,1.0124535719484489
177,"Matamoros et al. 1999,C10-10N",315501dc-0178-4768-9979-61e61ef9359a-007,0.03894558519273648,0.03877635762740908,0.001008950215695507,0.04312974949380233,0.03673371959514173,0.1963594800403,0.9697545118495556,1.0672860011001235,0.5057219369725123,0.5142921442743797,1.955692117017745,0.5930646667683729,0.6069691059293078,0.0033197256350313,4.065888352189509,0.2215604968524313,0.0031343957142836,5.590484547966424,0.2965194044526391
025,"Tanaka and Park 1990, No. 8",3228f213-50f9-456f-92a1-98b74ba4786a-007,0.0392539163323032,0.03894986630610392,0.0016956844222958882,0.04426523610043039,0.0356514322961286,1.328518061574543,0.909872256215966,0.9728780052490876,0.6811716769490765,0.5443474618964176,0.8052799807993687,1.8669550412570053,0.9115349185491848,0.0106280147064776,1.5155677000724936,0.4571070454377489,0.0033509832078177,8.728865548343556,0.6947574399847077
197,"Aboutaha and Machado 1999, ORC2",383c1867-29aa-46ac-9800-7342d67f6d93-007,0.0689431314754699,0.06876687969493608,0.0008813299194971108,0.07418777156146504,0.0674262576056792,0.2108775596089331,1.069993713927309,1.0400056053945506,0.5696375770594915,0.7496103253790188,0.0881643881902234,0.3966573926061547,0.9820219609651027,0.0002528973442586,1.2741357575643824,0.2470066475820236,0.004993177600996,5.944536304471266,1.3836444548051978
178,"Matamoros et al. 1999,C10-10S",3c9b6bf7-87ff-4f87-805c-21b9e9f7d1e8-007,0.04172063634157573,0.041562401095277465,0.0018506585892553232,0.05030356686002196,0.0373892296669672,0.1346875198776487,0.9820752457912456,1.4059075937777417,0.5449374141883926,0.6159020471804129,4.013315247302725,1.9443976526366928,0.7367161699668,0.0004509752863903,2.1846547506594804,0.5809437256067511,0.0007093165772946,2.5005077518925014,1.3171217984124104
415,"McDaniel, 1997, S1-2",40a99131-58e8-4054-ae30-f5521cb36572-007,0.04973316002959583,0.04961426775593396,0.0010643343724653456,0.05285723269702929,0.04762192297879541,0.2119499797724779,1.0917765554121532,1.2927748272848747,0.3172979219152173,0.1972573354639439,0.6904464917649524,0.0809356148917412,0.7884511284375925,0.0001936826584881,8.190314004753759,1.420466649428365,0.0160353656466845,2.606978592735974,3.00468917203229
181,"Matamoros et al. 1999,C5-00N",42350693-4954-4c71-9e38-83916e40580f-007,0.030497278837673295,0.030423211263328212,0.0007289195437410326,0.033798112300781336,0.028945982631089044,0.1343792295170686,0.9398793237144888,1.0817004306842162,0.3171382516444787,0.3176960060506375,1.1879144628466063,0.763437736963581,0.6965746325078639,0.000108288051289,5.122406785738235,0.3164367688623229,0.0014175992785323,2.3396837599076186,1.032840478765692
340,"Arakawa et al. 1988, No. 23",46217c94-529a-40cb-8ac4-1f8ae155dba1-007,0.10706482802011001,0.10728045974590031,0.0019241603154704398,0.11450109763067548,0.10437670030998648,0.154922149667088,0.9861347494562612,1.2480597348255875,0.2728289894377535,0.3200969588844021,4.0331294025980045,0.0162704372084742,0.186947783824655,0.0199319612560815,8.215267381956487,1.6165816257721688,0.0304013294462666,4.910951647637392,1.35692663409423
120,"Galeota et al. 1996, CA4",46b58ba1-f2d3-4cbb-b782-6a0d3f70c3ff-007,0.05909765362169457,0.058901508786362175,0.0019479849786170754,0.06661912229450584,0.05496472374034382,1.447927256356638,0.9890874660582528,1.2871851986404077,0.523589726789347,0.5353628114481177,1.2385930116036652,1.0729372391189238,0.6925057933182239,0.0159484188976151,2.916912326084529,0.7898935066625581,0.0217236639270404,8.599434280076801,0.6780416743236365
176,"Matamoros et al. 1999,C10-05S",4cc1ceea-c183-4bb9-bc21-843fdbe6aaaa-007,0.035147206101840515,0.0350155981673803,0.0008401189859853909,0.03916731085263925,0.033731443244528835,0.1286110734372942,0.9537311569980086,1.900671525633143,0.4502846526321826,0.4439212617684475,1.897903419412868,1.1692627272102314,0.9185922260395246,6.361457603725677e-05,5.505543058558306,0.9469647641776926,0.0012915227594987,5.321947460652049,0.5090566163059804
046,"Zhou et al. 1987, No. 312-07",4cd5ca22-eb88-4933-a2d1-562ba0856337-007,0.09418728016270564,0.09403072024601303,0.0018403273639828346,0.09980268765930199,0.09034749417309762,1.3779369713484713,0.980232503576472,1.9573842848180143,0.7102200640320648,0.4533724107361365,2.256623257303679,0.617020299196913,0.6269382778126796,0.0009600814644825,1.0696921146592124,1.153630853931379,0.0142005876403494,1.5885615190801547,1.824429059837088
004,"Gill et al. 1979, No. 4",4d5d7344-1cc3-4a6d-8ad4-4559570c2226-007,0.03922624494967674,0.03880873814011872,0.001791996934582573,0.044400974565782333,0.03615146245265831,1.2228726834040118,0.9101295995617652,1.6857661498218774,0.515725593216926,0.2001061449538019,1.249611483237571,1.2992337249849897,0.7140839932287673,0.0057185207165301,2.270275135352431,0.864015531344127,0.0013765589185564,1.2368442498082617,2.555249996875732
116,"Galeota et al. 1996, BA4",5889ffda-1401-4120-96e0-6dad0a967dc7-007,0.05905400663648988,0.05881847258535115,0.001921247449206998,0.0693255729565179,0.055299470655781266,0.7057521618884937,0.9882328001771552,1.437555501694295,0.6881071112536508,0.8936680976981076,0.7367994171322753,0.0247732886026402,0.8193311686402972,0.0080142424900238,1.5689751111975971,0.9700019201744788,0.0441414310748885,6.531993748408135,0.7553550709240673
244,"Bechtoula, Kono, Arai and Watanabe, 2002, D1N60",6a6d8ffa-fe86-4486-8aef-adc399d57f7b-007,0.08779280680166483,0.08708839283282596,0.005123358524732405,0.10147717695008246,0.07689355166966175,0.9285810557944042,1.0653361578946607,0.8794124042563511,0.4117456500676502,0.2861089218725821,1.1011525380106315,0.1276451990247585,0.3297755263267602,0.0004485887516798,7.999331129634767,0.6286155741090963,0.0078860679036441,1.6313538471747242,0.8754767838849999
225,"Paultre et al., 2001, No. 1005552",73b26769-6066-43b4-9fa7-41733a85264f-007,0.09639432745259434,0.09603267285933477,0.0038057908780294533,0.11315305079517396,0.08848503660388395,0.5174648484237641,0.942107876526124,1.463522761146067,0.7823173016674896,0.5617639916008101,5.857748554140824,8.370952822193452,0.0598381816908031,0.0066212516882201,5.368813859508111,0.916184741305584,0.0313930750898074,1.316932972140779,1.2028631496489843
206,"Thomsen and Wallace 1994, C1",7db288c2-06ab-49e1-a061-3faad1d2fd91-007,0.15453766247844025,0.1557182573478893,0.0041684842302246086,0.16135257439864617,0.14068875643107612,0.4155752769921148,0.962935824267625,1.4202071829511451,0.051279274080974,0.1388488162457971,0.4650952149100705,1.992758010845028,0.8807084709153254,0.0065251109104766,9.3094210150115,0.8949269990404205,0.0017866659333116,1.5701479018256213,0.2935909126399036
137,"Lynn et al. 1998, 3CLH18",8b9115e4-3f93-4dcb-b156-8e2a25976571-007,0.03833115864161448,0.03825849571746193,0.00044966784538966686,0.04022063224134527,0.03741464721250082,0.3966484809958429,1.0859142990617947,1.8825056068697932,0.1621905911007564,0.1203475918785329,4.554335633595515,2.3014646457014805,0.9643938872598026,0.0005866872879467,1.8260523655457068,0.4350963253549886,0.0370456350774174,1.2205257099315376,2.346660223927873
103,"Azizinamini et al. 1988, NC-4",8dda3029-a522-429d-8860-f44d5652d54f-007,0.04548802490371715,0.045266773730194325,0.0012494496733542874,0.050203311575139575,0.042775363770825935,0.8332852010822104,1.0493229651949278,1.0514441038802622,0.7355862173591792,0.5610914756967826,1.573135947730239,0.3794766610819837,0.7159144763696301,0.0022324204868719,2.684946045476713,0.6422775569899369,0.0183498700942955,8.286566411228259,0.725666486759482
213,Sezen and Moehle No. 2,93929d9e-25f8-43d5-8ef2-795c37a969d1-007,0.0793324670676723,0.07930151662281817,0.0021942604939335884,0.08616590029439838,0.07311266307543977,0.9103777597109342,1.035916758128991,1.7268170150872084,0.7950402770429804,0.0887204731054734,0.8379540346018296,0.8352860896379326,0.8855206558828967,0.0012396582972552,6.506799204183823,0.4016258711500166,0.0060279333887271,2.968000358585889,2.840257925192988
292,"Zahn et al. 1986, No. 5",954320fe-aabd-4753-bc88-c9436081465a-007,0.05683234022629864,0.056661969658582764,0.0015186783254596864,0.06217830762837478,0.05307344493415403,1.5134307504150248,1.0564062851360871,1.5883781116940314,0.2554299834725488,0.4747768647709192,0.8231847333778507,1.1473890251735124,0.6913306958860175,0.0006009343152316,4.257565703113791,0.1420824724477762,0.009571373853576,3.476237021558966,0.6952876568419122
284,"Ang et al. 1985, No. 18",a16d36e6-9124-4c7e-919b-d8266aaecd58-007,0.06826013356273242,0.0684282500978384,0.0013118490736098302,0.07227259176607644,0.06492917727260276,0.1238019465308554,0.995547228713752,1.989073232539803,0.185968576418234,0.051254423560018,0.7937330364167889,0.0949664310947734,0.64741162795058,9.511817411246787e-06,9.767758635069844,0.9019416178960824,0.0290026439570043,3.1022744509098845,0.945111775355676
357,"Benzoni and Priestley 1994, NR1",bc96ddab-f69f-48cb-b25f-25976fa75520-007,0.06994846538019887,0.06975892878062707,0.0016213249652154021,0.07729540808327523,0.06665341580174525,0.996047111048476,1.0185098654926017,0.6666046583203843,0.3672819779601544,0.1293313748273112,0.9655574592825096,0.7890113264176245,0.6670251904412011,0.0031803129814593,2.329161011285099,1.9979583929614173,0.0027168587265023,2.2581978189366154,0.3845411363518188
012,"Zahn et al. 1986, No. 8",bccf15a3-042c-4d0f-80b0-e95bc4bc4305-007,0.05429000086828676,0.05388497183078276,0.0029371959407071928,0.06472134143950822,0.04850781711608898,1.0469549956102568,0.9438121905749178,1.830963311180248,0.3522536111441267,0.0254729441587512,1.6427923064877208,0.4213363604817974,0.3626319185773149,0.0081667439343279,1.1950019527395557,0.2683075643735388,0.0011444058027169,1.0003482930238516,1.7320426520283916
383,"Saatcioglu and Baingo 1999, RC4",bd5e4208-db1d-44b3-b574-b4ab3cf615c9-007,0.0671796091722563,0.06714965513174562,0.0015136420406017632,0.07144551299773536,0.06344225806701265,1.2588710199332156,0.9140264686670272,1.7128394785715586,0.1307786220513069,0.4094847177409359,0.8135804144677576,1.994988784924984,0.2570855068781659,0.0096770717954817,1.939767049534977,0.42969056601985,0.0002746035879286,1.815175045458695,2.174383556053441
210,"Thomsen and Wallace 1994, D2",bf06b4d7-5d11-4aaa-bca6-210fd9c60424-007,0.09215121692938309,0.09203524652329098,0.001616454713763022,0.09734551967288854,0.08879313241581514,0.81865122280671,1.094222560650148,0.830881104582458,0.4302681084854822,0.410674681072146,1.5147232233459775,0.6702508194760977,0.38758626302417,5.865895145318863e-05,4.556842887580433,0.2665180670120332,0.0045476133852405,1.207634761534741,2.36759578198159
053,"Kanda et al. 1988, 85PDC-3",c24b1478-bb7e-4609-a7c8-ec347be5e5f0-007,0.047340715837436,0.04725530894568092,0.0007438792401479891,0.05062822351581989,0.045689741976946745,0.7417092889489073,0.9430086913520396,1.3895153291959126,0.5572726876932775,0.7105860115376512,0.3842731283235926,0.7694138568769578,0.9692337441222814,0.0037927736281782,0.6681443727986054,1.0175427786918858,0.0008074784551973,5.032114952590693,0.8148749789405438
229,"Pujol 2002, No. 10-3-1.5N",c4fb90bc-79c2-4af5-b159-a266b37e6877-007,0.03433585206091034,0.03431876158782006,0.0008868503328141983,0.037966908172503824,0.03243982344488854,1.7961632487708348,0.9485115401973444,0.9274546047856972,0.3452851907679282,0.284266252179611,2.324640971392188,0.977904926583348,0.5695594289347715,0.0054138732907794,8.996560307823346,0.1946420175709582,0.0018225335130636,3.9881076859110554,0.2303777969864735
193,"Mo and Wang 2000,C3-1",d061ca2b-d799-4ecf-8a5a-22eb69bb7afc-007,0.10211742297309324,0.10199825911862725,0.0013456059207478943,0.10905865821656237,0.09905047570889706,0.8147914284888064,1.0828149116134915,0.5894037666784212,0.2950295141862542,0.4381137875988916,1.274822245223977,0.4454819726196709,0.5399865630941542,0.0048836159964768,3.786419330151242,1.8798849699655904,0.0059765179474823,9.001838565352347,0.29166360743814
377,"Sritharan et al. 1995, IC1",d78144d6-b53a-4ad1-9033-efb0a3fb3e8e-007,0.05604086572876606,0.055994968621782756,0.0007355682324643828,0.06139976588073043,0.05459455786925536,0.285348508836717,1.080195201274807,1.8423605055620944,0.3697555035842651,0.3886528883787933,0.9298278209068066,0.8920286056002329,0.9568297418987196,0.0004260214302847,8.410152072514974,1.611105362907676,0.0054146824084476,9.104993532898847,0.5976306170723362
154,"Sugano 1996, UC15L",f06555b8-190a-40a2-9128-3eb0abcf6cc8-007,0.04309835827691602,0.043068918512127616,0.0009904142641925233,0.04722030520543131,0.040827873043193526,1.791708694063998,1.0908178786135028,0.920320554862019,0.8855237975429744,0.8883927388760252,1.0449731418415962,1.078955209183674,0.8836575090263529,0.000259222982117,0.6572365209872489,0.6556203752828128,0.0089192004278617,6.716649222012857,0.8585322890040978
069,"Sakai et al. 1990, B4",f8130e0c-f849-4c26-a228-0a857f2a2cc1-007,0.09813543718708156,0.09778332010712265,0.0031432075679024354,0.10887901102413922,0.09282431340149565,0.3794984421431777,0.9738449816400752,1.4469639272712795,0.374785968049631,0.615967301869945,1.6727407272014831,0.188783187189639,0.7118102792162121,3.906593728741328e-08,8.894431147915128,1.452459188755568,0.002844318766151,5.182937472359933,1.9930746341204555
360,"Vu et al. 1998, NH1",f89802c3-a68f-4062-8c7c-bef8ef14873d-007,0.08286127240413815,0.08275900847987082,0.0010779858377386385,0.08633065746849546,0.08042852439952851,1.6917619274336313,1.0024462339580509,1.5077292726088134,0.2383801732799121,0.3068511752281725,8.142047808730409,0.0583629532165429,0.992757576958756,0.0322613911474839,0.5944445029638543,0.0147835845386395,0.0151523638288933,3.491450662015609,0.407009675384884
065,"Ono et al. 1989, CA060C",fcab71c1-01db-4e08-8da0-422de28a8f70-007,0.07903732798283673,0.07871792933409234,0.0022417562792245295,0.08959646739097342,0.0746507873019357,0.5539485929613596,1.0758910121195429,1.855165744642508,0.6307013356913795,0.2290451553315941,1.4057836183558174,0.2100965694493037,0.6583768165671429,0.0038607018149169,7.808996354483662,0.5132225558034484,0.0225537951225402,3.812504645552429,0.7637766120313876
403,"Kowalsky and Moyer, 2001, 1",fcc65923-5c6c-4526-a3b2-231f86f8bb44-007,0.07655161423122533,0.07623803662379933,0.002012945805287745,0.08277365357199241,0.07125914909731274,1.6329930210172368,1.0810124522662268,1.054200812835346,0.2496579820579841,0.8764250973712143,5.154644377483158,6.77920781157288,0.8604295627440948,0.0224992046630158,1.370681373111173,0.0226954186986618,0.0068256055253881,1.9685545815983545,0.6483260857466321
