,id,name,type,testcf,pd,ft,axl,w,d,l,fpc,fyl,fsul,fyt,fsut,dlb,dlb_c,nlb,cc_per,nib_per,cc_par,nib_par,nsl,dtb_rcs,s_rcs,ar,lrr,srr,alr,sdr,smr
0,1,"Gill et al. 1979, No. 1",Rectangular,Double Ended,Shear provided,0,1815.0,550.0,550.0,1200.0,23.1,375.0,635.6,297.0,416.8,24.0,24.0,12.0,40.0,2.0,40.0,2.0,4.0,10.0,80.0,0.4583333333333333,0.2913315501450661,0.09179978533216927,0.2597402597402597,0.75,0.5713038622494361
1,2,"Gill et al. 1979, No. 2",Rectangular,Double Ended,Shear provided,0,2680.0,550.0,550.0,1200.0,41.4,375.0,635.6,316.0,440.6,24.0,24.0,12.0,38.0,2.0,38.0,2.0,4.0,12.0,75.0,0.4583333333333333,0.16255456058818907,0.08370957816363633,0.21399768435341557,0.96,0.49066182653996104
2,3,"Gill et al. 1979, No. 3",Rectangular,Double Ended,Shear provided,0,2719.0,550.0,550.0,1200.0,21.4,375.0,635.6,297.0,416.8,24.0,24.0,12.0,40.0,2.0,40.0,2.0,4.0,10.0,75.0,0.4583333333333333,0.3144747106706088,0.10569844441984352,0.4200200818722484,0.8,0.5899538608159053
3,4,"Gill et al. 1979, No. 4",Rectangular,Double Ended,Shear provided,0,4265.0,550.0,550.0,1200.0,23.5,375.0,635.6,294.0,412.4,24.0,24.0,12.0,38.0,2.0,38.0,2.0,4.0,12.0,62.0,0.4583333333333333,0.2863727152489799,0.16597300378408622,0.5999648320731493,1.1612903225806452,0.44002285443490224
4,5,"Ang et al. 1981, No. 3",Rectangular,Double Ended,Shear provided,0,1435.0,400.0,400.0,1600.0,23.6,427.0,670.0,320.0,434.0,16.0,16.0,12.0,24.5,2.0,24.5,2.0,4.0,12.0,100.0,0.25,0.2728393348643067,0.15335231936167124,0.3800317796610169,0.72,0.2813037418483649
5,6,"Ang et al. 1981, No. 4",Rectangular,Double Ended,Shear provided,0,840.0,400.0,400.0,1600.0,25.0,427.0,670.0,280.0,408.0,16.0,16.0,12.0,22.5,2.0,22.5,2.0,4.0,10.0,90.0,0.25,0.2575603321119056,0.09773843811168245,0.21,0.6666666666666666,0.324226020118576
6,7,"Soesianawati et al. 1986, No. 1",Rectangular,Double Ended,Shear provided,0,744.0,400.0,400.0,1600.0,46.5,446.0,702.0,364.0,521.0,16.0,16.0,12.0,13.0,2.0,13.0,2.0,4.0,7.0,85.0,0.25,0.14463487210333395,0.03544177518622868,0.1,0.49411764705882355,0.41553298521878035
7,8,"Soesianawati et al. 1986, No. 2",Rectangular,Double Ended,Shear provided,0,2112.0,400.0,400.0,1600.0,44.0,446.0,702.0,360.0,492.0,16.0,16.0,12.0,13.0,2.0,13.0,2.0,4.0,8.0,78.0,0.25,0.15285276256375066,0.052726030549758766,0.3,0.6153846153846154,0.5016884054878995
8,9,"Soesianawati et al. 1986, No. 3",Rectangular,Double Ended,Shear provided,0,2112.0,400.0,400.0,1600.0,44.0,446.0,702.0,364.0,521.0,16.0,16.0,12.0,13.0,2.0,13.0,2.0,4.0,7.0,91.0,0.25,0.15285276256375066,0.034985918187704516,0.3,0.46153846153846156,0.6397455728309351
9,10,"Soesianawati et al. 1986, No. 4",Rectangular,Double Ended,Shear provided,0,1920.0,400.0,400.0,1600.0,40.0,446.0,702.0,255.0,402.0,16.0,16.0,12.0,13.0,2.0,13.0,2.0,4.0,6.0,94.0,0.25,0.16813803882012573,0.019175412606352596,0.3,0.3829787234042553,0.8545461440421548
10,11,"Zahn et al. 1986, No. 7",Rectangular,Double Ended,Shear provided,0,1010.0,400.0,400.0,1600.0,28.3,440.0,674.0,466.0,688.0,16.0,16.0,12.0,13.0,2.0,13.0,2.0,4.0,10.0,117.0,0.25,0.23445384043751388,0.11053593794908365,0.2230565371024735,0.5128205128205128,0.2922379306870483
11,12,"Zahn et al. 1986, No. 8",Rectangular,Double Ended,Shear provided,0,2502.0,400.0,400.0,1600.0,40.1,440.0,674.0,466.0,688.0,16.0,16.0,12.0,13.0,2.0,13.0,2.0,4.0,10.0,92.0,0.25,0.16546243601949234,0.09920729267678924,0.3899625935162095,0.6521739130434783,0.356076781034003
12,13,"Watson and Park 1989, No. 5",Rectangular,Double Ended,Shear provided,0,3280.0,400.0,400.0,1600.0,41.0,474.0,633.3,372.0,516.0,16.0,16.0,12.0,13.0,2.0,13.0,2.0,4.0,8.0,81.0,0.25,0.17433540501091457,0.05630460546271138,0.5,0.5925925925925926,0.5550323799047774
13,14,"Watson and Park 1989, No. 6",Rectangular,Double Ended,Shear provided,0,3200.0,400.0,400.0,1600.0,40.0,474.0,633.3,388.0,518.0,16.0,16.0,12.0,13.0,2.0,13.0,2.0,4.0,6.0,96.0,0.25,0.1786937901361874,0.02856885819358218,0.5,0.375,0.7893136945394303
14,15,"Watson and Park 1989, No. 7",Rectangular,Double Ended,Shear provided,0,4704.0,400.0,400.0,1600.0,42.0,474.0,633.3,308.0,444.0,16.0,16.0,12.0,13.0,2.0,13.0,2.0,4.0,12.0,96.0,0.25,0.17018456203446422,0.08639379797371931,0.7,0.75,0.4056880596584606
15,16,"Watson and Park 1989, No. 8",Rectangular,Double Ended,Shear provided,0,4368.0,400.0,400.0,1600.0,39.0,474.0,633.3,372.0,516.0,16.0,16.0,12.0,13.0,2.0,13.0,2.0,4.0,8.0,77.0,0.25,0.18327568219096146,0.0622669313159056,0.7,0.6233766233766234,0.5019242702960833
16,17,"Watson and Park 1989, No. 9",Rectangular,Double Ended,Shear provided,0,4480.0,400.0,400.0,1600.0,40.0,474.0,633.3,308.0,444.0,16.0,16.0,12.0,13.0,2.0,13.0,2.0,4.0,12.0,52.0,0.25,0.1786937901361874,0.16747105453367128,0.7,1.3846153846153846,0.251517175740927
17,18,"Tanaka and Park 1990, No. 1",Rectangular,Double Ended,Shear provided,0,819.0,400.0,400.0,1600.0,25.6,474.0,721.0,333.0,481.0,20.0,20.0,8.0,40.0,1.0,40.0,1.0,3.0,12.0,80.0,0.25,0.29084275738311755,0.137920212638798,0.199951171875,0.9,0.25669734622631224
18,19,"Tanaka and Park 1990, No. 2",Rectangular,Double Ended,Shear provided,0,819.0,400.0,400.0,1600.0,25.6,474.0,721.0,333.0,481.0,20.0,20.0,8.0,40.0,1.0,40.0,1.0,3.0,12.0,80.0,0.25,0.29084275738311755,0.137920212638798,0.199951171875,0.9,0.25669734622631224
19,20,"Tanaka and Park 1990, No. 3",Rectangular,Double Ended,Shear provided,0,819.0,400.0,400.0,1600.0,25.6,474.0,721.0,333.0,481.0,20.0,20.0,8.0,40.0,1.0,40.0,1.0,3.0,12.0,80.0,0.25,0.29084275738311755,0.137920212638798,0.199951171875,0.9,0.25669734622631224
20,21,"Tanaka and Park 1990, No. 4",Rectangular,Double Ended,Shear provided,0,819.0,400.0,400.0,1600.0,25.6,474.0,721.0,333.0,481.0,20.0,20.0,8.0,40.0,1.0,40.0,1.0,3.0,12.0,80.0,0.25,0.29084275738311755,0.137920212638798,0.199951171875,0.9,0.25669734622631224
21,22,"Tanaka and Park 1990, No. 5",Rectangular,Cantilever,Shear provided,0,968.0,550.0,550.0,1650.0,32.0,511.0,675.0,325.0,429.0,20.0,20.0,12.0,40.0,2.0,40.0,2.0,4.0,12.0,110.0,0.3333333333333333,0.19901080735343604,0.07594345877479458,0.1,0.6545454545454545,0.3375486024803053
22,23,"Tanaka and Park 1990, No. 6",Rectangular,Cantilever,Shear provided,0,968.0,550.0,550.0,1650.0,32.0,511.0,675.0,325.0,429.0,20.0,20.0,12.0,40.0,2.0,40.0,2.0,4.0,12.0,110.0,0.3333333333333333,0.19901080735343604,0.07594345877479458,0.1,0.6545454545454545,0.3375486024803053
23,24,"Tanaka and Park 1990, No. 7",Rectangular,Cantilever,Shear provided,0,2913.0,550.0,550.0,1650.0,32.1,511.0,675.0,325.0,429.0,20.0,20.0,12.0,40.0,2.0,40.0,2.0,4.0,12.0,90.0,0.3333333333333333,0.19839083599096427,0.09253062474464414,0.2999922762029814,0.8,0.4360469609102643
24,25,"Tanaka and Park 1990, No. 8",Rectangular,Cantilever,Shear provided,0,2913.0,550.0,550.0,1650.0,32.1,511.0,675.0,325.0,429.0,20.0,20.0,12.0,40.0,2.0,40.0,2.0,4.0,12.0,90.0,0.3333333333333333,0.19839083599096427,0.09253062474464414,0.2999922762029814,0.8,0.4360469609102643
25,26,"Park and Paulay 1990, No. 9",Rectangular,Cantilever,Shear provided,0,646.0,400.0,600.0,1784.0,26.9,432.0,0.0,305.0,0.0,24.0,24.0,10.0,24.0,1.0,24.0,2.0,3.0,12.0,80.0,0.336322869955157,0.3027140579221094,0.1202184735237544,0.10006195786864931,0.9,0.3023268160129571
26,27,"Arakawa et al. 1982, No. 102",Rectangular,Double Cantilever,Feff provided,0,429.0,250.0,250.0,375.0,20.6,392.8,0.0,323.0,0.0,9.5,9.5,6.0,0.0,1.0,0.0,0.0,3.0,5.5,32.0,0.6666666666666666,0.1297515587048026,0.1396953113777115,0.3332038834951456,1.03125,0.45991944306134824
27,28,"Nagasaka 1982, HPRC10-63",Rectangular,Double Cantilever,Shear provided,2,147.0,200.0,200.0,300.0,21.6,371.0,541.0,344.0,434.0,12.7,12.7,4.0,12.0,0.0,12.0,0.0,2.0,5.5,35.0,0.6666666666666666,0.21757925317728197,0.10810652497769638,0.1701388888888889,0.9428571428571428,0.5004793428693395
28,29,"Nagasaka 1982, HPRC19-32",Rectangular,Double Cantilever,Shear provided,1,294.0,200.0,200.0,300.0,21.0,371.0,541.0,344.0,434.0,12.7,12.7,4.0,12.0,0.0,12.0,0.0,2.0,5.5,20.0,0.6666666666666666,0.22379580326806148,0.1945917449598535,0.35,1.65,0.43916086535942256
29,30,"Ohno and Nishioka 1984, L1",Rectangular,Cantilever,P Ram rotation increases V,0,127.0,400.0,400.0,1600.0,24.8,362.0,0.0,325.0,0.0,19.0,19.0,8.0,31.5,2.0,31.5,0.0,2.0,9.0,100.0,0.25,0.20693024755868009,0.04168469082951175,0.032006048387096774,0.54,0.317109063496893
30,31,"Ohno and Nishioka 1984, L2",Rectangular,Cantilever,P Ram rotation increases V,0,127.0,400.0,400.0,1600.0,24.8,362.0,0.0,325.0,0.0,19.0,19.0,8.0,31.5,2.0,31.5,0.0,2.0,9.0,100.0,0.25,0.20693024755868009,0.04168469082951175,0.032006048387096774,0.54,0.317109063496893
31,32,"Ohno and Nishioka 1984, L3",Rectangular,Cantilever,P Ram rotation increases V,0,127.0,400.0,400.0,1600.0,24.8,362.0,0.0,325.0,0.0,19.0,19.0,8.0,31.5,2.0,31.5,0.0,2.0,9.0,100.0,0.25,0.20693024755868009,0.04168469082951175,0.032006048387096774,0.54,0.317109063496893
32,33,"Ohue et al. 1985, 2D16RS",Rectangular,Double Cantilever,Feff provided,1,183.0,200.0,200.0,400.0,32.0,369.0,0.0,316.0,0.0,16.0,16.0,4.0,11.0,0.0,11.0,0.0,2.0,5.5,50.0,0.5,0.23184953783492673,0.0469226315244763,0.14296875,0.66,0.6974662083509454
33,34,"Ohue et al. 1985, 4D13RS",Rectangular,Double Cantilever,Feff provided,1,183.0,200.0,200.0,400.0,29.9,370.0,0.0,316.0,0.0,13.0,13.0,8.0,12.5,2.0,12.5,0.0,2.0,5.5,50.0,0.5,0.32850131877754146,0.05021820096265023,0.15301003344481606,0.66,0.8136152798874033
34,35,"Zhou et al. 1985, No. 806",Rectangular,Double Cantilever,Feff provided,1,124.0,80.0,80.0,80.0,32.3,336.0,379.0,341.0,448.0,6.0,6.0,4.0,10.0,0.0,10.0,0.0,2.0,4.0,80.0,1.0,0.1838269385537062,0.04145832410503559,0.5998452012383901,0.3,1.0064576890039063
35,36,"Zhou et al. 1985, No. 1007",Rectangular,Double Cantilever,Feff provided,1,152.0,80.0,80.0,80.0,34.0,336.0,379.0,341.0,448.0,6.0,6.0,4.0,10.0,0.0,10.0,0.0,2.0,4.0,80.0,1.0,0.17463559162602085,0.03938540789978381,0.698529411764706,0.3,0.9500875444791055
36,37,"Zhou et al. 1985, No. 1309",Rectangular,Double Cantilever,Feff provided,1,189.0,80.0,80.0,80.0,32.8,336.0,379.0,341.0,448.0,6.0,6.0,4.0,10.0,0.0,10.0,0.0,2.0,4.0,80.0,1.0,0.18102469863672896,0.04082633745709298,0.9003429878048782,0.3,0.7326554498392694
37,38,"Imai and Yamamoto 1986, No. 1",Rectangular,Double Cantilever,Not defined in report,2,392.0,400.0,500.0,825.0,27.1,318.0,0.0,336.0,0.0,22.0,22.0,14.0,37.0,3.0,37.0,2.0,2.0,9.0,100.0,0.6060606060606061,0.312241850506936,0.03943800076572869,0.07232472324723248,0.54,0.8408005898848254
38,39,"Zhou et al. 1987, No. 104-08",Rectangular,Double Cantilever,Feff provided,2,406.0,160.0,160.0,160.0,19.8,341.0,448.0,559.0,589.0,9.5,9.5,8.0,12.5,1.0,12.5,1.0,2.0,5.0,40.0,1.0,0.3814839777161825,0.17323136574304512,0.8009785353535354,0.75,0.6279045324999748
39,40,"Zhou et al. 1987, No. 114-08",Rectangular,Double Cantilever,Feff provided,2,406.0,160.0,160.0,160.0,19.8,341.0,448.0,559.0,589.0,9.5,9.5,8.0,12.5,1.0,12.5,1.0,2.0,5.0,40.0,1.0,0.3814839777161825,0.17323136574304512,0.8009785353535354,0.75,0.6279045324999748
40,41,"Zhou et al. 1987, No. 124-08",Rectangular,Double Cantilever,Feff provided,2,406.0,160.0,160.0,160.0,19.8,341.0,448.0,559.0,589.0,9.5,9.5,8.0,12.5,1.0,12.5,1.0,3.4,5.0,40.0,1.0,0.3814839777161825,0.2944933217631767,0.8009785353535354,0.75,0.4817285676250666
41,42,"Zhou et al. 1987, No. 204-08",Rectangular,Double Cantilever,Feff provided,1,432.0,160.0,160.0,320.0,21.1,341.0,448.0,559.0,589.0,9.5,9.5,8.0,12.5,1.0,12.5,1.0,2.0,5.0,40.0,0.5,0.35798022553461667,0.16255834320911344,0.7997630331753555,0.75,0.448258263926912
42,43,"Zhou et al. 1987, No. 214-08",Rectangular,Double Cantilever,Feff provided,0,432.0,160.0,160.0,320.0,21.1,341.0,448.0,559.0,589.0,9.5,9.5,8.0,12.5,1.0,12.5,1.0,2.0,5.0,40.0,0.5,0.35798022553461667,0.16255834320911344,0.7997630331753555,0.75,0.448258263926912
43,44,"Zhou et al. 1987, No. 223-09",Rectangular,Double Cantilever,Feff provided,1,486.0,160.0,160.0,320.0,21.1,341.0,448.0,559.0,589.0,9.5,9.5,8.0,12.5,1.0,12.5,1.0,3.4,5.0,40.0,0.5,0.35798022553461667,0.2763491834554928,0.8997334123222749,0.75,0.2854788356737223
44,45,"Zhou et al. 1987, No. 302-07",Rectangular,Double Cantilever,Feff provided,1,517.0,160.0,160.0,480.0,28.8,341.0,448.0,559.0,589.0,9.5,9.5,8.0,12.5,1.0,12.5,1.0,2.0,5.0,40.0,0.3333333333333333,0.2622702346798754,0.11909656394834353,0.7012261284722222,0.75,0.4248261326582708
45,46,"Zhou et al. 1987, No. 312-07",Rectangular,Double Cantilever,Feff provided,1,517.0,160.0,160.0,480.0,28.8,341.0,448.0,559.0,589.0,9.5,9.5,8.0,12.5,1.0,12.5,1.0,2.0,5.0,40.0,0.3333333333333333,0.2622702346798754,0.11909656394834353,0.7012261284722222,0.75,0.4248261326582708
46,47,"Zhou et al. 1987, No. 322-07",Rectangular,Double Cantilever,Feff provided,1,517.0,160.0,160.0,480.0,28.8,341.0,448.0,559.0,589.0,9.5,9.5,8.0,12.5,1.0,12.5,1.0,3.4,5.0,40.0,0.3333333333333333,0.2622702346798754,0.20246415871218398,0.7012261284722222,0.75,0.2919738435862078
47,48,"Kanda et al. 1988, 85STC-1",Rectangular,Double Cantilever,Shear provided,0,184.0,250.0,250.0,750.0,27.9,374.0,494.0,506.0,540.0,12.7,12.7,8.0,35.0,1.0,35.0,1.0,2.0,5.5,50.0,0.3333333333333333,0.21735753081859685,0.06894163147264828,0.10551971326164875,0.66,0.38012152821882406
48,49,"Kanda et al. 1988, 85STC-2",Rectangular,Double Cantilever,Shear provided,0,184.0,250.0,250.0,750.0,27.9,374.0,494.0,506.0,540.0,12.7,12.7,8.0,35.0,1.0,35.0,1.0,2.0,5.5,50.0,0.3333333333333333,0.21735753081859685,0.06894163147264828,0.10551971326164875,0.66,0.38012152821882406
49,50,"Kanda et al. 1988, 85STC-3",Rectangular,Double Cantilever,Shear provided,0,184.0,250.0,250.0,750.0,27.9,374.0,494.0,506.0,540.0,12.7,12.7,8.0,35.0,1.0,35.0,1.0,2.0,5.5,50.0,0.3333333333333333,0.21735753081859685,0.06894163147264828,0.10551971326164875,0.66,0.38012152821882406
50,51,"Kanda et al. 1988, 85PDC-1",Rectangular,Double Cantilever,Shear provided,0,184.0,250.0,250.0,750.0,24.8,374.0,494.0,352.0,0.0,12.7,12.7,8.0,35.0,1.0,35.0,1.0,2.0,5.5,50.0,0.3333333333333333,0.24452722217092146,0.05395432028294213,0.11870967741935484,0.66,0.4853883411205785
51,52,"Kanda et al. 1988, 85PDC-2",Rectangular,Double Cantilever,Shear provided,0,184.0,250.0,250.0,750.0,27.9,374.0,494.0,506.0,540.0,12.7,12.7,8.0,35.0,1.0,35.0,1.0,2.0,5.5,50.0,0.3333333333333333,0.21735753081859685,0.06894163147264828,0.10551971326164875,0.66,0.38012152821882406
52,53,"Kanda et al. 1988, 85PDC-3",Rectangular,Double Cantilever,Shear provided,0,184.0,250.0,250.0,750.0,27.9,374.0,494.0,506.0,540.0,12.7,12.7,8.0,35.0,1.0,35.0,1.0,2.0,5.5,50.0,0.3333333333333333,0.21735753081859685,0.06894163147264828,0.10551971326164875,0.66,0.38012152821882406
53,54,"Arakawa et al. 1989, OA2",Rectangular,Double Cantilever,Feff provided,2,190.0,180.0,180.0,225.0,31.8,340.0,0.0,249.0,0.0,12.7,12.7,8.0,10.0,1.0,10.0,1.0,2.0,4.0,64.3,0.8,0.3344214280867094,0.017003119565190218,0.1844087273856666,0.37325038880248834,1.3872936803280393
54,55,"Arakawa et al. 1989, OA5",Rectangular,Double Cantilever,Feff provided,2,476.0,180.0,180.0,225.0,33.0,340.0,0.0,249.0,0.0,12.7,12.7,8.0,10.0,1.0,10.0,1.0,2.0,4.0,64.3,0.8,0.3222606488835563,0.016384824308274207,0.4451926674148896,0.37325038880248834,1.3997154684536797
55,56,"Muguruma et al. 1989, AL-1",Rectangular,Double Ended,Shear provided,0,1371.0,200.0,200.0,500.0,85.7,399.6,0.0,328.4,0.0,12.7,12.7,12.0,9.0,2.0,9.0,2.0,4.0,6.0,35.0,0.4,0.17719980336700122,0.061912260356392676,0.3999416569428238,1.0285714285714285,0.7328536245734415
56,57,"Muguruma et al. 1989, AH-1",Rectangular,Double Ended,Shear provided,0,1371.0,200.0,200.0,500.0,85.7,399.6,0.0,792.3,0.0,12.7,12.7,12.0,9.0,2.0,9.0,2.0,4.0,6.0,35.0,0.4,0.17719980336700122,0.14936992655411058,0.3999416569428238,1.0285714285714285,0.401877103744444
57,58,"Muguruma et al. 1989, AL-2",Rectangular,Double Ended,Shear provided,0,2156.0,200.0,200.0,500.0,85.7,399.6,0.0,328.4,0.0,12.7,12.7,12.0,9.0,2.0,9.0,2.0,4.0,6.0,35.0,0.4,0.17719980336700122,0.061912260356392676,0.6289381563593932,1.0285714285714285,0.7386460552584349
58,59,"Mugumura et al. 1989, AH-2",Rectangular,Double Ended,Shear provided,0,2156.0,200.0,200.0,500.0,85.7,399.6,0.0,792.3,0.0,12.7,12.7,12.0,9.0,2.0,9.0,2.0,4.0,6.0,35.0,0.4,0.17719980336700122,0.14936992655411058,0.6289381563593932,1.0285714285714285,0.42182880131942857
59,60,"Muguruma et al. 1989, BL-1",Rectangular,Double Ended,Shear provided,0,1176.0,200.0,200.0,500.0,115.8,399.6,0.0,328.4,0.0,12.7,12.7,12.0,9.0,2.0,9.0,2.0,4.0,6.0,35.0,0.4,0.13114009627419693,0.04581934984924743,0.2538860103626943,1.0285714285714285,0.7354618376348381
60,61,"Muguruma et al. 1989, BH-1",Rectangular,Double Ended,Shear provided,0,1176.0,200.0,200.0,500.0,115.8,399.6,0.0,792.3,0.0,12.7,12.7,12.0,9.0,2.0,9.0,2.0,4.0,6.0,35.0,0.4,0.13114009627419693,0.1105440648159523,0.2538860103626943,1.0285714285714285,0.4044944819017809
61,62,"Muguruma et al. 1989, BL-2",Rectangular,Double Ended,Shear provided,0,1959.0,200.0,200.0,500.0,115.8,399.6,0.0,328.4,0.0,12.7,12.7,12.0,9.0,2.0,9.0,2.0,4.0,6.0,35.0,0.4,0.13114009627419693,0.04581934984924743,0.4229274611398964,1.0285714285714285,0.850146878123982
62,63,"Muguruma et al. 1989, BH-2",Rectangular,Double Ended,Shear provided,0,1959.0,200.0,200.0,500.0,115.8,399.6,0.0,792.3,0.0,12.7,12.7,12.0,9.0,2.0,9.0,2.0,4.0,6.0,35.0,0.4,0.13114009627419693,0.1105440648159523,0.4229274611398964,1.0285714285714285,0.48906908849123965
63,64,"Ono et al. 1989, CA025C",Rectangular,Double Cantilever,Shear provided,1,265.0,200.0,200.0,300.0,25.8,361.0,533.0,426.0,595.0,9.5,9.5,12.0,19.0,2.0,19.0,2.0,4.0,6.0,70.0,0.6666666666666666,0.2975403315468571,0.1333872229663706,0.2567829457364341,0.5142857142857142,0.5830453924023533
64,65,"Ono et al. 1989, CA060C",Rectangular,Double Cantilever,Shear provided,1,636.0,200.0,200.0,300.0,25.8,361.0,533.0,426.0,595.0,9.5,9.5,12.0,19.0,2.0,19.0,2.0,4.0,6.0,70.0,0.6666666666666666,0.2975403315468571,0.1333872229663706,0.6162790697674418,0.5142857142857142,0.6346909067495913
65,66,"Sakai et al. 1990, B1",Rectangular,Double Cantilever,Feff provided,0,2176.0,250.0,250.0,500.0,99.5,379.0,571.0,774.0,857.0,12.7,12.7,12.0,23.5,2.0,23.5,2.0,4.0,5.0,60.0,0.5,0.09264344180644901,0.04073019621237019,0.3499095477386935,0.5,0.8880912841843789
66,67,"Sakai et al. 1990, B2",Rectangular,Double Cantilever,Feff provided,0,2176.0,250.0,250.0,500.0,99.5,379.0,571.0,774.0,857.0,12.7,12.7,12.0,23.5,2.0,23.5,2.0,4.0,5.0,40.0,0.5,0.09264344180644901,0.061095294318555274,0.3499095477386935,0.75,0.7253276016237306
67,68,"Sakai et al. 1990, B3",Rectangular,Double Cantilever,Feff provided,0,2176.0,250.0,250.0,500.0,99.5,379.0,571.0,344.0,381.0,12.7,12.7,12.0,23.5,2.0,23.5,2.0,4.0,5.5,60.0,0.5,0.09264344180644901,0.021903794407541297,0.3499095477386935,0.55,1.1205429259908617
68,69,"Sakai et al. 1990, B4",Rectangular,Double Cantilever,Feff provided,0,2176.0,250.0,250.0,500.0,99.5,379.0,571.0,1126.0,1315.0,12.7,12.7,12.0,23.5,2.0,23.5,2.0,4.0,5.0,60.0,0.5,0.09264344180644901,0.059253489580269804,0.3499095477386935,0.5,0.7375526334022376
69,70,"Sakai et al. 1990, B5",Rectangular,Double Cantilever,Feff provided,0,2176.0,250.0,250.0,500.0,99.5,379.0,571.0,774.0,857.0,12.7,12.7,12.0,23.5,2.0,23.5,2.0,2.0,5.0,30.0,0.5,0.09264344180644901,0.04073019621237019,0.3499095477386935,1.0,0.8880912841843789
70,71,"Sakai et al. 1990, B6",Rectangular,Double Cantilever,Feff provided,0,2176.0,250.0,250.0,500.0,99.5,379.0,571.0,857.0,934.0,12.7,12.7,12.0,23.5,2.0,23.5,2.0,2.0,7.0,60.0,0.5,0.09264344180644901,0.04419594649989821,0.3499095477386935,0.7,0.8554238214500155
71,72,"Sakai et al. 1990, B7",Rectangular,Double Cantilever,Feff provided,0,2176.0,250.0,250.0,500.0,99.5,339.0,512.0,774.0,857.0,19.0,19.0,4.0,30.5,0.0,30.5,0.0,2.0,5.0,30.0,0.5,0.061823512338277826,0.04073019621237019,0.3499095477386935,1.0,0.8419882391256606
72,73,"Amitsu et al. 1991, CB060C",Rectangular,Double Cantilever,Shear provided,1,2632.0,278.0,278.0,323.0,46.3,441.0,0.0,414.0,0.0,13.0,13.0,24.0,28.0,3.0,28.0,3.0,4.0,6.0,52.0,0.8606811145510835,0.3926050072969658,0.06995577689400573,0.7355552542288,0.6923076923076923,1.0338885352130325
73,74,"Wight and Sozen 1973, No. 40.033a(East)",Rectangular,Double Ended,P Ram rotation decreases V,1,189.0,152.0,305.0,876.0,34.7,496.0,835.0,345.0,551.0,19.0,19.0,4.0,22.3,0.0,35.0,0.0,2.0,6.3,127.0,0.3481735159817352,0.3496760188906104,0.03211022045963038,0.11748675321316944,0.29763779527559053,0.8637534569908988
74,75,"Wight and Sozen 1973, No. 40.033a(West)",Rectangular,Double Ended,P Ram rotation decreases V,1,189.0,152.0,305.0,876.0,34.7,496.0,835.0,345.0,551.0,19.0,19.0,4.0,22.3,0.0,35.0,0.0,2.0,6.3,127.0,0.3481735159817352,0.3496760188906104,0.03211022045963038,0.11748675321316944,0.29763779527559053,0.8637534569908988
75,76,"Wight and Sozen 1973, No. 40.048(East)",Rectangular,Double Ended,P Ram rotation decreases V,1,178.0,152.0,305.0,876.0,26.1,496.0,835.0,345.0,551.0,19.0,19.0,4.0,22.3,0.0,35.0,0.0,2.0,6.3,89.0,0.3481735159817352,0.4648949369924974,0.06091804664150205,0.14710792432371675,0.42471910112359545,0.7177392313139335
76,77,"Wight and Sozen 1973, No. 40.048(West)",Rectangular,Double Ended,P Ram rotation decreases V,1,178.0,152.0,305.0,876.0,26.1,496.0,835.0,345.0,551.0,19.0,19.0,4.0,22.3,0.0,35.0,0.0,2.0,6.3,89.0,0.3481735159817352,0.4648949369924974,0.06091804664150205,0.14710792432371675,0.42471910112359545,0.7177392313139335
77,78,"Wight and Sozen 1973, No. 40.033(East)",Rectangular,Double Ended,P Ram rotation decreases V,1,178.0,152.0,305.0,876.0,33.6,496.0,835.0,345.0,551.0,19.0,19.0,4.0,22.3,0.0,35.0,0.0,2.0,6.3,127.0,0.3481735159817352,0.3611237456995292,0.03316144791515399,0.11427133407288714,0.29763779527559053,0.8591207596753869
78,79,"Wight and Sozen 1973, No. 40.033(West)",Rectangular,Double Ended,P Ram rotation decreases V,1,178.0,152.0,305.0,876.0,33.6,496.0,835.0,345.0,551.0,19.0,19.0,4.0,22.3,0.0,35.0,0.0,2.0,6.3,127.0,0.3481735159817352,0.3611237456995292,0.03316144791515399,0.11427133407288714,0.29763779527559053,0.8591207596753869
79,80,"Wight and Sozen 1973, No. 25.033(East)",Rectangular,Double Ended,P Ram rotation decreases V,2,111.0,152.0,305.0,876.0,33.6,496.0,835.0,345.0,551.0,19.0,19.0,4.0,22.3,0.0,35.0,0.0,2.0,6.3,127.0,0.3481735159817352,0.3611237456995292,0.03316144791515399,0.07125909034882288,0.29763779527559053,0.8067883082853605
80,81,"Wight and Sozen 1973, No. 25.033(West)",Rectangular,Double Ended,P Ram rotation decreases V,1,111.0,152.0,305.0,876.0,33.6,496.0,835.0,345.0,551.0,19.0,19.0,4.0,22.3,0.0,35.0,0.0,2.0,6.3,127.0,0.3481735159817352,0.3611237456995292,0.03316144791515399,0.07125909034882288,0.29763779527559053,0.8067883082853605
81,82,"Wight and Sozen 1973, No. 40.067(East)",Rectangular,Double Ended,P Ram rotation decreases V,1,178.0,152.0,305.0,876.0,33.4,496.0,835.0,345.0,551.0,19.0,19.0,4.0,22.3,0.0,35.0,0.0,2.0,6.3,64.0,0.3481735159817352,0.3632861633384486,0.06619878861505667,0.11495559355835352,0.590625,0.5705912752896436
82,83,"Wight and Sozen 1973, No. 40.067(West)",Rectangular,Double Ended,P Ram rotation decreases V,1,178.0,152.0,305.0,876.0,33.4,496.0,835.0,345.0,551.0,19.0,19.0,4.0,22.3,0.0,35.0,0.0,2.0,6.3,64.0,0.3481735159817352,0.3632861633384486,0.06619878861505667,0.11495559355835352,0.590625,0.5705912752896436
83,84,"Wight and Sozen 1973, No. 40.147(East)",Rectangular,Double Ended,P Ram rotation decreases V,1,178.0,152.0,305.0,876.0,33.5,496.0,835.0,317.0,482.0,19.0,19.0,4.0,19.1,0.0,32.0,0.0,2.0,9.5,64.0,0.3481735159817352,0.3622017270299756,0.1378980042602271,0.11461244253280621,0.890625,0.3281958893733395
84,85,"Wight and Sozen 1973, No. 40.147(West)",Rectangular,Double Ended,P Ram rotation decreases V,1,178.0,152.0,305.0,876.0,33.5,496.0,835.0,317.0,482.0,19.0,19.0,4.0,19.1,0.0,32.0,0.0,2.0,9.5,64.0,0.3481735159817352,0.3622017270299756,0.1378980042602271,0.11461244253280621,0.890625,0.3281958893733395
85,86,"Wight and Sozen 1973, No. 40.092(East)",Rectangular,Double Ended,P Ram rotation decreases V,1,178.0,152.0,305.0,876.0,33.5,496.0,835.0,317.0,482.0,19.0,19.0,4.0,19.1,0.0,32.0,0.0,2.0,9.5,102.0,0.3481735159817352,0.3622017270299756,0.08652423796720131,0.11461244253280621,0.5588235294117647,0.47119169076848094
86,87,"Wight and Sozen 1973, No. 40.092(West)",Rectangular,Double Ended,P Ram rotation decreases V,1,178.0,152.0,305.0,876.0,33.5,496.0,835.0,317.0,482.0,19.0,19.0,4.0,19.1,0.0,32.0,0.0,2.0,9.5,102.0,0.3481735159817352,0.3622017270299756,0.08652423796720131,0.11461244253280621,0.5588235294117647,0.47119169076848094
87,88,"Atalay and Penzien 1975, No. 1S1",Rectangular,Double Ended,Shear provided,0,267.0,305.0,305.0,1676.0,29.1,367.0,578.0,363.0,535.0,22.0,22.0,4.0,32.0,0.0,32.0,0.0,2.0,9.5,76.0,0.18198090692124105,0.20614301844803856,0.07628994328421215,0.09863217126534547,0.75,0.21189003812764867
88,89,"Atalay and Penzien 1975, No. 2S1",Rectangular,Double Ended,Shear provided,0,267.0,305.0,305.0,1676.0,30.7,367.0,578.0,363.0,535.0,22.0,22.0,4.0,32.0,0.0,32.0,0.0,2.0,9.5,127.0,0.18198090692124105,0.19539940836605613,0.04327447191960902,0.09349173237203758,0.44881889763779526,0.31556920764649965
89,90,"Atalay and Penzien 1975, No. 3S1",Rectangular,Double Ended,Shear provided,0,267.0,305.0,305.0,1676.0,29.2,367.0,578.0,363.0,535.0,22.0,22.0,4.0,32.0,0.0,32.0,0.0,2.0,9.5,76.0,0.18198090692124105,0.20543704920677816,0.07602867635515664,0.09829438985690252,0.75,0.21187999298629856
90,91,"Atalay and Penzien 1975, No. 4S1",Rectangular,Double Ended,Shear provided,0,267.0,305.0,305.0,1676.0,27.6,429.0,657.0,363.0,535.0,22.0,22.0,4.0,32.0,0.0,32.0,0.0,2.0,9.5,127.0,0.18198090692124105,0.25406437112540664,0.04813501043231873,0.10399261535585339,0.44881889763779526,0.3464564402815633
91,92,"Atalay and Penzien 1975, No. 5S1",Rectangular,Double Ended,Shear provided,0,534.0,305.0,305.0,1676.0,29.4,429.0,657.0,392.0,530.0,22.0,22.0,4.0,32.0,0.0,32.0,0.0,2.0,9.5,76.0,0.18198090692124105,0.23850940962793277,0.08154407160957113,0.19525144107629616,0.75,0.27774525745924517
92,93,"Atalay and Penzien 1975, No. 6S1",Rectangular,Double Ended,Shear provided,0,534.0,305.0,305.0,1676.0,31.8,429.0,657.0,392.0,530.0,22.0,22.0,4.0,32.0,0.0,32.0,0.0,2.0,9.5,127.0,0.18198090692124105,0.22050869946733406,0.045115157134756036,0.18051548325921718,0.44881889763779526,0.4096693497401762
93,94,"Atalay and Penzien 1975, No. 9",Rectangular,Double Ended,Shear provided,0,801.0,305.0,305.0,1676.0,33.3,363.0,563.0,392.0,530.0,22.0,22.0,4.0,32.0,0.0,32.0,0.0,2.0,9.5,76.0,0.18198090692124105,0.17817958667977238,0.0719938650246664,0.25857623277671654,0.75,0.3098309158320038
94,95,"Atalay and Penzien 1975, No. 10",Rectangular,Double Ended,Shear provided,0,801.0,305.0,305.0,1676.0,32.4,363.0,563.0,392.0,530.0,22.0,22.0,4.0,32.0,0.0,32.0,0.0,2.0,9.5,127.0,0.18198090692124105,0.18312901964309938,0.044279691261890186,0.26575890590940304,0.44881889763779526,0.4463885079772138
95,96,"Atalay and Penzien 1975, No. 11",Rectangular,Double Ended,Shear provided,0,801.0,305.0,305.0,1676.0,31.0,363.0,563.0,373.0,492.0,22.0,22.0,4.0,32.0,0.0,32.0,0.0,2.0,9.5,76.0,0.18198090692124105,0.19139936246569095,0.07358694849283072,0.277760921014989,0.75,0.3187763317666211
96,97,"Atalay and Penzien 1975, No. 12",Rectangular,Double Ended,Shear provided,0,801.0,305.0,305.0,1676.0,31.8,363.0,563.0,373.0,492.0,22.0,22.0,4.0,32.0,0.0,32.0,0.0,2.0,9.5,127.0,0.18198090692124105,0.18658428416466727,0.042928453089959184,0.27077322488882577,0.44881889763779526,0.4603836984279333
97,98,"Umehara and Jirsa 1982, CUS",Rectangular,Double Cantilever,P Ram rotation increases V,2,534.0,230.0,410.0,455.0,34.9,441.0,745.0,414.0,552.0,19.0,19.0,10.0,25.0,0.0,25.0,3.0,2.0,6.0,89.0,0.9010989010989011,0.37992559566049083,0.03277022696510392,0.16225725979696573,0.4044943820224719,1.3476022512368777
98,99,"Umehara and Jirsa 1982, CUW",Rectangular,Double Cantilever,P Ram rotation increases V,2,534.0,410.0,230.0,455.0,34.9,441.0,745.0,414.0,552.0,19.0,19.0,10.0,25.0,3.0,25.0,0.0,2.0,6.0,89.0,0.5054945054945055,0.37992559566049083,0.018383298053594885,0.16225725979696573,0.4044943820224719,1.347602251236878
99,100,"Umehara and Jirsa 1982, 2CUS",Rectangular,Double Cantilever,P Ram rotation increases V,2,1068.0,230.0,410.0,455.0,42.0,441.0,745.0,414.0,552.0,19.0,19.0,10.0,25.0,0.0,25.0,3.0,4.0,6.0,89.0,0.9010989010989011,0.31570007829883645,0.05446099624200604,0.2696561127101954,0.4044943820224719,1.1512807565832532
100,101,"Bett et al. 1985 , No. 1-1",Rectangular,Double Cantilever,P Ram rotation increases V,2,288.0,305.0,305.0,457.0,29.9,462.0,772.0,414.0,607.0,19.0,19.0,8.0,25.0,1.0,25.0,1.0,2.0,6.0,210.0,0.6673960612691466,0.3767542662236212,0.01222453635696983,0.10354320906650223,0.17142857142857143,1.4556939371652804
101,102,"Azizinamini et al. 1988, NC-2",Rectangular,Double Ended,P Ram rotation decreases V,0,1690.0,457.0,457.0,1372.0,39.3,439.0,736.0,454.0,696.0,25.4,25.4,8.0,38.1,1.0,38.1,1.0,3.4,12.7,102.0,0.33309037900874633,0.21681377510452232,0.10673901013462436,0.20590256371475127,0.7470588235294117,0.3606738234893428
102,103,"Azizinamini et al. 1988, NC-4",Rectangular,Double Ended,P Ram rotation decreases V,0,2580.0,457.0,457.0,1372.0,39.8,439.0,736.0,616.0,698.0,25.4,25.4,8.0,41.3,1.0,41.3,1.0,3.4,9.5,102.0,0.33309037900874633,0.21408998395999315,0.08001976603645093,0.3103875077353259,0.5588235294117647,0.507808151777816
103,104,"Saatcioglu and Ozcebe 1989, U1",Rectangular,Cantilever,Shear provided,0,0.0,350.0,350.0,1000.0,43.6,430.0,0.0,470.0,0.0,25.0,25.0,8.0,22.5,1.0,22.5,1.0,2.0,10.0,150.0,0.35,0.31615915583308624,0.0322531355873133,0.0,0.4,0.6585388161515336
104,105,"Saatcioglu and Ozcebe 1989, U3",Rectangular,Cantilever,Shear provided,0,600.0,350.0,350.0,1000.0,34.8,430.0,0.0,470.0,0.0,25.0,25.0,8.0,22.5,1.0,22.5,1.0,2.0,10.0,75.0,0.35,0.3961074481127173,0.0808182018164862,0.14074595355383532,0.8,0.5515910061879222
105,106,"Saatcioglu and Ozcebe 1989, U4",Rectangular,Cantilever,Shear provided,0,600.0,350.0,350.0,1000.0,32.0,438.0,0.0,470.0,0.0,25.0,25.0,8.0,22.5,1.0,22.5,1.0,2.0,10.0,50.0,0.35,0.4387811167960234,0.13183469171314313,0.15306122448979592,1.2,0.4121610008923916
106,107,"Saatcioglu and Ozcebe 1989, U6",Rectangular,Cantilever,Shear provided,0,600.0,350.0,350.0,1000.0,37.3,437.0,0.0,425.0,0.0,25.0,25.0,8.0,26.0,1.0,26.0,1.0,6.0,6.4,65.0,0.35,0.37557476325948996,0.09667179373719081,0.13131257865076326,0.5907692307692308,0.46383332142709327
107,108,"Saatcioglu and Ozcebe 1989, U7",Rectangular,Cantilever,Shear provided,0,600.0,350.0,350.0,1000.0,39.0,437.0,0.0,425.0,0.0,25.0,25.0,8.0,26.0,1.0,26.0,1.0,6.0,6.4,65.0,0.35,0.3592035556302301,0.09245789503582608,0.12558869701726844,0.5907692307692308,0.4633428575285369
108,109,"Galeota et al. 1996, AA1",Rectangular,Double Ended,Shear provided,0,1500.0,250.0,250.0,1140.0,80.0,430.0,0.0,430.0,0.0,10.0,10.0,12.0,30.0,2.0,30.0,2.0,4.0,8.0,150.0,0.21929824561403508,0.08105309046261666,0.02881887660893037,0.3,0.32,0.6295025017713053
109,110,"Galeota et al. 1996, AA2",Rectangular,Double Ended,Shear provided,0,1500.0,250.0,250.0,1140.0,80.0,430.0,0.0,430.0,0.0,10.0,10.0,12.0,30.0,2.0,30.0,2.0,4.0,8.0,150.0,0.21929824561403508,0.08105309046261666,0.02881887660893037,0.3,0.32,0.6295025017713053
110,111,"Galeota et al. 1996, AA3",Rectangular,Double Ended,Shear provided,0,1000.0,250.0,250.0,1140.0,80.0,430.0,0.0,430.0,0.0,10.0,10.0,12.0,30.0,2.0,30.0,2.0,4.0,8.0,150.0,0.21929824561403508,0.08105309046261666,0.02881887660893037,0.2,0.32,0.5264815259970339
111,112,"Galeota et al. 1996, AA4",Rectangular,Double Ended,Shear provided,0,1000.0,250.0,250.0,1140.0,80.0,430.0,0.0,430.0,0.0,10.0,10.0,12.0,30.0,2.0,30.0,2.0,4.0,8.0,150.0,0.21929824561403508,0.08105309046261666,0.02881887660893037,0.2,0.32,0.5264815259970339
112,113,"Galeota et al. 1996, BA1",Rectangular,Double Ended,Shear provided,0,1000.0,250.0,250.0,1140.0,80.0,430.0,0.0,430.0,0.0,10.0,10.0,12.0,30.0,2.0,30.0,2.0,4.0,8.0,100.0,0.21929824561403508,0.08105309046261666,0.04322831491339555,0.2,0.48,0.4032908614225711
113,114,"Galeota et al. 1996, BA2",Rectangular,Double Ended,Shear provided,0,1500.0,250.0,250.0,1140.0,80.0,430.0,0.0,430.0,0.0,10.0,10.0,12.0,30.0,2.0,30.0,2.0,4.0,8.0,100.0,0.21929824561403508,0.08105309046261666,0.04322831491339555,0.3,0.48,0.48997626497444663
114,115,"Galeota et al. 1996, BA3",Rectangular,Double Ended,Shear provided,0,1500.0,250.0,250.0,1140.0,80.0,430.0,0.0,430.0,0.0,10.0,10.0,12.0,30.0,2.0,30.0,2.0,4.0,8.0,100.0,0.21929824561403508,0.08105309046261666,0.04322831491339555,0.3,0.48,0.48997626497444663
115,116,"Galeota et al. 1996, BA4",Rectangular,Double Ended,Shear provided,0,1000.0,250.0,250.0,1140.0,80.0,430.0,0.0,430.0,0.0,10.0,10.0,12.0,30.0,2.0,30.0,2.0,4.0,8.0,100.0,0.21929824561403508,0.08105309046261666,0.04322831491339555,0.2,0.48,0.4032908614225711
116,117,"Galeota et al. 1996, CA1",Rectangular,Double Ended,Shear provided,0,1000.0,250.0,250.0,1140.0,80.0,430.0,0.0,430.0,0.0,10.0,10.0,12.0,30.0,2.0,30.0,2.0,4.0,8.0,50.0,0.21929824561403508,0.08105309046261666,0.0864566298267911,0.2,0.96,0.2369559222407397
117,118,"Galeota et al. 1996, CA2",Rectangular,Double Ended,Shear provided,0,1500.0,250.0,250.0,1140.0,80.0,430.0,0.0,430.0,0.0,10.0,10.0,12.0,30.0,2.0,30.0,2.0,4.0,8.0,50.0,0.21929824561403508,0.08105309046261666,0.0864566298267911,0.3,0.96,0.29429139748984834
118,119,"Galeota et al. 1996, CA3",Rectangular,Double Ended,Shear provided,0,1000.0,250.0,250.0,1140.0,80.0,430.0,0.0,430.0,0.0,10.0,10.0,12.0,30.0,2.0,30.0,2.0,4.0,8.0,50.0,0.21929824561403508,0.08105309046261666,0.0864566298267911,0.2,0.96,0.2369559222407397
119,120,"Galeota et al. 1996, CA4",Rectangular,Double Ended,Shear provided,0,1500.0,250.0,250.0,1140.0,80.0,430.0,0.0,430.0,0.0,10.0,10.0,12.0,30.0,2.0,30.0,2.0,4.0,8.0,50.0,0.21929824561403508,0.08105309046261666,0.0864566298267911,0.3,0.96,0.29429139748984834
120,121,"Galeota et al. 1996, AB1",Rectangular,Double Ended,Shear provided,0,1000.0,250.0,250.0,1140.0,80.0,430.0,0.0,430.0,0.0,20.0,20.0,12.0,30.0,2.0,30.0,2.0,4.0,8.0,150.0,0.21929824561403508,0.32421236185046665,0.02881887660893037,0.2,0.32,0.8437575480987506
121,122,"Galeota et al. 1996, AB2",Rectangular,Double Ended,Shear provided,0,1500.0,250.0,250.0,1140.0,80.0,430.0,0.0,430.0,0.0,20.0,20.0,12.0,30.0,2.0,30.0,2.0,4.0,8.0,150.0,0.21929824561403508,0.32421236185046665,0.02881887660893037,0.3,0.32,0.918837518695693
122,123,"Galeota et al. 1996, AB3",Rectangular,Double Ended,Shear provided,0,1500.0,250.0,250.0,1140.0,80.0,430.0,0.0,430.0,0.0,20.0,20.0,12.0,30.0,2.0,30.0,2.0,4.0,8.0,150.0,0.21929824561403508,0.32421236185046665,0.02881887660893037,0.3,0.32,0.918837518695693
123,124,"Galeota et al. 1996, AB4",Rectangular,Double Ended,Shear provided,0,1000.0,250.0,250.0,1140.0,80.0,430.0,0.0,430.0,0.0,20.0,20.0,12.0,30.0,2.0,30.0,2.0,4.0,8.0,150.0,0.21929824561403508,0.32421236185046665,0.02881887660893037,0.2,0.32,0.8437575480987506
124,125,"Galeota et al. 1996, BB",Rectangular,Double Ended,Shear provided,0,1000.0,250.0,250.0,1140.0,80.0,430.0,0.0,430.0,0.0,20.0,20.0,12.0,30.0,2.0,30.0,2.0,4.0,8.0,100.0,0.21929824561403508,0.32421236185046665,0.04322831491339555,0.2,0.48,0.6463279176987847
125,126,"Galeota et al. 1996, BB1",Rectangular,Double Ended,Shear provided,0,1000.0,250.0,250.0,1140.0,80.0,430.0,0.0,430.0,0.0,20.0,20.0,12.0,30.0,2.0,30.0,2.0,4.0,8.0,100.0,0.21929824561403508,0.32421236185046665,0.04322831491339555,0.2,0.48,0.6463279176987847
126,127,"Galeota et al. 1996, BB4",Rectangular,Double Ended,Shear provided,0,1500.0,250.0,250.0,1140.0,80.0,430.0,0.0,430.0,0.0,20.0,20.0,12.0,30.0,2.0,30.0,2.0,4.0,8.0,100.0,0.21929824561403508,0.32421236185046665,0.04322831491339555,0.3,0.48,0.7151815509264842
127,128,"Galeota et al. 1996, BB4B",Rectangular,Double Ended,Shear provided,0,1500.0,250.0,250.0,1140.0,80.0,430.0,0.0,430.0,0.0,20.0,20.0,12.0,30.0,2.0,30.0,2.0,4.0,8.0,100.0,0.21929824561403508,0.32421236185046665,0.04322831491339555,0.3,0.48,0.7151815509264842
128,129,"Galeota et al. 1996, CB1",Rectangular,Double Ended,Shear provided,0,1000.0,250.0,250.0,1140.0,80.0,430.0,0.0,430.0,0.0,20.0,20.0,12.0,30.0,2.0,30.0,2.0,4.0,8.0,50.0,0.21929824561403508,0.32421236185046665,0.0864566298267911,0.2,0.96,0.37975377688456835
129,130,"Galeota et al. 1996, CB2",Rectangular,Double Ended,Shear provided,0,1000.0,250.0,250.0,1140.0,80.0,430.0,0.0,430.0,0.0,20.0,20.0,12.0,30.0,2.0,30.0,2.0,4.0,8.0,50.0,0.21929824561403508,0.32421236185046665,0.0864566298267911,0.2,0.96,0.37975377688456835
130,131,"Galeota et al. 1996, CB3",Rectangular,Double Ended,Shear provided,0,1500.0,250.0,250.0,1140.0,80.0,430.0,0.0,430.0,0.0,20.0,20.0,12.0,30.0,2.0,30.0,2.0,4.0,8.0,50.0,0.21929824561403508,0.32421236185046665,0.0864566298267911,0.3,0.96,0.4295550481248081
131,132,"Galeota et al. 1996, CB4",Rectangular,Double Ended,Shear provided,0,1500.0,250.0,250.0,1140.0,80.0,430.0,0.0,430.0,0.0,20.0,20.0,12.0,30.0,2.0,30.0,2.0,4.0,8.0,50.0,0.21929824561403508,0.32421236185046665,0.0864566298267911,0.3,0.96,0.4295550481248081
132,133,"Wehbe et al. 1998, A1",Rectangular,Cantilever,Feff provided,0,615.0,380.0,610.0,2335.0,27.2,448.0,731.0,428.0,738.0,19.1,19.1,18.0,28.0,2.0,28.0,5.0,4.0,6.0,110.0,0.26124197002141325,0.36645849974741834,0.042574637284083464,0.09754225244886565,0.32727272727272727,0.6010310465977418
133,134,"Wehbe et al. 1998, A2",Rectangular,Cantilever,Feff provided,0,1505.0,380.0,610.0,2335.0,27.2,448.0,731.0,428.0,738.0,19.1,19.1,18.0,28.0,2.0,28.0,5.0,4.0,6.0,110.0,0.26124197002141325,0.36645849974741834,0.042574637284083464,0.23870095924478504,0.32727272727272727,0.7170419442948841
134,135,"Wehbe et al. 1998, B1",Rectangular,Cantilever,Feff provided,0,601.0,380.0,610.0,2335.0,28.1,448.0,731.0,428.0,738.0,19.1,19.1,18.0,25.0,2.0,25.0,5.0,4.0,6.0,83.0,0.26124197002141325,0.35472139477330167,0.05461703672511157,0.09226876771299347,0.43373493975903615,0.4944411397001886
135,136,"Wehbe et al. 1998, B2",Rectangular,Cantilever,Feff provided,0,1514.0,380.0,610.0,2335.0,28.1,448.0,731.0,428.0,738.0,19.1,19.1,18.0,25.0,2.0,25.0,5.0,4.0,6.0,83.0,0.26124197002141325,0.35472139477330167,0.05461703672511157,0.2324374614267423,0.43373493975903615,0.6067279442691064
136,137,"Lynn et al. 1998, 3CLH18",Rectangular,Double Cantilever,Shear provided,2,503.0,457.2,457.2,1473.2,26.9,331.0,496.0,399.9,558.0,31.8,31.8,8.0,38.1,1.0,38.1,1.0,2.0,9.5,457.2,0.3103448275862069,0.37402219848522306,0.010082164249496699,0.08945472019173879,0.12467191601049869,1.2356394817981269
137,138,"Lynn et al. 1998, 2CLH18",Rectangular,Double Cantilever,Shear provided,1,503.0,457.2,457.2,1473.2,33.1,331.0,496.0,399.9,558.0,25.4,25.4,8.0,38.1,1.0,38.1,1.0,2.0,9.5,457.2,0.3103448275862069,0.19392547244381436,0.00819366218463629,0.07269885115280282,0.12467191601049869,0.875543938709692
138,139,"Lynn et al. 1998, 2CMH18",Rectangular,Double Cantilever,Shear provided,1,1512.0,457.2,457.2,1473.2,25.5,331.0,496.0,399.9,558.0,25.4,25.4,8.0,38.1,1.0,38.1,1.0,2.0,9.5,457.2,0.3103448275862069,0.25172286815255907,0.010635694835743576,0.2836606980403503,0.12467191601049869,1.1043722706495582
139,140,"Lynn et al. 1998, 3CMH18",Rectangular,Double Cantilever,Shear provided,2,1512.0,457.2,457.2,1473.2,27.6,331.0,496.0,399.9,558.0,31.8,31.8,8.0,38.1,1.0,38.1,1.0,2.0,9.5,457.2,0.3103448275862069,0.36453612823378617,0.00982645718519787,0.262077818841628,0.12467191601049869,1.3284624487819787
140,141,"Lynn et al. 1998, 3CMD12",Rectangular,Double Cantilever,Shear provided,2,1512.0,457.2,457.2,1473.2,27.6,331.0,496.0,399.9,558.0,31.8,31.8,8.0,38.1,1.0,38.1,1.0,3.4,9.5,304.8,0.3103448275862069,0.36453612823378617,0.02505746582225457,0.262077818841628,0.18700787401574803,1.016687787677207
141,142,"Lynn et al. 1996, 3SLH18",Rectangular,Double Cantilever,Shear provided,2,503.0,457.2,457.2,1473.2,26.9,331.0,496.0,399.9,558.0,31.8,31.8,8.0,38.1,1.0,38.1,1.0,2.0,9.5,457.2,0.3103448275862069,0.37402219848522306,0.010082164249496699,0.08945472019173879,0.12467191601049869,1.2356394817981269
142,143,"Lynn et al. 1996, 2SLH18",Rectangular,Double Cantilever,Shear provided,1,503.0,457.2,457.2,1473.2,33.1,331.0,496.0,399.9,558.0,25.4,25.4,8.0,38.1,1.0,38.1,1.0,2.0,9.5,457.2,0.3103448275862069,0.19392547244381436,0.00819366218463629,0.07269885115280282,0.12467191601049869,0.875543938709692
143,144,"Lynn et al. 1996, 3SMD12",Rectangular,Double Cantilever,Shear provided,1,1512.0,457.2,457.2,1473.2,25.5,331.0,496.0,399.9,558.0,31.8,31.8,8.0,38.1,1.0,38.1,1.0,3.4,9.5,304.8,0.3103448275862069,0.39455675055892153,0.027121021831146126,0.2836606980403503,0.18700787401574803,1.0178149887066579
144,145,"Xiao and Martirossyan 1998, HC4-8L19-T10-0.1P",Rectangular,Double Cantilever,Shear provided,0,489.0,254.0,254.0,508.0,76.0,510.0,0.0,510.0,0.0,19.1,19.1,8.0,13.0,1.0,13.0,1.0,3.0,9.3,51.0,0.5,0.2384161954674676,0.10556737539200993,0.09973046261881997,1.0941176470588236,0.4258382809984601
145,146,"Xiao and Martirossyan 1998, HC4-8L19-T10-0.2P",Rectangular,Double Cantilever,Shear provided,0,979.0,254.0,254.0,508.0,76.0,510.0,0.0,510.0,0.0,19.1,19.1,8.0,13.0,1.0,13.0,1.0,3.0,9.3,51.0,0.5,0.2384161954674676,0.10556737539200993,0.19966487301395655,1.0941176470588236,0.5313240571455629
146,147,"Xiao and Martirossyan 1998, HC4-8L16-T10-0.1P",Rectangular,Double Cantilever,Shear provided,0,534.0,254.0,254.0,508.0,86.0,510.0,0.0,510.0,0.0,15.9,15.9,8.0,13.0,1.0,13.0,1.0,3.0,9.3,51.0,0.5,0.14600859053696366,0.09329209918363668,0.0962443785352687,1.0941176470588236,0.3608045504179595
147,148,"Xiao and Martirossyan 1998, HC4-8L16-T10-0.2P",Rectangular,Double Cantilever,Shear provided,0,1068.0,254.0,254.0,508.0,86.0,510.0,0.0,510.0,0.0,15.9,15.9,8.0,13.0,1.0,13.0,1.0,3.0,9.3,51.0,0.5,0.14600859053696366,0.09329209918363668,0.1924887570705374,1.0941176470588236,0.4818367398358505
148,149,"Xiao and Martirossyan 1998, HC4-8L16-T6-0.1P",Rectangular,Double Cantilever,Shear provided,1,534.0,254.0,254.0,508.0,86.0,510.0,0.0,449.0,0.0,15.9,15.9,8.0,13.0,1.0,13.0,1.0,3.0,6.4,51.0,0.5,0.14600859053696366,0.03889690812652555,0.0962443785352687,0.7529411764705883,0.6415326175800443
149,150,"Xiao and Martirossyan 1998, HC4-8L16-T6-0.2P",Rectangular,Double Cantilever,Shear provided,1,1068.0,254.0,254.0,508.0,86.0,510.0,0.0,449.0,0.0,15.9,15.9,8.0,13.0,1.0,13.0,1.0,3.0,6.4,51.0,0.5,0.14600859053696366,0.03889690812652555,0.1924887570705374,0.7529411764705883,0.8126750040159209
150,151,"Sugano 1996, UC10H",Rectangular,Double Cantilever,Shear provided,0,3579.0,225.0,225.0,450.0,118.0,393.0,543.0,1415.0,1476.0,10.0,10.0,12.0,11.2,2.0,11.2,2.0,4.0,5.1,45.0,0.5,0.06200356122339177,0.09677643629346454,0.5991211550533584,0.6799999999999999,0.5866490530872542
151,152,"Sugano 1996, UC15H",Rectangular,Double Cantilever,Shear provided,0,3579.0,225.0,225.0,450.0,118.0,393.0,543.0,1424.0,1515.0,10.0,10.0,12.0,11.2,2.0,11.2,2.0,4.0,6.4,45.0,0.5,0.06200356122339177,0.15337083102710863,0.5991211550533584,0.8533333333333335,0.43192458771297887
152,153,"Sugano 1996, UC20H",Rectangular,Double Cantilever,Shear provided,0,3579.0,225.0,225.0,450.0,118.0,393.0,543.0,1424.0,1515.0,10.0,10.0,12.0,11.2,2.0,11.2,2.0,4.0,6.4,35.0,0.5,0.06200356122339177,0.19719106846342535,0.5991211550533584,1.0971428571428572,0.35867810284511237
153,154,"Sugano 1996, UC15L",Rectangular,Double Cantilever,Shear provided,0,2089.0,225.0,225.0,450.0,118.0,393.0,543.0,1424.0,1515.0,10.0,10.0,12.0,11.2,2.0,11.2,2.0,4.0,6.4,45.0,0.5,0.06200356122339177,0.15337083102710863,0.34969658924461183,0.8533333333333335,0.37998958380991554
154,155,"Sugano 1996, UC20L",Rectangular,Double Cantilever,Shear provided,0,2089.0,225.0,225.0,450.0,118.0,393.0,543.0,1424.0,1515.0,10.0,10.0,12.0,11.2,2.0,11.2,2.0,4.0,6.4,35.0,0.5,0.06200356122339177,0.19719106846342535,0.34969658924461183,1.0971428571428572,0.3120008315682824
155,156,"Nosho et al. 1996, No. 1",Rectangular,Cantilever,P Ram rotation decreases V,0,1076.0,279.4,279.4,2134.0,40.6,407.0,659.0,351.0,390.0,15.9,15.9,4.0,25.4,0.0,25.4,0.0,2.0,6.3,228.6,0.13092783505154637,0.10199049355229017,0.00843877545440735,0.33949504042801604,0.1653543307086614,0.8416744982765944
156,157,"Bayrak and Sheikh 1996, ES-1HT",Rectangular,Cantilever,P Ram rotation decreases V,0,3354.0,305.0,305.0,1842.0,72.1,454.0,700.0,463.0,648.0,19.5,19.5,8.0,11.5,1.0,11.5,1.0,2.0,16.0,95.0,0.16558089033659065,0.1617223340074178,0.08912142541089897,0.5000669066858603,1.0105263157894737,0.307396889084694
157,158,"Bayrak and Sheikh 1996, AS-2HT",Rectangular,Cantilever,P Ram rotation decreases V,0,2401.0,305.0,305.0,1842.0,71.7,454.0,700.0,542.0,683.0,19.5,19.5,8.0,14.0,1.0,14.0,1.0,3.4,11.3,90.0,0.16558089033659065,0.16262455065460002,0.09389954059091639,0.3599758167016935,0.7533333333333334,0.2691094691779293
158,159,"Bayrak and Sheikh 1996, AS-3HT",Rectangular,Cantilever,P Ram rotation decreases V,0,3340.0,305.0,305.0,1842.0,71.8,454.0,700.0,542.0,683.0,19.5,19.5,8.0,14.0,1.0,14.0,1.0,3.4,11.3,90.0,0.16558089033659065,0.1623980540659446,0.09376876128647221,0.5000602617531005,0.7533333333333334,0.29517105074940025
159,160,"Bayrak and Sheikh 1996, AS-4HT",Rectangular,Cantilever,P Ram rotation decreases V,0,3344.0,305.0,305.0,1842.0,71.9,454.0,700.0,463.0,648.0,19.5,19.5,8.0,11.5,1.0,11.5,1.0,3.4,16.0,100.0,0.16558089033659065,0.16217218750952464,0.14433146671742964,0.4999628092856429,0.96,0.20500173138288966
160,161,"Bayrak and Sheikh 1996, AS-5HT",Rectangular,Cantilever,P Ram rotation decreases V,0,4261.0,305.0,305.0,1842.0,101.8,454.0,700.0,463.0,648.0,19.5,19.5,8.0,11.5,1.0,11.5,1.0,3.4,16.0,90.0,0.16558089033659065,0.11454008135495897,0.11326601677562968,0.4499498149144478,1.0666666666666667,0.2340691064640894
161,162,"Bayrak and Sheikh 1996, AS-6HT",Rectangular,Cantilever,P Ram rotation decreases V,0,4360.0,305.0,305.0,1842.0,101.9,454.0,700.0,463.0,648.0,19.5,19.5,8.0,11.5,1.0,11.5,1.0,3.4,16.0,76.0,0.16558089033659065,0.11442767695716213,0.13399917949722628,0.459952121726962,1.263157894736842,0.20352260357512664
162,163,"Bayrak and Sheikh 1996, AS-7HT",Rectangular,Cantilever,P Ram rotation decreases V,0,4270.0,305.0,305.0,1842.0,102.0,454.0,700.0,542.0,683.0,19.5,19.5,8.0,14.0,1.0,14.0,1.0,3.4,11.3,94.0,0.16558089033659065,0.11431549296014532,0.06319709380821688,0.45001607200257154,0.721276595744681,0.3775385551998525
163,164,"Bayrak and Sheikh 1996, ES-8HT",Rectangular,Cantilever,P Ram rotation decreases V,0,4468.0,305.0,305.0,1842.0,102.2,454.0,700.0,463.0,648.0,19.5,19.5,8.0,11.5,1.0,11.5,1.0,2.0,16.0,70.0,0.16558089033659065,0.11409178358057556,0.08532809663851725,0.4699618340081759,1.3714285714285714,0.30032281429144453
164,165,"Saatcioglu and Grira 1999, BG-1",Rectangular,Cantilever,P Ram rotation decreases V,0,1782.0,350.0,350.0,1645.0,34.0,455.6,660.0,570.0,680.0,19.5,19.5,8.0,29.0,1.0,29.0,1.0,3.0,9.5,152.0,0.2127659574468085,0.26134716942806124,0.06701046830037577,0.4278511404561825,0.375,0.4796659314744768
165,166,"Saatcioglu and Grira 1999, BG-2",Rectangular,Cantilever,P Ram rotation decreases V,0,1782.0,350.0,350.0,1645.0,34.0,455.6,660.0,570.0,680.0,19.5,19.5,8.0,29.0,1.0,29.0,1.0,3.0,9.5,76.0,0.2127659574468085,0.26134716942806124,0.13402093660075154,0.4278511404561825,0.75,0.28537142027081974
166,167,"Saatcioglu and Grira 1999, BG-3",Rectangular,Cantilever,P Ram rotation decreases V,0,831.0,350.0,350.0,1645.0,34.0,455.6,660.0,570.0,680.0,19.5,19.5,8.0,29.0,1.0,29.0,1.0,3.0,9.5,76.0,0.2127659574468085,0.26134716942806124,0.13402093660075154,0.19951980792316926,0.75,0.22167539384197676
167,168,"Saatcioglu and Grira 1999, BG-4",Rectangular,Cantilever,P Ram rotation decreases V,0,1923.0,350.0,350.0,1645.0,34.0,455.6,660.0,570.0,680.0,19.5,19.5,12.0,29.0,2.0,29.0,2.0,4.0,9.5,152.0,0.2127659574468085,0.3920207541420919,0.08934729106716768,0.4617046818727491,0.375,0.45645736426862976
168,169,"Saatcioglu and Grira 1999, BG-5",Rectangular,Cantilever,P Ram rotation decreases V,0,1923.0,350.0,350.0,1645.0,34.0,455.6,660.0,570.0,680.0,19.5,19.5,12.0,29.0,2.0,29.0,2.0,4.0,9.5,76.0,0.2127659574468085,0.3920207541420919,0.17869458213433537,0.4617046818727491,0.75,0.26331795768033983
169,170,"Saatcioglu and Grira 1999, BG-6",Rectangular,Cantilever,P Ram rotation decreases V,0,1900.0,350.0,350.0,1645.0,34.0,477.8,700.0,570.0,680.0,29.9,29.9,4.0,29.0,0.0,29.0,0.0,4.0,9.5,76.0,0.2127659574468085,0.32219840710854036,0.17869458213433537,0.4561824729891957,0.75,0.24418190299590325
170,171,"Saatcioglu and Grira 1999, BG-7",Rectangular,Cantilever,P Ram rotation decreases V,0,1923.0,350.0,350.0,1645.0,34.0,455.6,660.0,580.0,720.0,19.5,19.5,12.0,29.0,2.0,29.0,2.0,4.0,6.6,76.0,0.2127659574468085,0.3920207541420919,0.08776173161700065,0.4617046818727491,0.5210526315789473,0.46247716126837357
171,172,"Saatcioglu and Grira 1999, BG-8",Rectangular,Cantilever,P Ram rotation decreases V,0,961.0,350.0,350.0,1645.0,34.0,455.6,660.0,580.0,720.0,19.5,19.5,12.0,29.0,2.0,29.0,2.0,4.0,6.6,76.0,0.2127659574468085,0.3920207541420919,0.08776173161700065,0.23073229291716688,0.5210526315789473,0.3996942430777338
172,173,"Saatcioglu and Grira 1999, BG-9",Rectangular,Cantilever,P Ram rotation decreases V,0,1923.0,350.0,350.0,1645.0,34.0,427.8,675.0,580.0,720.0,16.0,16.0,20.0,29.0,4.0,29.0,4.0,4.0,6.6,76.0,0.2127659574468085,0.4130338227186827,0.08776173161700065,0.4617046818727491,0.5210526315789473,0.4723199315140898
173,174,"Saatcioglu and Grira 1999, BG-10",Rectangular,Cantilever,P Ram rotation decreases V,0,1923.0,350.0,350.0,1645.0,34.0,427.8,675.0,570.0,680.0,16.0,16.0,20.0,29.0,4.0,29.0,4.0,4.0,9.5,76.0,0.2127659574468085,0.4130338227186827,0.17869458213433537,0.4617046818727491,0.75,0.26892207908583954
174,175,"Matamoros et al. 1999,C10-05N",Rectangular,Cantilever,Shear provided,0,142.0,203.0,203.0,610.0,69.6,586.1,739.5,406.8,639.5,15.9,15.9,4.0,40.0,0.0,32.7,0.0,2.0,9.5,76.2,0.33278688524590166,0.16229850795403622,0.053565823132700155,0.04950932769680097,0.7480314960629921,0.3367281522342284
175,176,"Matamoros et al. 1999,C10-05S",Rectangular,Cantilever,Shear provided,0,142.0,203.0,203.0,610.0,69.6,586.1,739.5,406.8,639.5,15.9,15.9,4.0,39.8,0.0,33.9,0.0,2.0,9.5,76.2,0.33278688524590166,0.16229850795403622,0.053565823132700155,0.04950932769680097,0.7480314960629921,0.3367281522342284
176,177,"Matamoros et al. 1999,C10-10N",Rectangular,Cantilever,Shear provided,0,285.0,203.0,203.0,610.0,67.8,572.3,730.8,513.7,760.2,15.9,15.9,4.0,25.8,0.0,17.4,0.0,2.0,9.5,76.2,0.33278688524590166,0.16268447028494956,0.06943779961493322,0.10200538287774151,0.7480314960629921,0.35022808893854723
177,178,"Matamoros et al. 1999,C10-10S",Rectangular,Cantilever,Shear provided,0,285.0,203.0,203.0,610.0,67.8,573.3,731.8,514.7,761.2,15.9,15.9,4.0,23.8,0.0,17.4,0.0,2.0,9.5,77.2,0.33278688524590166,0.16296873460486036,0.06867176721029357,0.10200538287774151,0.7383419689119171,0.35345859243392175
178,179,"Matamoros et al. 1999,C10-20N",Rectangular,Cantilever,Shear provided,0,569.0,203.0,203.0,610.0,65.5,572.3,730.8,513.7,760.2,15.9,15.9,4.0,22.0,0.0,14.9,0.0,2.0,9.5,76.2,0.33278688524590166,0.16839705473770353,0.07187607349454156,0.21080402098481785,0.7480314960629921,0.46159021685732465
179,180,"Matamoros et al. 1999,C10-20S",Rectangular,Cantilever,Shear provided,0,569.0,203.0,203.0,610.0,65.5,573.3,731.8,514.7,761.2,15.9,15.9,4.0,14.6,0.0,24.3,0.0,2.0,9.5,77.2,0.33278688524590166,0.1686913008581608,0.07108314224210541,0.21080402098481785,0.7383419689119171,0.46547493523206024
180,181,"Matamoros et al. 1999,C5-00N",Rectangular,Cantilever,Shear provided,0,0.0,203.0,203.0,610.0,37.9,572.3,729.1,513.7,760.2,15.9,15.9,4.0,24.0,0.0,14.6,0.0,2.0,9.5,76.2,0.33278688524590166,0.29102921069444804,0.12421854390217606,0.0,0.7480314960629921,0.20044764482147476
181,182,"Matamoros et al. 1999,C5-00S",Rectangular,Cantilever,Shear provided,0,0.0,203.0,203.0,610.0,37.9,573.3,730.1,514.7,761.2,15.9,15.9,4.0,27.8,0.0,12.6,0.0,2.0,9.5,77.2,0.33278688524590166,0.2915377363115972,0.1228481745872798,0.0,0.7383419689119171,0.20276132418047543
182,183,"Matamoros et al. 1999,C5-20N",Rectangular,Cantilever,Shear provided,0,285.0,203.0,203.0,610.0,48.3,586.1,739.5,406.8,639.5,15.9,15.9,4.0,38.3,0.0,32.7,0.0,2.0,9.5,76.2,0.33278688524590166,0.23387114189649938,0.07718801842724494,0.14318768031285453,0.7480314960629921,0.4236788856985891
183,184,"Matamoros et al. 1999,C5-20S",Rectangular,Cantilever,Shear provided,0,285.0,203.0,203.0,610.0,48.3,587.1,740.5,407.8,640.5,15.9,15.9,4.0,39.0,0.0,34.2,0.0,2.0,9.5,77.2,0.33278688524590166,0.23427017131451083,0.07637546019147431,0.14318768031285453,0.7383419689119171,0.4273172100842439
184,185,"Matamoros et al. 1999,C5-40N",Rectangular,Cantilever,Shear provided,0,569.0,203.0,203.0,610.0,38.1,572.3,729.1,513.7,760.2,15.9,15.9,4.0,20.7,0.0,17.7,0.0,2.0,9.5,76.2,0.33278688524590166,0.28950149830235117,0.12356647805492052,0.36240586284791515,0.7480314960629921,0.4309068156079041
185,186,"Matamoros et al. 1999,C5-40S",Rectangular,Cantilever,Shear provided,0,569.0,203.0,203.0,610.0,38.1,573.3,730.1,514.7,761.2,15.9,15.9,4.0,20.7,0.0,20.7,0.0,2.0,9.5,77.2,0.33278688524590166,0.29000735449368853,0.12220330227973501,0.36240586284791515,0.7383419689119171,0.4347084905735979
186,187,"Mo and Wang 2000,C1-1",Rectangular,Cantilever,P Ram rotation decreases V,0,450.0,400.0,400.0,1400.0,24.9,497.0,592.0,459.5,576.5,19.0,19.0,12.0,34.0,2.0,34.0,2.0,4.0,6.3,50.0,0.2857142857142857,0.4244391032598795,0.11505013816754979,0.11295180722891567,0.7559999999999999,0.3517943010631203
187,188,"Mo and Wang 2000,C1-2",Rectangular,Cantilever,P Ram rotation decreases V,0,675.0,400.0,400.0,1400.0,26.7,497.0,592.0,459.5,576.5,19.0,19.0,12.0,34.0,2.0,34.0,2.0,4.0,6.3,50.0,0.2857142857142857,0.39582523112999995,0.1072939490776026,0.1580056179775281,0.7559999999999999,0.38556403733594385
188,189,"Mo and Wang 2000,C1-3",Rectangular,Cantilever,P Ram rotation decreases V,0,900.0,400.0,400.0,1400.0,26.1,497.0,592.0,459.5,576.5,19.0,19.0,12.0,34.0,2.0,34.0,2.0,4.0,6.3,50.0,0.2857142857142857,0.4049246617306896,0.10976047664260496,0.21551724137931033,0.7559999999999999,0.4141792882016427
189,190,"Mo and Wang 2000,C2-1",Rectangular,Cantilever,P Ram rotation decreases V,0,450.0,400.0,400.0,1400.0,25.3,497.0,592.0,459.5,576.5,19.0,19.0,12.0,34.0,2.0,34.0,2.0,4.0,6.3,52.0,0.2857142857142857,0.41772860360359676,0.10887611889525652,0.11116600790513834,0.7269230769230769,0.3628398548515699
190,191,"Mo and Wang 2000,C2-2",Rectangular,Cantilever,P Ram rotation decreases V,0,675.0,400.0,400.0,1400.0,27.1,497.0,592.0,459.5,576.5,19.0,19.0,12.0,34.0,2.0,34.0,2.0,4.0,6.3,52.0,0.2857142857142857,0.38998279229413274,0.10164449476199225,0.15567343173431733,0.7269230769230769,0.39743654580080684
191,192,"Mo and Wang 2000,C2-3",Rectangular,Cantilever,P Ram rotation decreases V,0,900.0,400.0,400.0,1400.0,26.8,497.0,592.0,459.5,576.5,19.0,19.0,12.0,34.0,2.0,34.0,2.0,4.0,6.3,52.0,0.2857142857142857,0.3943482713123507,0.10278230627052201,0.20988805970149255,0.7269230769230769,0.42709491399505856
192,193,"Mo and Wang 2000,C3-1",Rectangular,Cantilever,P Ram rotation decreases V,0,450.0,400.0,400.0,1400.0,26.4,497.0,592.0,459.5,576.5,19.0,19.0,12.0,34.0,2.0,34.0,2.0,4.0,6.3,54.0,0.2857142857142857,0.4003232451201136,0.1004751837953139,0.10653409090909091,0.7,0.3733630561544615
193,194,"Mo and Wang 2000,C3-2",Rectangular,Cantilever,P Ram rotation decreases V,0,675.0,400.0,400.0,1400.0,27.5,497.0,592.0,459.5,576.5,19.0,19.0,12.0,34.0,2.0,34.0,2.0,4.0,6.3,54.0,0.2857142857142857,0.384310315315309,0.09645617644350134,0.1534090909090909,0.7,0.4090639081037278
194,195,"Mo and Wang 2000,C3-3",Rectangular,Cantilever,P Ram rotation decreases V,0,900.0,400.0,400.0,1400.0,26.9,497.0,592.0,459.5,576.5,19.0,19.0,12.0,34.0,2.0,34.0,2.0,4.0,6.3,54.0,0.2857142857142857,0.3928822926085873,0.09860761532328204,0.20910780669144982,0.7,0.4393741413766603
195,196,"Aboutaha and Machado 1999, ORC1",Rectangular,Cantilever,,0,0.0,305.0,508.0,1829.0,83.0,0.0,0.0,0.0,0.0,25.0,25.0,8.0,0.0,1.0,0.0,1.0,4.0,10.0,75.0,0.277747402952433,0.0,0.0,0.0,0.8,0.0
196,197,"Aboutaha and Machado 1999, ORC2",Rectangular,Cantilever,,0,1543.0,305.0,508.0,1829.0,83.0,0.0,0.0,0.0,0.0,25.0,25.0,8.0,0.0,1.0,0.0,1.0,4.0,10.0,75.0,0.277747402952433,0.0,0.0,0.11998426129974914,0.8,0.8601742878853507
197,198,"Aboutaha and Machado 1999, ORC3",Rectangular,Cantilever,,0,2058.0,305.0,508.0,1829.0,83.0,0.0,0.0,0.0,0.0,25.0,25.0,8.0,0.0,1.0,0.0,1.0,4.0,10.0,75.0,0.277747402952433,0.0,0.0,0.16003085531748784,0.8,0.9924969690318124
198,199,"Aboutaha et al. 1999, SC3",Rectangular,Cantilever,Feff provided,2,0.0,914.4,457.2,1219.2,21.9,434.0,690.0,400.0,627.0,25.0,25.0,16.0,38.0,6.0,38.0,0.0,5.0,9.5,406.4,0.375,0.3723000177534429,0.017419394551856798,0.0,0.14025590551181102,0.9495926890652812
199,200,"Aboutaha et al. 1999, SC9",Rectangular,Cantilever,Feff provided,2,0.0,457.2,914.4,1219.2,16.0,434.0,690.0,400.0,627.0,25.0,25.0,16.0,38.0,0.0,38.0,6.0,2.0,9.5,406.4,0.75,0.5095856493000249,0.01907423703428319,0.0,0.14025590551181102,1.4156272470558786
200,201,"Thomsen and Wallace 1994, A1",Rectangular,Cantilever,Feff provided,0,0.0,152.4,152.4,596.9,102.7,517.1,896.0,793.0,814.0,9.5,9.5,8.0,11.1,1.0,11.1,1.0,3.0,3.2,25.4,0.25531914893617025,0.12293095036171013,0.048127705028581096,0.0,0.7559055118110237,0.16360349534301952
201,202,"Thomsen and Wallace 1994, A3",Rectangular,Cantilever,Feff provided,0,401.0,152.4,152.4,596.9,86.3,517.1,896.0,793.0,814.0,9.5,9.5,8.0,11.1,1.0,11.1,1.0,3.0,3.2,25.4,0.25531914893617025,0.14629210431225528,0.057273642021266266,0.20006155629666736,0.7559055118110237,0.42976350858419904
202,203,"Thomsen and Wallace 1994, B1",Rectangular,Cantilever,Feff provided,0,0.0,152.4,152.4,596.9,87.5,455.1,758.0,793.0,814.0,9.5,9.5,8.0,11.1,1.0,11.1,1.0,3.4,3.2,25.4,0.25531914893617025,0.12698602458407904,0.06401993158811409,0.0,0.7559055118110237,0.13052279941645742
203,204,"Thomsen and Wallace 1994, B2",Rectangular,Cantilever,Feff provided,0,194.0,152.4,152.4,596.9,83.4,455.1,758.0,793.0,814.0,9.5,9.5,8.0,11.1,1.0,11.1,1.0,3.4,3.2,25.4,0.25531914893617025,0.13322874281902777,0.06716719441199019,0.10015341107154367,0.7559055118110237,0.2687593113308334
204,205,"Thomsen and Wallace 1994, B3",Rectangular,Cantilever,Feff provided,0,418.0,152.4,152.4,596.9,90.0,455.1,758.0,793.0,814.0,9.5,9.5,8.0,11.1,1.0,11.1,1.0,3.4,3.2,25.4,0.25531914893617025,0.12345863501229908,0.06224160015511092,0.1999695357415406,0.7559055118110237,0.3855073815963511
205,206,"Thomsen and Wallace 1994, C1",Rectangular,Cantilever,Feff provided,0,0.0,152.4,152.4,596.9,67.5,475.8,738.0,1262.0,1448.0,9.5,9.5,8.0,11.1,1.0,11.1,1.0,3.4,3.2,25.4,0.25531914893617025,0.1720987871935894,0.1320704487528373,0.0,0.7559055118110237,0.09062180545153144
206,207,"Thomsen and Wallace 1994, C2",Rectangular,Cantilever,Feff provided,0,173.0,152.4,152.4,596.9,74.6,475.8,738.0,1262.0,1448.0,9.5,9.5,8.0,11.1,1.0,11.1,1.0,3.4,3.2,25.4,0.25531914893617025,0.1557194120049234,0.11950074116376029,0.09984753362417062,0.7559055118110237,0.176243407451157
207,208,"Thomsen and Wallace 1994, C3",Rectangular,Cantilever,Feff provided,0,380.0,152.4,152.4,596.9,81.8,475.8,738.0,1262.0,1448.0,9.5,9.5,8.0,11.1,1.0,11.1,1.0,3.4,3.2,25.4,0.25531914893617025,0.1420130578920206,0.10898233851853933,0.2000139832933836,0.7559055118110237,0.25561919947511424
208,209,"Thomsen and Wallace 1994, D1",Rectangular,Cantilever,Feff provided,0,352.0,152.4,152.4,596.9,75.8,475.8,738.0,1262.0,1448.0,9.5,9.5,8.0,11.1,1.0,11.1,1.0,3.4,3.2,31.8,0.25531914893617025,0.15325419703914622,0.09393919134545539,0.1999417660518112,0.6037735849056605,0.29471456212955083
209,210,"Thomsen and Wallace 1994, D2",Rectangular,Cantilever,Feff provided,0,404.0,152.4,152.4,596.9,87.0,475.8,738.0,1262.0,1448.0,9.5,9.5,8.0,11.1,1.0,11.1,1.0,3.4,3.2,38.1,0.25531914893617025,0.13352492109847452,0.06831230107905376,0.19993654291267715,0.5039370078740159,0.36642759987518875
210,211,"Thomsen and Wallace 1994, D3",Rectangular,Cantilever,Feff provided,0,331.0,152.4,152.4,596.9,71.2,475.8,738.0,1262.0,1448.0,9.5,9.5,8.0,11.1,1.0,11.1,1.0,3.4,3.2,44.5,0.25531914893617025,0.16315545134223713,0.07146660282374052,0.20016035662533246,0.43146067415730344,0.3719568709504272
211,212,Sezen and Moehle No. 1,Rectangular,Double Cantilever,Shear provided,1,667.0,457.2,457.2,1473.2,21.1,434.4,645.0,476.0,724.0,28.7,28.7,8.0,65.1,1.0,65.1,1.0,3.4,9.5,304.8,0.3103448275862069,0.5097281045486892,0.03901389600794176,0.15122755656546363,0.18700787401574803,0.8970551865842226
212,213,Sezen and Moehle No. 2,Rectangular,Double Cantilever,Shear provided,1,2669.0,457.2,457.2,1473.2,21.1,434.4,645.0,476.0,724.0,28.7,28.7,8.0,65.1,1.0,65.1,1.0,3.4,9.5,304.8,0.3103448275862069,0.5097281045486892,0.03901389600794176,0.6051369542327173,0.18700787401574803,0.9315649045350255
213,214,Sezen and Moehle No. 4,Rectangular,Double Cantilever,Shear provided,1,667.0,457.2,457.2,1473.2,21.8,434.4,645.0,476.0,724.0,28.7,28.7,8.0,65.1,1.0,65.1,1.0,3.4,9.5,304.8,0.3103448275862069,0.49336068834758456,0.037761156227870234,0.1463716258500588,0.18700787401574803,0.8941801812034565
214,215,"Paultre and Legeron, 2000, No. 1006015",Rectangular,Cantilever,P Ram rotation decreases V,0,1200.0,305.0,305.0,2000.0,92.4,451.0,716.0,391.0,637.0,19.5,16.0,8.0,19.0,1.0,19.0,1.0,3.4,11.3,60.0,0.1525,0.1253585566287308,0.07884594846540481,0.13960777196466526,1.1300000000000001,0.1746018639520134
215,216,"Paultre and Legeron, 2000, No. 1006025",Rectangular,Cantilever,P Ram rotation decreases V,0,2400.0,305.0,305.0,2000.0,93.3,430.0,661.0,391.0,637.0,19.5,16.0,8.0,19.0,1.0,19.0,1.0,3.4,11.3,60.0,0.1525,0.11836852182651704,0.07808537661525622,0.2765221463994656,1.1300000000000001,0.2464312592832849
216,217,"Paultre and Legeron, 2000, No. 1006040",Rectangular,Cantilever,P Ram rotation decreases V,0,3600.0,305.0,305.0,2000.0,98.2,451.0,716.0,418.0,675.0,19.5,16.0,8.0,19.0,1.0,19.0,1.0,3.4,11.3,60.0,0.1525,0.11795448709261432,0.07931208913301377,0.3940862972363056,1.1300000000000001,0.2835773128702731
217,218,"Paultre and Legeron, 2000, No. 10013015",Rectangular,Cantilever,P Ram rotation decreases V,0,1200.0,305.0,305.0,2000.0,94.8,451.0,716.0,391.0,637.0,19.5,16.0,8.0,19.0,1.0,19.0,1.0,3.4,11.3,130.0,0.1525,0.12218492228369963,0.035469160848117846,0.13607339799087628,0.5215384615384616,0.33254678754345085
218,219,"Paultre and Legeron, 2000, No. 10013025",Rectangular,Cantilever,P Ram rotation decreases V,0,2400.0,305.0,305.0,2000.0,97.7,430.0,661.0,391.0,637.0,19.5,16.0,8.0,19.0,1.0,19.0,1.0,3.4,11.3,130.0,0.1525,0.1130376979162133,0.03441634031117269,0.2640687436957026,0.5215384615384616,0.45656123431452594
219,220,"Paultre and Legeron, 2000, No. 10013040",Rectangular,Cantilever,P Ram rotation decreases V,0,3600.0,305.0,305.0,2000.0,104.3,451.0,716.0,418.0,675.0,19.5,16.0,8.0,19.0,1.0,19.0,1.0,3.4,11.3,130.0,0.1525,0.11105590251672796,0.034464697187972355,0.3710381053557547,0.5215384615384616,0.5220922308014928
220,221,"Paultre et al., 2001, No. 806040",Rectangular,Cantilever,Feff provided,0,2900.0,305.0,305.0,2000.0,78.7,446.0,719.0,438.0,689.0,19.5,16.0,8.0,19.0,1.0,19.0,1.0,3.4,11.3,60.0,0.1525,0.14554910482966407,0.10369885802646885,0.3961170963114327,1.1300000000000001,0.23376352825683047
221,222,"Paultre et al., 2001, No. 1206040",Rectangular,Cantilever,Feff provided,0,4200.0,305.0,305.0,2000.0,109.2,446.0,719.0,438.0,689.0,19.5,16.0,8.0,19.0,1.0,19.0,1.0,3.4,11.3,60.0,0.1525,0.10489665338914435,0.07473534914544962,0.4134537862030472,1.1300000000000001,0.29844482769651137
222,223,"Paultre et al., 2001, No. 1005540",Rectangular,Cantilever,Feff provided,0,4200.0,305.0,305.0,2000.0,109.5,446.0,719.0,825.0,960.0,19.5,16.0,8.0,19.0,1.0,19.0,1.0,3.4,11.3,55.0,0.1525,0.10460926529766724,0.15314505773471754,0.4123210361038607,1.232727272727273,0.15990813012284785
223,224,"Paultre et al., 2001, No. 1008040",Rectangular,Cantilever,Feff provided,0,3600.0,305.0,305.0,2000.0,104.2,446.0,719.0,825.0,960.0,19.5,16.0,8.0,19.0,1.0,19.0,1.0,3.4,11.3,80.0,0.1525,0.10993008205465031,0.11064252761604323,0.3713941879904531,0.8475000000000001,0.2064161622328339
224,225,"Paultre et al., 2001, No. 1005552",Rectangular,Cantilever,Feff provided,0,5150.0,305.0,305.0,2000.0,104.5,446.0,719.0,744.0,874.0,19.5,16.0,8.0,19.0,1.0,19.0,1.0,3.4,11.3,55.0,0.1525,0.10961449330234031,0.14471708352654164,0.5297747557185456,1.232727272727273,0.181620928886018
225,226,"Paultre et al., 2001, No. 1006052",Rectangular,Cantilever,Feff provided,0,5150.0,305.0,305.0,2000.0,109.4,446.0,719.0,492.0,715.0,19.5,16.0,8.0,19.0,1.0,19.0,1.0,3.4,11.3,60.0,0.1525,0.10470488619830495,0.08379582409506574,0.506046270316161,1.1300000000000001,0.2866513355780357
226,227,"Pujol 2002, No. 10-2-3N",Rectangular,Double Cantilever,Shear provided,0,133.0,152.4,304.8,685.8,33.7,453.0,642.6,410.9,526.8,19.0,19.0,4.0,25.4,0.0,25.4,0.0,2.0,6.3,76.2,0.4444444444444445,0.32819007720945886,0.06545868522157364,0.08496142940192243,0.4960629921259842,0.5966314155592897
227,228,"Pujol 2002, No. 10-2-3S",Rectangular,Double Cantilever,Shear provided,0,133.0,152.4,304.8,685.8,33.7,453.0,642.6,410.9,526.8,19.0,19.0,4.0,25.4,0.0,25.4,0.0,2.0,6.3,76.2,0.4444444444444445,0.32819007720945886,0.06545868522157364,0.08496142940192243,0.4960629921259842,0.5966314155592897
228,229,"Pujol 2002, No. 10-3-1.5N",Rectangular,Double Cantilever,Shear provided,0,133.0,152.4,304.8,685.8,32.1,453.0,642.6,410.9,526.8,19.0,19.0,4.0,25.4,0.0,28.6,0.0,2.0,6.3,38.1,0.4444444444444445,0.3445484611202107,0.13744284685152847,0.08919626700451047,0.9921259842519684,0.3642626213718154
229,230,"Pujol 2002, No. 10-3-1.5S",Rectangular,Double Cantilever,Shear provided,0,133.0,152.4,304.8,685.8,32.1,453.0,642.6,410.9,526.8,19.0,19.0,4.0,25.4,0.0,28.6,0.0,2.0,6.3,38.1,0.4444444444444445,0.3445484611202107,0.13744284685152847,0.08919626700451047,0.9921259842519684,0.3642626213718154
230,231,"Pujol 2002, No. 10-3-3N",Rectangular,Double Cantilever,Shear provided,0,133.0,152.4,304.8,685.8,29.9,453.0,642.6,410.9,526.8,19.0,19.0,4.0,25.4,0.0,28.6,0.0,2.0,6.3,76.2,0.4444444444444445,0.3698998529083199,0.07377784922966663,0.09575920303828715,0.4960629921259842,0.603113050808085
231,232,"Pujol 2002, No. 10-3-3S",Rectangular,Double Cantilever,Shear provided,0,133.0,152.4,304.8,685.8,29.9,453.0,642.6,410.9,526.8,19.0,19.0,4.0,25.4,0.0,28.6,0.0,2.0,6.3,76.2,0.4444444444444445,0.3698998529083199,0.07377784922966663,0.09575920303828715,0.4960629921259842,0.603113050808085
232,233,"Pujol 2002, No. 10-3-2.25N",Rectangular,Double Cantilever,Shear provided,0,133.0,152.4,304.8,685.8,27.4,453.0,642.6,410.9,526.8,19.0,19.0,4.0,25.4,0.0,28.6,0.0,2.0,6.3,57.2,0.4444444444444445,0.4036498394875462,0.10725203928327284,0.10449635660017466,0.6608391608391607,0.49846304061087976
233,234,"Pujol 2002, No. 10-3-2.25S",Rectangular,Double Cantilever,Shear provided,0,133.0,152.4,304.8,685.8,27.4,453.0,642.6,410.9,526.8,19.0,19.0,4.0,25.4,0.0,28.6,0.0,2.0,6.3,57.2,0.4444444444444445,0.4036498394875462,0.10725203928327284,0.10449635660017466,0.6608391608391607,0.49846304061087976
234,235,"Pujol 2002, No. 20-3-1.5N",Rectangular,Double Cantilever,Shear provided,0,267.0,152.4,304.8,685.8,27.4,453.0,642.6,410.9,526.8,19.0,19.0,4.0,25.4,0.0,28.6,0.0,2.0,6.3,38.1,0.4444444444444445,0.4036498394875462,0.16101880963263007,0.20977840009207996,0.9921259842519684,0.4309299592137971
235,236,"Pujol 2002, No. 20-3-1.5S",Rectangular,Double Cantilever,Shear provided,0,267.0,152.4,304.8,685.8,27.4,453.0,642.6,410.9,526.8,19.0,19.0,4.0,25.4,0.0,28.6,0.0,2.0,6.3,38.1,0.4444444444444445,0.4036498394875462,0.16101880963263007,0.20977840009207996,0.9921259842519684,0.4309299592137971
236,237,"Pujol 2002, No. 20-3-3N",Rectangular,Double Cantilever,Shear provided,0,267.0,152.4,304.8,685.8,36.4,453.0,642.6,410.9,526.8,19.0,19.0,4.0,25.4,0.0,28.6,0.0,2.0,6.3,76.2,0.4444444444444445,0.3038463077461199,0.06060323329579758,0.15791011435502725,0.4960629921259842,0.685528302696615
237,238,"Pujol 2002, No. 20-3-3S",Rectangular,Double Cantilever,Shear provided,0,267.0,152.4,304.8,685.8,36.4,453.0,642.6,410.9,526.8,19.0,19.0,4.0,25.4,0.0,28.6,0.0,2.0,6.3,76.2,0.4444444444444445,0.3038463077461199,0.06060323329579758,0.15791011435502725,0.4960629921259842,0.685528302696615
238,239,"Pujol 2002, No. 10-2-2.25N",Rectangular,Double Cantilever,Shear provided,0,133.0,152.4,304.8,685.8,34.9,453.0,642.6,410.9,526.8,19.0,19.0,4.0,25.4,0.0,28.6,0.0,2.0,6.3,57.2,0.4444444444444445,0.31690560464065226,0.08420360677254085,0.08204011950844659,0.6608391608391607,0.490591199448004
239,240,"Pujol 2002, No. 10-2-2.25S",Rectangular,Double Cantilever,Shear provided,0,133.0,152.4,304.8,685.8,34.9,453.0,642.6,410.9,526.8,19.0,19.0,4.0,25.4,0.0,28.6,0.0,2.0,6.3,57.2,0.4444444444444445,0.31690560464065226,0.08420360677254085,0.08204011950844659,0.6608391608391607,0.490591199448004
240,241,"Pujol 2002, No. 10-1-2.25N",Rectangular,Double Cantilever,Shear provided,0,133.0,152.4,304.8,685.8,36.5,453.0,642.6,410.9,526.8,19.0,19.0,4.0,25.4,0.0,28.6,0.0,2.0,6.3,57.2,0.4444444444444445,0.30301385210845927,0.08051248976333358,0.07844384029711741,0.6608391608391607,0.48891575261680137
241,242,"Pujol 2002, No. 10-1-2.25S",Rectangular,Double Cantilever,Shear provided,0,133.0,152.4,304.8,685.8,36.5,453.0,642.6,410.9,526.8,19.0,19.0,4.0,25.4,0.0,28.6,0.0,2.0,6.3,57.2,0.4444444444444445,0.30301385210845927,0.08051248976333358,0.07844384029711741,0.6608391608391607,0.48891575261680137
242,243,"Bechtoula, Kono, Arai and Watanabe, 2002, D1N30",Rectangular,Cantilever,Shear provided,0,705.0,250.0,250.0,625.0,37.6,461.0,634.3,485.0,606.1,12.7,12.7,12.0,18.5,2.0,18.5,2.0,4.0,4.0,40.0,0.4,0.29820274195397417,0.06483712497834253,0.3,0.6,0.7174106855155995
243,244,"Bechtoula, Kono, Arai and Watanabe, 2002, D1N60",Rectangular,Cantilever,Shear provided,0,1410.0,250.0,250.0,625.0,37.6,461.0,634.3,485.0,606.1,12.7,12.7,12.0,18.5,2.0,18.5,2.0,4.0,4.0,40.0,0.4,0.29820274195397417,0.06483712497834253,0.6,0.6,0.7480269765453699
244,245,"Bechtoula, Kono, Arai and Watanabe, 2002, L1D60",Rectangular,Cantilever,Shear provided,0,8000.0,600.0,600.0,1200.0,39.2,388.0,588.0,524.0,673.0,25.4,25.4,12.0,44.5,2.0,44.5,2.0,4.0,12.7,100.0,0.5,0.16717899820563695,0.11288891115947654,0.5668934240362811,0.7619999999999999,0.5468752274422612
245,246,"Bechtoula, Kono, Arai and Watanabe, 2002, L1N60",Rectangular,Cantilever,Shear provided,0,8000.0,600.0,600.0,1200.0,39.2,388.0,588.0,524.0,673.0,25.4,25.4,12.0,44.5,2.0,44.5,2.0,4.0,12.7,100.0,0.5,0.16717899820563695,0.11288891115947654,0.5668934240362811,0.7619999999999999,0.5468752274422612
246,247,"Bechtoula, Kono, Arai and Watanabe, 2002, L1N6B",Rectangular,Cantilever,Shear provided,0,6000.0,560.0,560.0,1200.0,32.2,388.0,588.0,524.0,673.0,25.4,25.4,12.0,24.5,2.0,24.5,2.0,4.0,12.7,100.0,0.4666666666666667,0.23363524593955481,0.14724640586018675,0.594181772087717,0.7619999999999999,0.4691576921619353
247,248,"Takemura and Kawashima, 1997, Test 1 (JSCE-4)",Rectangular,Cantilever,Feff provided,0,157.0,400.0,400.0,1245.0,35.9,363.0,0.0,368.0,0.0,12.7,12.7,20.0,27.5,4.0,27.5,4.0,2.0,6.0,70.0,0.321285140562249,0.16011038902541058,0.020702257995800628,0.027332869080779944,0.5142857142857142,0.47716682024747464
248,249,"Takemura and Kawashima, 1997, Test 2 (JSCE-5)",Rectangular,Cantilever,Feff provided,0,157.0,400.0,400.0,1245.0,35.7,363.0,0.0,368.0,0.0,12.7,12.7,20.0,27.5,4.0,27.5,4.0,2.0,6.0,70.0,0.321285140562249,0.16100736599474058,0.020818237032191666,0.027485994397759103,0.5142857142857142,0.47770610500672966
249,250,"Takemura and Kawashima, 1997, Test 3 (JSCE-6)",Rectangular,Cantilever,Feff provided,0,157.0,400.0,400.0,1245.0,34.3,363.0,0.0,368.0,0.0,12.7,12.7,20.0,27.5,4.0,27.5,4.0,2.0,6.0,70.0,0.321285140562249,0.16757909521901573,0.02166796099268929,0.02860787172011662,0.5142857142857142,0.4815557928239079
250,251,"Takemura and Kawashima, 1997, Test 4 (JSCE-7)",Rectangular,Cantilever,Feff provided,0,157.0,400.0,400.0,1245.0,33.2,363.0,0.0,368.0,0.0,12.7,12.7,20.0,27.5,4.0,27.5,4.0,2.0,6.0,70.0,0.321285140562249,0.17313141463892287,0.02238587536292899,0.029555722891566265,0.5142857142857142,0.48467618966270515
251,252,"Takemura and Kawashima, 1997, Test 5 (JSCE-8)",Rectangular,Cantilever,Feff provided,0,157.0,400.0,400.0,1245.0,36.8,363.0,0.0,368.0,0.0,12.7,12.7,20.0,27.5,4.0,27.5,4.0,2.0,6.0,70.0,0.321285140562249,0.15619464581554998,0.020195952773077244,0.026664402173913044,0.5142857142857142,0.4747718151224105
252,253,"Takemura and Kawashima, 1997, Test 6 (JSCE-9)",Rectangular,Cantilever,Feff provided,0,157.0,400.0,400.0,1245.0,35.9,363.0,0.0,368.0,0.0,12.7,12.7,20.0,27.5,4.0,27.5,4.0,2.0,6.0,70.0,0.321285140562249,0.16011038902541058,0.020702257995800628,0.027332869080779944,0.5142857142857142,0.47716682024747464
