,id,name,type,testcf,pd,ft,axl,diam,l,fpc,fyl,fsul,fyt,fsut,dlb,nlb,cc,dsp,s,use,ar,lrr,srr,alr,sdr,smr
12,266.0,"Potangaroa et al. 1979, No. 5B",Spiral,Double Ended,Shear provided,0,6770.0,600.0,1200.0,32.5,307.0,414.0,280.0,0.0,24.0,16.0,28.0,16.0,55.0,1.0,2.0,0.24182153846153845,0.10498338527240855,0.36836887683149794,0.5729166666666666,0.4843648142788091
15,269.0,"Ang et al. 1985, No. 3",Spiral,Cantilever with Flexible Base,Shear provided,1,0.0,400.0,1000.0,36.0,436.0,674.0,328.0,0.0,16.0,20.0,18.0,6.0,60.0,1.0,2.0,0.25462365591397845,0.020775048193093792,0.0,1.6666666666666667,0.9398806781058712
16,270.0,"Ang et al. 1985, No. 4",Spiral,Cantilever with Flexible Base,Shear provided,2,0.0,400.0,800.0,30.6,436.0,674.0,316.0,0.0,16.0,20.0,20.0,10.0,165.0,1.0,2.5,0.38755555555555554,0.021467549799530253,0.0,1.6666666666666667,1.2634613495159657
17,271.0,"Ang et al. 1985, No. 5",Spiral,Cantilever with Flexible Base,Shear provided,1,0.0,400.0,800.0,31.1,436.0,674.0,328.0,0.0,16.0,20.0,18.0,6.0,40.0,1.0,2.0,0.4559477124183006,0.024577720304376473,0.0,2.75,1.4809772199367044
18,272.0,"Ang et al. 1985, No. 6",Spiral,Cantilever with Flexible Base,Shear provided,2,0.0,400.0,600.0,30.1,436.0,674.0,328.0,0.0,16.0,20.0,18.0,6.0,60.0,1.0,2.0,0.4486173633440514,0.03727484531108147,0.0,1.1111111111111112,1.1927604459132382
19,273.0,"Ang et al. 1985, No. 7",Spiral,Cantilever with Flexible Base,Shear provided,2,0.0,400.0,800.0,29.5,448.0,693.0,372.0,0.0,16.0,20.0,18.0,6.0,80.0,1.0,1.5,0.46352159468438536,0.025675474843292,0.0,1.6666666666666667,1.9599915318342487
20,274.0,"Ang et al. 1985, No. 8",Spiral,Cantilever with Flexible Base,Shear provided,1,721.0,400.0,800.0,28.7,448.0,693.0,372.0,0.0,16.0,20.0,18.0,6.0,30.0,1.0,2.0,0.4859661016949153,0.022284008907242855,0.0,2.2222222222222223,1.6281066926005299
21,275.0,"Ang et al. 1985, No. 9",Spiral,Cantilever with Flexible Base,Shear provided,0,751.0,400.0,1000.0,29.9,448.0,693.0,372.0,0.0,16.0,20.0,18.0,6.0,30.0,1.0,2.0,0.4995121951219512,0.06108044253320922,0.19991413583494172,0.8333333333333334,0.9680726335871249
22,276.0,"Ang et al. 1985, No. 10",Spiral,Cantilever with Flexible Base,Shear provided,1,784.0,400.0,800.0,31.2,448.0,693.0,332.0,0.0,16.0,20.0,21.0,12.0,120.0,1.0,2.5,0.4794648829431438,0.05862905353522089,0.1998751877291194,0.8333333333333334,0.8566921589593827
23,277.0,"Ang et al. 1985, No. 11",Spiral,Cantilever with Flexible Base,Shear provided,1,751.0,400.0,800.0,29.9,448.0,693.0,372.0,0.0,16.0,20.0,18.0,6.0,60.0,1.0,2.0,0.4594871794871795,0.05014465197076016,0.19996390285904797,1.6666666666666667,1.0172615127664126
24,278.0,"Ang et al. 1985, No. 12",Spiral,Cantilever with Flexible Base,Shear provided,1,359.0,400.0,600.0,28.6,436.0,674.0,328.0,0.0,16.0,20.0,18.0,6.0,30.0,1.0,2.0,0.4794648829431438,0.029314526767610444,0.1998751877291194,1.6666666666666667,1.2932679600492083
25,279.0,"Ang et al. 1985, No. 13",Spiral,Cantilever with Flexible Base,Shear provided,1,455.0,400.0,800.0,36.2,436.0,679.0,326.0,0.0,16.0,20.0,18.0,6.0,30.0,1.0,1.5,0.4878321678321678,0.054044181313502734,0.09988920379368955,0.8333333333333334,1.3516951257321212
26,280.0,"Ang et al. 1985, No. 14",Spiral,Cantilever with Flexible Base,Shear provided,1,0.0,400.0,800.0,33.7,424.0,671.0,326.0,0.0,24.0,9.0,18.0,6.0,60.0,1.0,2.0,0.38541436464088397,0.04243753612169637,0.10002140760609445,0.8333333333333334,0.9855486914885181
27,281.0,"Ang et al. 1985, No. 15",Spiral,Cantilever with Flexible Base,Shear provided,1,0.0,400.0,800.0,34.8,436.0,679.0,326.0,0.0,16.0,12.0,18.0,6.0,60.0,1.0,2.0,0.4076439169139465,0.022792860646964522,0.0,1.6666666666666667,1.4060188930881081
28,282.0,"Ang et al. 1985, No. 16",Spiral,Cantilever with Flexible Base,Shear provided,2,420.0,400.0,800.0,33.4,436.0,679.0,326.0,0.0,16.0,20.0,18.0,6.0,60.0,1.0,2.0,0.24055172413793105,0.022072396660997258,0.0,1.6666666666666667,0.8489598591578973
29,283.0,"Ang et al. 1985, No. 17",Spiral,Cantilever with Flexible Base,Shear provided,1,431.0,400.0,1000.0,34.3,436.0,679.0,326.0,0.0,16.0,20.0,18.0,6.0,60.0,1.0,2.0,0.41772455089820365,0.022997586940200734,0.10006747918951504,1.6666666666666667,1.3361560064007927
30,284.0,"Ang et al. 1985, No. 18",Spiral,Cantilever with Flexible Base,Shear provided,2,440.0,400.0,600.0,35.0,436.0,674.0,326.0,0.0,16.0,20.0,18.0,6.0,60.0,1.0,2.5,0.4067638483965015,0.02239415171436456,0.0999938490854328,1.6666666666666667,1.2243661511164816
31,285.0,"Ang et al. 1985, No. 19",Spiral,Cantilever with Flexible Base,Shear provided,2,432.0,400.0,600.0,34.4,436.0,679.0,326.0,0.0,16.0,20.0,18.0,6.0,80.0,1.0,1.5,0.39862857142857144,0.02194626868007727,0.10004024994347706,1.6666666666666667,1.7618172281783053
32,286.0,"Ang et al. 1985, No. 20",Spiral,Cantilever with Flexible Base,Shear provided,2,807.0,400.0,700.0,36.7,482.0,758.0,326.0,0.0,16.0,20.0,18.0,6.0,80.0,1.0,1.5,0.40558139534883725,0.016746789327093847,0.09993449915072498,2.2222222222222223,1.9320912066252085
34,288.0,"Ang et al. 1985, No. 22",Spiral,Cantilever with Flexible Base,Shear provided,2,0.0,400.0,800.0,30.9,436.0,679.0,310.0,0.0,16.0,20.0,20.0,10.0,220.0,1.0,2.0,0.42024096385542165,0.01735209496542254,0.0,2.2222222222222223,1.6081340139644962
35,289.0,"Ang et al. 1985, No. 23",Spiral,Cantilever with Flexible Base,Shear provided,1,0.0,400.0,800.0,32.3,436.0,679.0,332.0,0.0,16.0,20.0,21.0,12.0,160.0,1.0,2.0,0.45152103559870554,0.017907725114240144,0.0,3.6666666666666665,1.669565854845116
36,290.0,"Ang et al. 1985, No. 24",Spiral,Cantilever with Flexible Base,Shear provided,1,0.0,400.0,800.0,33.1,436.0,679.0,310.0,0.0,16.0,20.0,20.0,10.0,110.0,1.0,2.0,0.43195046439628487,0.03632770452370861,0.0,2.2222222222222223,1.1747270513412313
37,291.0,"Ang et al. 1985, No. 25",Spiral,Cantilever with Flexible Base,Shear provided,2,0.0,400.0,600.0,32.8,296.0,457.0,0.0,0.0,16.0,20.0,0.0,0.0,0.0,1.0,2.0,0.42151057401812686,0.03343496713172329,0.0,1.8333333333333333,1.2050457226820501
38,292.0,"Zahn et al. 1986, No. 5",Spiral,Double Ended,Shear provided,0,555.0,400.0,1600.0,32.3,337.0,491.0,466.0,0.0,16.0,16.0,18.0,10.0,135.0,1.0,1.5,0.2887804878048781,,0.0,2.0,2.303491406410322
39,293.0,"Zahn et al. 1986, No. 6",Spiral,Double Ended,Shear provided,0,2080.0,400.0,1600.0,27.0,337.0,491.0,466.0,0.0,16.0,16.0,18.0,10.0,75.0,1.0,4.0,0.26709597523219814,0.04196715332452826,0.13673528392569959,2.25,0.5111847310819113
40,294.0,"Watson and Park 1989, No 10",Spiral,Double Ended,Shear provided,0,2652.0,400.0,1600.0,40.0,474.0,633.3,372.0,0.0,16.0,12.0,17.0,8.0,84.0,1.0,4.0,0.3195259259259259,0.09036927015881752,0.6130412622798932,1.25,0.3761674710296161
41,295.0,"Watson and Park 1989, No 11",Spiral,Double Ended,Shear provided,0,3620.0,400.0,1600.0,39.0,474.0,633.3,338.0,0.0,16.0,12.0,18.0,10.0,57.0,1.0,4.0,0.22751999999999997,0.027825534931795314,0.527598636349633,1.75,0.6682423237992285
42,296.0,"Wong et al. 1990, No. 1",Spiral,Cantilever,Shear provided,0,907.0,400.0,800.0,38.0,423.0,577.0,300.0,0.0,16.0,20.0,20.0,10.0,60.0,1.0,4.0,0.23335384615384613,0.05970863230506916,0.738642171785463,0.95,0.4121736351922188
44,298.0,"Wong et al. 1990, No. 3",Spiral,Cantilever,Shear provided,0,1813.0,400.0,800.0,37.0,475.0,625.0,300.0,0.0,16.0,20.0,20.0,10.0,60.0,1.0,2.0,0.41081081081081083,0.019986015634063967,0.3899296105751435,1.8055555555555556,1.274891720470144
45,299.0,"Petrovski and Ristic 1984, M1E1",Spiral,Cantilever,Not defined in report,0,145.0,307.0,1910.0,38.8,240.0,0.0,240.0,0.0,12.0,12.0,36.0,6.0,75.0,1.0,2.0,0.41081081081081083,0.05306744347280057,0.3899296105751435,1.0,0.9287197968509692
46,300.0,"Petrovsky and Ristic 1984, M1E2",Spiral,Cantilever,Not defined in report,0,254.0,307.0,1910.0,36.2,240.0,0.0,240.0,0.0,12.0,12.0,36.0,6.0,75.0,1.0,6.221498371335505,0.1134087342445483,0.015191555865439748,0.05048584671099866,2.0833333333333335,0.28018318179631035
47,301.0,"Petrovsky and Ristic 1984, M2E1",Spiral,Cantilever,Not defined in report,1,145.0,307.0,900.0,35.9,240.0,0.0,240.0,0.0,12.0,12.0,36.0,6.0,75.0,1.0,6.221498371335505,0.12155411294719538,0.016282662087819394,0.09478912488211733,2.0833333333333335,0.3157237110615077
48,302.0,"Petrovsky and Ristic 1984, M2E2",Spiral,Cantilever,Not defined in report,1,254.0,307.0,895.0,34.4,240.0,0.0,240.0,0.0,12.0,12.0,36.0,6.0,75.0,1.0,2.931596091205212,0.12256988547878757,0.016418728901923738,0.05456409059573114,2.0833333333333335,0.5053963870467643
49,303.0,"Lim et al. 1990, Con1",Spiral,Cantilever,Feff provided,0,151.0,152.0,1140.0,34.5,448.0,0.0,620.0,0.0,12.7,8.0,10.2,3.7,22.0,1.0,2.9153094462540716,0.1279145025781533,0.017134661848228552,0.09974902095153047,2.0833333333333335,0.5617823686781224
50,304.0,"Lim et al. 1990, Con2",Spiral,Cantilever,Feff provided,0,151.0,152.0,570.0,34.5,448.0,0.0,620.0,0.0,12.7,8.0,10.2,3.7,22.0,1.0,7.5,0.7252189971496247,0.11556588536309659,0.2412019391271849,0.9909909909909909,0.28910962317471556
51,305.0,"Lim et al. 1990, Con3",Spiral,Cantilever,Feff provided,0,220.0,152.0,570.0,34.5,448.0,0.0,620.0,0.0,12.7,8.0,10.2,3.7,22.0,1.0,3.75,0.7252189971496247,0.11556588536309659,0.2412019391271849,0.9909909909909909,0.570570012718192
52,306.0,"NIST, Full Scale Flexure",Spiral,Cantilever,Shear provided,0,4450.0,1520.0,9140.0,35.8,475.0,0.0,493.0,0.0,43.0,25.0,58.7,15.9,89.0,1.0,3.75,0.7252189971496247,0.11556588536309659,0.35142004376146146,0.9909909909909909,0.5728223274780351
53,307.0,"NIST, Full Scale Shear",Spiral,Cantilever,Shear provided,0,4450.0,1520.0,4570.0,34.3,475.0,0.0,435.0,0.0,43.0,25.0,60.3,19.1,54.0,1.0,6.0131578947368425,0.26546075602763897,0.04042447829142903,0.06850147564560484,0.9329140461215932,0.3249960137095146
55,309.0,"NIST, Model N2",Spiral,Cantilever,Shear provided,0,239.0,250.0,750.0,23.1,446.0,0.0,441.0,0.0,7.0,25.0,9.9,3.1,9.0,1.0,3.0,0.36272199170124475,0.12276718378829027,0.10143651144778058,0.48387096774193544,0.34315198471187736
56,310.0,"NIST, Model N3",Spiral,Cantilever,Shear provided,0,120.0,250.0,1500.0,25.4,446.0,0.0,476.0,0.0,7.0,25.0,9.7,2.7,14.0,1.0,3.0,0.3784242424242424,0.12808178048908206,0.2107735073189291,0.48387096774193544,0.3733243789416683
57,311.0,"NIST, Model N4",Spiral,Cantilever,Shear provided,0,120.0,250.0,750.0,24.4,446.0,0.0,441.0,0.0,7.0,25.0,9.9,3.1,9.0,1.0,6.0,0.34415748031496063,0.06131300434006034,0.09624487897210679,0.8641975308641974,0.2977465407273655
58,312.0,"NIST, Model N5",Spiral,Cantilever,Shear provided,0,239.0,250.0,750.0,24.3,446.0,0.0,441.0,0.0,7.0,25.0,9.9,3.1,9.0,1.0,3.0,0.3582622950819672,0.12125775120072935,0.100189341225062,0.48387096774193544,0.3429884575496945
59,313.0,"NIST, Model N6",Spiral,Cantilever,Shear provided,0,120.0,250.0,1500.0,23.3,446.0,0.0,476.0,0.0,7.0,25.0,9.7,2.7,14.0,1.0,3.0,0.3597366255144033,0.12175675429209036,0.20036493905626593,0.48387096774193544,0.3737755729378513
60,314.0,"BRI No. 2 (Japan), spbaa1",Spiral,Double Cantilever,Shear provided,0,184.0,250.0,375.0,26.5,399.0,0.0,355.0,0.0,9.6,4.0,40.0,8.9,50.0,1.0,6.0,0.37517596566523603,0.06683906910890697,0.10491931012409926,0.8641975308641974,0.29938064587615554
61,315.0,"BRI No. 3 (Japan), ws21bs",Spiral,Double Cantilever,Shear provided,1,322.0,250.0,250.0,26.5,375.0,0.0,334.5,0.0,9.5,8.0,40.0,8.9,33.0,1.0,1.5,0.08880746264150945,0.13334365539962395,0.14144970640378562,0.9363295880149812,0.26749878147282546
62,316.0,"BRI No. 3 (Japan), ws22bs",Spiral,Double Cantilever,Shear provided,0,322.0,250.0,500.0,31.6,375.0,0.0,366.0,0.0,9.5,8.0,38.0,5.9,63.0,1.0,1.0,0.16347169811320755,0.1903689830609228,0.24753698620662484,0.6179775280898876,0.4899783196806555
64,318.0,"BRI No. 3 (Japan), ws26bs",Spiral,Double Cantilever,Shear provided,1,161.0,250.0,500.0,31.6,382.0,0.0,386.5,0.0,12.7,8.0,37.0,3.9,37.0,1.0,1.0,0.29760135245283015,0.13656905306544462,0.12376849310331242,0.8614232209737827,0.7645032811211774
65,319.0,"BRI No. 3 (Japan), ws27bs",Spiral,Double Cantilever,Shear provided,0,322.0,250.0,500.0,31.6,345.0,0.0,334.5,0.0,15.9,8.0,40.0,8.9,42.0,1.0,2.0,0.2495707544303797,0.031591465578028465,0.10379319833030946,1.5811965811965814,0.7856197729731355
66,320.0,"Arakawa et al. 1987, No. 1",Spiral,Double Cantilever,Feff provided,2,0.0,275.0,300.0,28.8,366.0,0.0,368.0,0.0,16.0,12.0,20.0,6.0,100.0,1.0,2.0,0.3532939746835443,0.12543525895628166,0.20758639666061893,0.7865168539325842,0.4980034092301829
68,322.0,"Arakawa et al. 1987, No. 3",Spiral,Double Cantilever,Feff provided,2,215.0,275.0,300.0,28.6,366.0,0.0,0.0,0.0,16.0,12.0,23.0,0.0,0.0,1.0,1.090909090909091,0.5074219953177447,0.05165351470649404,0.0,1.3888888888888888,2.021548408455218
71,325.0,"Arakawa et al. 1987, No. 8",Spiral,Double Cantilever,Feff provided,2,215.0,275.0,300.0,31.4,366.0,0.0,368.0,0.0,16.0,12.0,20.0,6.0,35.0,1.0,1.090909090909091,0.5198414147835635,0.0529177615699397,0.1265660299915899,1.3888888888888888,1.9778655402491636
72,326.0,"Arakawa et al. 1987, No. 9",Spiral,Double Cantilever,Feff provided,2,215.0,275.0,300.0,30.5,366.0,0.0,368.0,0.0,16.0,16.0,20.0,6.0,50.0,1.0,1.090909090909091,0.4734861293888509,0.06885568611921182,0.11527988718979207,0.9722222222222222,1.606665214450584
73,327.0,"Arakawa et al. 1987, No. 10",Spiral,Double Cantilever,Feff provided,1,215.0,275.0,300.0,30.2,366.0,0.0,368.0,0.0,16.0,8.0,20.0,6.0,50.0,1.0,1.090909090909091,0.6499438016528926,0.04962124527541886,0.11868158877899905,1.3888888888888888,2.498800695654154
74,328.0,"Arakawa et al. 1987, No. 11",Spiral,Double Cantilever,Feff provided,2,430.0,275.0,300.0,28.7,366.0,0.0,0.0,0.0,16.0,12.0,23.0,0.0,0.0,1.0,1.090909090909091,0.32820009851677523,0.05011417155298925,0.11986054495892288,1.3888888888888888,1.427090433257014
75,329.0,"Arakawa et al. 1987, No. 12",Spiral,Double Cantilever,Feff provided,2,430.0,275.0,300.0,27.8,366.0,0.0,368.0,0.0,16.0,12.0,20.0,6.0,100.0,1.0,1.090909090909091,0.5180301206553979,,0.2522500667428203,2.0,3.5851316547384924
76,330.0,"Arakawa et al. 1987, No. 13",Spiral,Double Cantilever,Feff provided,2,430.0,275.0,300.0,30.5,366.0,0.0,368.0,0.0,16.0,12.0,20.0,6.0,50.0,1.0,1.090909090909091,0.5348008799571913,0.027220287426263947,0.2604164358100339,2.7777777777777777,2.531022062264917
77,331.0,"Arakawa et al. 1987, No. 14",Spiral,Double Cantilever,Feff provided,2,430.0,275.0,300.0,31.3,366.0,0.0,368.0,0.0,16.0,12.0,20.0,6.0,35.0,1.0,1.090909090909091,0.48745785123966945,0.04962124527541886,0.2373631775579981,1.3888888888888888,1.9414643374532217
78,332.0,"Arakawa et al. 1988, No. 15",Spiral,Double Cantilever,Feff provided,1,0.0,275.0,450.0,32.0,363.0,0.0,381.0,0.0,16.0,12.0,20.0,6.0,75.0,1.0,1.090909090909091,0.4749988646265149,0.06907567233684508,0.23129638707728248,0.9722222222222222,1.6251997920090397
79,333.0,"Arakawa et al. 1988, No. 16",Spiral,Double Cantilever,Feff provided,0,0.0,275.0,450.0,31.3,363.0,0.0,381.0,0.0,16.0,12.0,20.0,6.0,35.0,1.0,1.6363636363636362,0.4608,0.032644003664119396,0.0,2.0833333333333335,1.6170649153132122
80,334.0,"Arakawa et al. 1988, No. 17",Spiral,Double Cantilever,Feff provided,2,215.0,275.0,300.0,31.3,363.0,0.0,381.0,0.0,16.0,12.0,20.0,6.0,75.0,1.0,1.6363636363636362,0.4711054313099041,0.07151584554439666,0.0,0.9722222222222222,1.0220362608387008
81,335.0,"Arakawa et al. 1988, No. 18",Spiral,Double Cantilever,Feff provided,2,215.0,275.0,450.0,31.1,363.0,0.0,0.0,0.0,16.0,12.0,23.0,0.0,0.0,1.0,1.090909090909091,0.4711054313099041,0.033374061254051776,0.11564819353864124,2.0833333333333335,2.3032579711370857
82,336.0,"Arakawa et al. 1988, No. 19",Spiral,Double Cantilever,Feff provided,2,215.0,275.0,450.0,31.2,363.0,0.0,381.0,0.0,16.0,12.0,20.0,6.0,75.0,1.0,1.6363636363636362,0.4741350482315112,,0.11639191182506337,2.0,2.6253097065065103
83,337.0,"Arakawa et al. 1988, No. 20",Spiral,Double Cantilever,Feff provided,0,215.0,275.0,450.0,29.3,363.0,0.0,381.0,0.0,16.0,12.0,20.0,6.0,35.0,1.0,1.6363636363636362,0.4726153846153846,0.033481029399096814,0.11601886082562408,2.0833333333333335,1.5363064295762687
84,338.0,"Arakawa et al. 1988, No. 21",Spiral,Double Cantilever,Feff provided,0,215.0,275.0,600.0,30.5,363.0,0.0,381.0,0.0,16.0,12.0,20.0,6.0,75.0,1.0,1.6363636363636362,0.5032627986348123,0.07639747322660805,0.1235422681829171,0.9722222222222222,1.0487633365439422
86,340.0,"Arakawa et al. 1988, No. 23",Spiral,Double Cantilever,Feff provided,1,215.0,275.0,450.0,42.2,363.0,0.0,381.0,0.0,16.0,12.0,20.0,6.0,75.0,1.0,1.6363636363636362,0.7192975609756097,0.050956493524479056,0.17657504671997418,2.0833333333333335,1.6296744412718855
87,341.0,"Arakawa et al. 1988, No. 24",Spiral,Double Cantilever,Feff provided,2,430.0,275.0,300.0,31.1,363.0,0.0,381.0,0.0,16.0,12.0,20.0,6.0,75.0,1.0,1.6363636363636362,0.34942180094786723,0.024753746854308544,0.08577697767202537,2.0833333333333335,1.456288135210695
89,343.0,"Arakawa et al. 1988, No. 26",Spiral,Double Cantilever,Feff provided,0,430.0,275.0,600.0,30.9,363.0,0.0,381.0,0.0,16.0,12.0,20.0,6.0,75.0,1.0,1.6363636363636362,0.49648484848484853,0.035171990479859284,0.2437567985023213,2.0833333333333335,1.4994851636495565
90,344.0,"Arakawa et al. 1988, No. 27",Spiral,Double Cantilever,Feff provided,2,430.0,275.0,450.0,18.9,363.0,0.0,381.0,0.0,16.0,12.0,20.0,6.0,75.0,1.0,2.181818181818182,0.4772038834951457,0.033806087936952126,0.23429051506533796,2.0833333333333335,1.183978597722823
91,345.0,"Arakawa et al. 1988, No. 28",Spiral,Double Cantilever,Feff provided,2,430.0,275.0,450.0,41.3,363.0,0.0,381.0,0.0,16.0,12.0,20.0,6.0,75.0,1.0,1.6363636363636362,0.7801904761904763,0.05527027075406459,0.3830463976465049,2.0833333333333335,1.5197989599411115
92,346.0,"Kunnath et al. 1997, A2",Spiral,Cantilever,Shear provided,0,200.0,305.0,1372.0,29.0,448.0,690.0,434.0,0.0,9.5,21.0,14.5,4.0,19.0,1.0,1.6363636363636362,0.3570363196125908,0.025293174751860065,0.17529241926195988,2.0833333333333335,1.448818196759746
98,352.0,"Kunnath et al. 1997, A8",Spiral,Cantilever,Shear provided,0,222.0,305.0,1372.0,32.8,448.0,690.0,434.0,0.0,9.5,21.0,14.5,4.0,19.0,1.0,4.498360655737705,0.2782729531138365,0.05738551786266421,0.09263808539902273,0.7916666666666666,0.36081545409529114
99,353.0,"Kunnath et al. 1997, A9",Spiral,Cantilever,Shear provided,0,222.0,305.0,1372.0,32.5,448.0,690.0,434.0,0.0,9.5,21.0,14.5,4.0,19.0,1.0,4.498360655737705,0.2782729531138365,0.05738551786266421,0.09263808539902273,0.7916666666666666,0.36081545409529114
100,354.0,"Kunnath et al. 1997, A10",Spiral,Cantilever,Shear provided,0,200.0,305.0,1372.0,27.0,448.0,690.0,434.0,0.0,9.5,21.0,14.5,4.0,19.0,1.0,4.498360655737705,0.28084162652719497,0.05791523033524265,0.09349320618732139,0.7916666666666666,0.36102118931216187
101,355.0,"Kunnath et al. 1997, A11",Spiral,Cantilever,Shear provided,0,200.0,305.0,1372.0,27.0,448.0,690.0,434.0,0.0,9.5,21.0,14.5,4.0,19.0,1.0,4.498360655737705,0.3380501060049569,0.06971277725538466,0.10138569239532684,0.7916666666666666,0.36058148587590955
102,356.0,"Kunnath et al. 1997, A12",Spiral,Cantilever,Shear provided,0,200.0,305.0,1372.0,27.0,448.0,690.0,434.0,0.0,9.5,21.0,14.5,4.0,19.0,1.0,4.498360655737705,0.3380501060049569,0.06971277725538466,0.10138569239532684,0.7916666666666666,0.36058148587590955
103,357.0,"Benzoni and Priestley 1994, NR1",Spiral,Cantilever,Feff provided,1,503.0,610.0,914.5,30.0,462.0,0.0,361.0,0.0,12.7,12.0,15.9,6.4,76.2,1.0,4.498360655737705,0.3380501060049569,0.06971277725538466,0.10138569239532684,0.7916666666666666,0.36058148587590955
105,359.0,"Hose et al., 1997, SRPH1",Spiral,Cantilever,Feff provided,0,1780.0,610.0,3660.0,41.1,455.0,746.0,414.0,0.0,22.2,20.0,27.8,9.5,57.0,1.0,1.4991803278688525,0.16020635313087878,0.009993835951091755,0.05737162868420558,3.307291666666666,1.0078262780868328
106,360.0,"Vu et al. 1998, NH1",Spiral,Double Cantilever,Feff provided,0,1928.0,457.0,910.0,38.3,427.5,0.0,430.2,0.0,15.9,20.0,24.8,9.5,60.0,1.0,6.0,0.2932552861349178,0.04106964190555042,0.14819332045375327,1.0,0.38358467731221557
108,362.0,"Vu et al. 1998, NH3",Spiral,Double Cantilever,Feff provided,0,970.0,457.0,910.0,39.4,427.5,0.0,430.2,0.0,15.9,20.0,24.8,9.5,60.0,1.0,1.9912472647702408,0.2640230819044049,0.056739300344779975,0.09860090687555792,1.0526315789473684,0.6388362634639269
109,363.0,"Vu et al. 1998, NH4",Spiral,Double Cantilever,Feff provided,1,850.0,457.0,910.0,35.0,468.2,0.0,434.4,0.0,19.0,30.0,26.4,12.7,45.0,1.0,1.9912472647702408,0.2626828632145348,0.05645128359176079,0.15009050917693695,1.0526315789473684,0.666840692454253
110,364.0,"Vu et al. 1998, NH5",Spiral,Double Cantilever,Feff provided,1,490.0,457.0,910.0,35.2,507.5,0.0,448.2,0.0,15.9,20.0,24.8,9.5,80.0,1.0,1.9912472647702408,0.6936803965681287,0.15290453886280642,0.14805688224847185,0.5905511811023623,0.715319910010955
111,365.0,"Vu et al. 1998, NH6",Spiral,Double Cantilever,Feff provided,0,1914.0,457.0,910.0,35.0,486.2,0.0,434.4,0.0,19.0,30.0,26.4,12.7,40.0,1.0,1.9912472647702408,0.34904805897170593,0.049373065103651144,0.08486549233159398,1.4035087719298245,0.836812884166106
112,366.0,"Kowalsky et al. 1996, FL1",Spiral,Cantilever,Feff provided,0,1780.0,457.0,3656.0,36.6,477.0,0.0,445.0,0.0,15.9,30.0,30.2,9.5,76.0,1.0,1.9912472647702408,0.720349014975276,0.17201760622065723,0.3333892619100884,0.5249343832020998,0.6811417752409096
113,367.0,"Kowalsky et al. 1996, FL2",Spiral,Cantilever,Feff provided,0,1780.0,457.0,3656.0,40.0,477.0,0.0,437.0,0.0,15.9,30.0,30.2,6.4,51.0,1.0,8.0,0.47328244604365105,0.04962679412781613,0.2964944957917003,1.3333333333333333,0.3671320710690278
114,368.0,"Kowalsky et al. 1996, FL3",Spiral,Cantilever,Feff provided,0,1780.0,457.0,3656.0,38.6,477.0,0.0,445.0,0.0,15.9,30.0,30.2,9.5,76.0,1.0,8.0,0.4330534381299408,0.030158858140678545,0.27129246364940574,1.3281249999999998,0.4633707614260111
115,369.0,"Lehman et al. 1998, 415",Spiral,Cantilever,P Ram rotation decreases V,0,653.86,609.6,2438.4,31.0,462.0,630.0,606.8,0.0,15.9,22.0,22.2,6.4,31.8,1.0,8.0,0.44876003951289195,0.047055457644509587,0.281132086683322,1.3333333333333333,0.3680043873427329
119,373.0,"Lehman et al. 1998, 430",Spiral,Cantilever,P Ram rotation decreases V,0,653.86,609.6,2438.4,31.0,462.0,630.0,606.8,0.0,15.9,44.0,22.2,6.4,31.8,1.0,4.0,0.11152630117760233,0.06496682232621351,0.07226754112540634,0.8281249999999999,0.18474944585703051
120,374.0,"Calderone et al. 2000, 328",Spiral,Cantilever,P Ram rotation decreases V,0,911.84,609.6,1828.8,34.5,441.3,602.0,606.8,0.0,19.0,28.0,28.6,6.4,25.4,1.0,4.0,0.4461052047104093,0.06496682232621351,0.07226754112540634,0.8281249999999999,0.5317759914540684
121,375.0,"Calderone et al. 2000, 828",Spiral,Cantilever,P Ram rotation decreases V,0,911.84,609.6,4876.8,34.5,441.3,602.0,606.8,0.0,19.0,28.0,28.6,6.4,25.4,1.0,2.9999999999999996,0.34792861554322146,0.07308489495513099,0.09055652456265319,0.6614583333333331,0.5016320326049301
123,377.0,"Sritharan et al. 1995, IC1",Spiral,Cantilever,Feff provided,0,400.0,600.0,1800.0,31.4,448.0,739.0,431.0,0.0,22.2,14.0,30.2,9.5,97.0,1.0,10.0,0.34792861554322146,0.07308489495513099,0.09055652456265319,0.6614583333333331,0.16182803628187525
125,379.0,"Sritharan et al. 1995, IC3",Spiral,Cantilever,Feff provided,0,400.0,600.0,1800.0,33.0,461.0,775.0,434.0,0.0,22.2,14.0,30.2,9.5,64.0,1.0,3.0,0.2481609248554913,0.030342074777320673,0.04088758974743618,1.7017543859649122,0.6322156656172898
126,380.0,"Saatcioglu and Baingo 1999, RC1",Spiral,Cantilever,P Ram rotation decreases V,0,1000.0,250.0,1645.0,65.0,419.0,0.0,1000.0,0.0,16.0,8.0,13.8,7.5,50.0,1.0,3.0,0.2677432121212121,0.04855250625478686,0.042870018341251266,1.1228070175438596,0.5041050008447017
127,381.0,"Saatcioglu and Baingo 1999, RC2",Spiral,Cantilever,P Ram rotation decreases V,0,1000.0,250.0,1645.0,65.0,419.0,0.0,420.0,0.0,16.0,8.0,15.6,11.3,50.0,1.0,6.58,0.21122756923076924,0.10874743800887746,0.3134128110117324,1.1111111111111112,0.1705267382621203
129,383.0,"Saatcioglu and Baingo 1999, RC4",Spiral,Cantilever,P Ram rotation decreases V,0,1850.0,250.0,1645.0,90.0,419.0,0.0,580.0,0.0,16.0,8.0,14.0,8.0,50.0,1.0,6.58,0.15255324444444446,0.07853981633974483,0.4187543391573424,1.1111111111111112,0.20921001974043874
130,384.0,"Saatcioglu and Baingo 1999, RC6",Spiral,Cantilever,P Ram rotation decreases V,0,1850.0,250.0,1645.0,90.0,419.0,0.0,420.0,0.0,16.0,8.0,15.6,11.3,100.0,1.0,6.58,0.15255324444444446,0.0518292974672236,0.4187543391573424,1.0416666666666667,0.27964120166058887
131,385.0,"Saatcioglu and Baingo 1999, RC7",Spiral,Cantilever,P Ram rotation decreases V,0,925.0,250.0,1645.0,90.0,419.0,0.0,1000.0,0.0,16.0,8.0,13.8,7.5,50.0,1.0,6.58,0.15255324444444446,0.037440663487442204,0.4187543391573424,1.4749262536873153,0.34158860577787026
132,386.0,"Saatcioglu and Baingo 1999, RC8",Spiral,Cantilever,P Ram rotation decreases V,0,1850.0,250.0,1645.0,90.0,419.0,0.0,1000.0,0.0,16.0,8.0,13.8,7.5,50.0,1.0,6.58,0.15255324444444446,0.07853981633974483,0.2093771695786712,1.1111111111111112,0.17345270657559098
133,387.0,"Saatcioglu and Baingo 1999, RC9",Spiral,Cantilever,P Ram rotation decreases V,0,1850.0,250.0,1645.0,90.0,419.0,0.0,420.0,0.0,16.0,8.0,13.8,11.3,50.0,1.0,6.58,0.15255324444444446,0.07853981633974483,0.4187543391573424,1.1111111111111112,0.20921001974043874
138,392.0,"Henry 1998, 415p",Spiral,Cantilever,P Ram rotation decreases V,0,1308.0,609.6,2438.4,37.2,462.0,0.0,606.8,0.0,15.9,22.0,22.2,6.4,31.8,1.0,3.0,0.08564723011798964,0.005300072397471272,0.10663402513962017,3.7777777777777777,0.6939392042539011
139,393.0,"Henry 1998, 415s",Spiral,Cantilever,P Ram rotation decreases V,0,654.0,609.6,2438.4,37.2,462.0,0.0,606.8,0.0,15.9,22.0,22.2,6.4,63.5,1.0,4.0,0.1858771686293372,0.05413901860517791,0.12047169092266373,0.8281249999999999,0.3372935707327432
140,394.0,"Chai, Priestley, and Seible 1991, Test 3",Spiral,Cantilever,P Ram rotation decreases V,0,1779.0,609.6,3657.0,32.6,315.1,497.8,351.6,0.0,19.0,26.0,20.0,6.4,127.0,1.0,4.0,0.1858771686293372,0.027112138451096973,0.060235845461331865,1.653645833333333,0.4710391434239153
142,396.0,"Soderstrom 2001,C2",Spiral,Cantilever,Shear provided,0,0.0,419.0,1968.5,62.6,429.5,717.0,413.7,0.0,22.2,8.0,55.6,9.5,50.8,1.0,4.698090692124105,0.15916898027770776,0.04546762286931326,0.0,0.8912280701754386,0.21795899102921162
143,397.0,"Soderstrom 2001,C3",Spiral,Cantilever,Shear provided,0,0.0,419.0,1968.5,69.6,429.5,717.0,413.7,0.0,22.2,8.0,55.8,10.0,50.8,1.0,4.698090692124105,0.15408370934231772,0.04401498316102849,0.0,0.8912280701754386,0.21725566433122845
144,398.0,"Soderstrom 2001,C4",Spiral,Cantilever,Shear provided,0,987.5,419.0,1968.5,69.6,429.5,717.0,413.7,0.0,22.2,8.0,55.8,10.0,50.8,1.0,4.698090692124105,0.1385867845521421,0.043865029227248456,0.0,0.8466666666666666,0.19799251768085688
145,399.0,"Graff, 2001,C5",Spiral,Cantilever,Shear provided,0,987.5,419.0,1968.5,69.6,491.6,820.5,413.7,0.0,22.2,8.0,55.8,10.0,50.8,1.0,4.698090692124105,0.1385867845521421,0.043865029227248456,0.10289871169856125,0.8466666666666666,0.28551769544565087
147,401.0,"Graff, 2001,C7",Spiral,Cantilever,Shear provided,0,987.5,419.0,1968.5,69.6,506.0,710.2,413.7,0.0,22.2,8.0,55.8,10.0,50.8,1.0,4.698090692124105,0.16327104303465403,0.043865029227248456,0.10289871169856125,0.8466666666666666,0.3159222419092595
148,402.0,"Graff, 2001,C8",Spiral,Cantilever,Shear provided,0,987.5,419.0,1968.5,69.6,491.6,820.5,413.7,0.0,22.2,8.0,55.8,10.0,50.8,1.0,4.698090692124105,0.16327104303465403,0.043865029227248456,0.10289871169856125,0.8466666666666666,0.3159222419092595
149,403.0,"Kowalsky and Moyer, 2001, 1",Spiral,Cantilever,Feff provided,0,231.3,457.2,2438.4,32.7,565.4,696.4,434.4,0.0,19.0,12.0,12.7,9.5,76.2,1.0,4.698090692124105,0.15862459437912238,0.043865029227248456,0.10289871169856125,0.8466666666666666,0.31019903316316844
150,404.0,"Kowalsky and Moyer, 2001, 2",Spiral,Cantilever,Feff provided,0,231.3,457.2,2438.4,34.2,565.4,696.4,434.4,0.0,19.0,12.0,12.7,9.5,76.2,1.0,5.333333333333333,0.358330731385667,0.05405650441715876,0.04308494623150069,1.336842105263158,0.3701579875120211
154,408.0,"Hamilton, 2002, UCI1",Spiral,Cantilever,Feff provided,0,0.0,406.4,1854.2,36.5,458.5,646.0,691.5,0.0,12.7,12.0,15.0,4.5,31.8,1.0,6.263998250218723,0.26776499260069225,0.01751368586436774,0.19380859553493118,5.350877192982456,0.4887596963867316
158,412.0,"Hamilton, 2002, UCI5",Spiral,Cantilever,Feff provided,1,0.0,406.4,1047.8,35.4,458.5,646.0,691.5,0.0,12.7,12.0,10.4,4.5,63.5,1.0,2.578248031496063,0.18064999099423631,0.009100035726901122,0.0,6.348148148148148,0.796306419319672
161,415.0,"McDaniel, 1997, S1-2",Spiral,Cantilever,Shear provided,2,18.8,609.6,1219.2,26.8,454.0,729.6,200.0,0.0,15.9,20.0,18.6,4.9,101.6,1.0,2.0,0.2072878831160347,0.004086834984340794,0.002161532586347159,3.4557823129251695,1.0469424466175177
162,416.0,"McDaniel, 1997, S2",Spiral,Cantilever,Shear provided,2,18.8,609.6,1219.2,31.2,437.6,688.0,200.0,0.0,15.9,20.0,18.6,4.9,101.6,1.0,2.0,0.23049175062902363,0.004544316512438644,0.002403495189296468,3.4557823129251695,1.0965927247136333
