UniqueId,Name,Type,FailureType,ar,lrr,srr,alr,sdr,smr,id
1,"Gill et al. 1979, No. 1",Rectangular,0,2.181818181818182,0.2913315501450661,0.09179978533216927,0.2597402597402597,1.3333333333333333,0.648662878889607,0
2,"Gill et al. 1979, No. 2",Rectangular,0,2.181818181818182,0.1625545605881891,0.08370957816363633,0.21399768435341557,1.0416666666666667,0.523924079239485,1
3,"Gill et al. 1979, No. 3",Rectangular,0,2.181818181818182,0.31447471067060884,0.10569844441984351,0.4200200818722484,1.25,0.6398198520675843,2
4,"Gill et al. 1979, No. 4",Rectangular,0,2.181818181818182,0.2863727152489799,0.16597300378408622,0.5999648320731493,0.8611111111111112,0.46736369884389084,3
5,"Ang et al. 1981, No. 3",Rectangular,0,4.0,0.2728393348643067,0.15335231936167124,0.3800317796610169,1.3888888888888888,0.31766694168310006,4
6,"Ang et al. 1981, No. 4",Rectangular,0,4.0,0.25756033211190554,0.09773843811168245,0.21,1.5,0.3870776191097969,5
7,"Soesianawati et al. 1986, No. 1",Rectangular,0,4.0,0.14463487210333395,0.03544177518622869,0.1,2.0238095238095237,0.48657968366014853,6
9,"Soesianawati et al. 1986, No. 3",Rectangular,0,4.0,0.15285276256375066,0.034985918187704516,0.3,2.1666666666666665,0.6354563073516205,8
10,"Soesianawati et al. 1986, No. 4",Rectangular,0,4.0,0.16813803882012573,0.019175412606352596,0.3,2.611111111111111,0.8301052803842227,9
11,"Zahn et al. 1986, No. 7",Rectangular,0,4.0,0.23445384043751388,0.11053593794908366,0.2230565371024735,1.95,0.34281203288036544,10
12,"Zahn et al. 1986, No. 8",Rectangular,0,4.0,0.16546243601949234,0.09920729267678924,0.3899625935162095,1.5333333333333334,0.3663062582104558,11
13,"Watson and Park 1989, No. 5",Rectangular,0,4.0,0.17433540501091457,0.05630460546271137,0.5,1.6875,0.545196676134645,12
266,"Potangaroa et al. 1979, No. 5B",Spiral,0,2.0,0.24182153846153845,0.10498338527240855,0.7367377536629959,0.5729166666666666,0.43928057258648545,12
14,"Watson and Park 1989, No. 6",Rectangular,0,4.0,0.1786937901361874,0.028568858193582177,0.5,2.6666666666666665,0.7481584131326527,13
15,"Watson and Park 1989, No. 7",Rectangular,0,4.0,0.17018456203446422,0.08639379797371931,0.7,1.3333333333333333,0.3994953698042017,14
16,"Watson and Park 1989, No. 8",Rectangular,0,4.0,0.18327568219096146,0.06226693131590559,0.7,1.6041666666666667,0.4898662098732854,15
269,"Ang et al. 1985, No. 3",Spiral,1,2.5,0.38755555555555554,0.021467549799530253,0.0,1.6666666666666667,1.2634613495159657,15
17,"Watson and Park 1989, No. 9",Rectangular,0,4.0,0.1786937901361874,0.16747105453367128,0.7,0.7222222222222222,0.25693094580931863,16
270,"Ang et al. 1985, No. 4",Spiral,2,2.0,0.4559477124183006,0.024577720304376473,0.0,2.75,1.4809772199367044,16
18,"Tanaka and Park 1990, No. 1",Rectangular,0,4.0,0.2908427573831176,0.137920212638798,0.199951171875,1.1111111111111112,0.3201972645977145,17
271,"Ang et al. 1985, No. 5",Spiral,1,2.0,0.4486173633440514,0.03727484531108147,0.0,1.1111111111111112,1.1927604459132382,17
19,"Tanaka and Park 1990, No. 2",Rectangular,0,4.0,0.2908427573831176,0.137920212638798,0.199951171875,1.1111111111111112,0.3201972645977145,18
272,"Ang et al. 1985, No. 6",Spiral,2,1.5,0.46352159468438536,0.025675474843292,0.0,1.6666666666666667,1.9599915318342487,18
273,"Ang et al. 1985, No. 7",Spiral,2,2.0,0.4859661016949153,0.022284008907242855,0.0,2.2222222222222223,1.6281066926005299,19
20,"Tanaka and Park 1990, No. 3",Rectangular,0,4.0,0.2908427573831176,0.137920212638798,0.199951171875,1.1111111111111112,0.3201972645977145,19
21,"Tanaka and Park 1990, No. 4",Rectangular,0,4.0,0.2908427573831176,0.137920212638798,0.199951171875,1.1111111111111112,0.3201972645977145,20
274,"Ang et al. 1985, No. 8",Spiral,1,2.0,0.4995121951219512,0.06108044253320922,0.19991413583494172,0.8333333333333334,0.9680726335871249,20
22,"Tanaka and Park 1990, No. 5",Rectangular,0,3.0,0.19901080735343604,0.07594345877479458,0.1,1.5277777777777777,0.4246670963405309,21
275,"Ang et al. 1985, No. 9",Spiral,0,2.5,0.4794648829431438,0.05862905353522089,0.1998751877291194,0.8333333333333334,0.8566921589593827,21
23,"Tanaka and Park 1990, No. 6",Rectangular,0,3.0,0.19901080735343604,0.07594345877479458,0.1,1.5277777777777777,0.4246670963405309,22
276,"Ang et al. 1985, No. 10",Spiral,1,2.0,0.4594871794871795,0.05014465197076016,0.19996390285904797,1.6666666666666667,1.0172615127664126,22
24,"Tanaka and Park 1990, No. 7",Rectangular,0,3.0,0.19839083599096427,0.09253062474464414,0.2999922762029814,1.25,0.46631047512654,23
277,"Ang et al. 1985, No. 11",Spiral,1,2.0,0.4794648829431438,0.029314526767610444,0.1998751877291194,1.6666666666666667,1.2932679600492083,23
25,"Tanaka and Park 1990, No. 8",Rectangular,0,3.0,0.19839083599096427,0.09253062474464414,0.2999922762029814,1.25,0.46631047512654,24
278,"Ang et al. 1985, No. 12",Spiral,1,1.5,0.4878321678321678,0.054044181313502734,0.09988920379368955,0.8333333333333334,1.3516951257321212,24
279,"Ang et al. 1985, No. 13",Spiral,1,2.0,0.38541436464088397,0.04243753612169637,0.10002140760609445,0.8333333333333334,0.9855486914885181,25
26,"Park and Paulay 1990, No. 9",Rectangular,0,2.973333333333333,0.3027140579221095,0.1202184735237544,0.10006195786864931,1.1111111111111112,0.41343159048282857,25
27,"Arakawa et al. 1982, No. 102",Rectangular,0,1.5,0.1297515587048026,0.1396953113777115,0.3332038834951456,0.9696969696969697,0.5047089002602484,26
280,"Ang et al. 1985, No. 14",Spiral,1,2.0,0.4076439169139465,0.022792860646964522,0.0,1.6666666666666667,1.4060188930881081,26
281,"Ang et al. 1985, No. 15",Spiral,1,2.0,0.24055172413793105,0.022072396660997258,0.0,1.6666666666666667,0.8489598591578973,27
28,"Nagasaka 1982, HPRC10-63",Rectangular,2,1.5,0.21757925317728197,0.10810652497769639,0.1701388888888889,1.0606060606060606,0.6475409208315503,27
282,"Ang et al. 1985, No. 16",Spiral,2,2.0,0.41772455089820365,0.022997586940200734,0.10006747918951504,1.6666666666666667,1.3361560064007927,28
29,"Nagasaka 1982, HPRC19-32",Rectangular,1,1.5,0.2237958032680615,0.19459174495985349,0.35,0.6060606060606061,0.5190835774856802,28
283,"Ang et al. 1985, No. 17",Spiral,1,2.5,0.4067638483965015,0.02239415171436456,0.0999938490854328,1.6666666666666667,1.2243661511164816,29
31,"Ohno and Nishioka 1984, L2",Rectangular,0,4.0,0.20693024755868009,0.04168469082951174,0.032006048387096774,1.8518518518518519,0.4528985576643131,30
284,"Ang et al. 1985, No. 18",Spiral,2,1.5,0.39862857142857144,0.02194626868007727,0.10004024994347706,1.6666666666666667,1.7618172281783053,30
32,"Ohno and Nishioka 1984, L3",Rectangular,0,4.0,0.20693024755868009,0.04168469082951174,0.032006048387096774,1.8518518518518519,0.4528985576643131,31
285,"Ang et al. 1985, No. 19",Spiral,2,1.5,0.40558139534883725,0.016746789327093847,0.09993449915072498,2.2222222222222223,1.9320912066252085,31
33,"Ohue et al. 1985, 2D16RS",Rectangular,1,2.0,0.23184953783492673,0.0469226315244763,0.14296875,1.5151515151515151,0.8042647315190902,32
286,"Ang et al. 1985, No. 20",Spiral,2,1.75,0.4202724795640327,0.015697263020491233,0.1749837044620702,2.2222222222222223,1.6983265549355253,32
34,"Ohue et al. 1985, 4D13RS",Rectangular,1,2.0,0.3285013187775414,0.05021820096265022,0.15301003344481606,1.5151515151515151,0.9850778241218323,33
288,"Ang et al. 1985, No. 22",Spiral,2,2.0,0.45152103559870554,0.017907725114240144,0.0,3.6666666666666665,1.669565854845116,34
289,"Ang et al. 1985, No. 23",Spiral,1,2.0,0.43195046439628487,0.03632770452370861,0.0,2.2222222222222223,1.1747270513412313,35
290,"Ang et al. 1985, No. 24",Spiral,1,2.0,0.42151057401812686,0.03343496713172329,0.0,1.8333333333333333,1.2050457226820501,36
291,"Ang et al. 1985, No. 25",Spiral,2,1.5,0.2887804878048781,0.0,0.0,2.0,2.303491406410322,37
292,"Zahn et al. 1986, No. 5",Spiral,0,4.0,0.26709597523219814,0.04196715332452826,0.13673528392569959,2.25,0.5111847310819113,38
293,"Zahn et al. 1986, No. 6",Spiral,0,4.0,0.3195259259259259,0.09036927015881752,0.6130412622798932,1.25,0.3761674710296161,39
294,"Watson and Park 1989, No 10",Spiral,0,4.0,0.22751999999999997,0.027825534931795314,0.527598636349633,1.75,0.6682423237992285,40
295,"Watson and Park 1989, No 11",Spiral,0,4.0,0.23335384615384613,0.05970863230506916,0.738642171785463,0.95,0.4121736351922188,41
296,"Wong et al. 1990, No. 1",Spiral,0,2.0,0.3562105263157895,0.0516709318024637,0.18993885971624877,1.0,0.8646993989316731,42
44,"Zhou et al. 1987, No. 223-09",Rectangular,1,2.0,0.35798022553461667,0.27634918345549286,0.8997334123222749,1.3333333333333333,0.32514561104147344,43
298,"Wong et al. 1990, No. 3",Spiral,0,2.0,0.41081081081081083,0.05306744347280057,0.3899296105751435,1.0,0.9287197968509692,44
45,"Zhou et al. 1987, No. 302-07",Rectangular,1,3.0,0.2622702346798754,0.11909656394834353,0.7012261284722222,1.3333333333333333,0.4437507760041941,44
46,"Zhou et al. 1987, No. 312-07",Rectangular,1,3.0,0.2622702346798754,0.11909656394834353,0.7012261284722222,1.3333333333333333,0.4437507760041941,45
299,"Petrovski and Ristic 1984, M1E1",Spiral,0,6.221498371335505,0.1134087342445483,0.015191555865439748,0.05048584671099866,2.0833333333333335,0.28018318179631035,45
47,"Zhou et al. 1987, No. 322-07",Rectangular,1,3.0,0.2622702346798754,0.20246415871218398,0.7012261284722222,1.3333333333333333,0.31306200372920284,46
300,"Petrovsky and Ristic 1984, M1E2",Spiral,0,6.221498371335505,0.12155411294719538,0.016282662087819394,0.09478912488211733,2.0833333333333335,0.3157237110615077,46
301,"Petrovsky and Ristic 1984, M2E1",Spiral,1,2.931596091205212,0.12256988547878757,0.016418728901923738,0.05456409059573114,2.0833333333333335,0.5053963870467643,47
49,"Kanda et al. 1988, 85STC-2",Rectangular,0,3.0,0.21735753081859685,0.06894163147264827,0.10551971326164875,1.5151515151515151,0.47661402534657504,48
302,"Petrovsky and Ristic 1984, M2E2",Spiral,1,2.9153094462540716,0.1279145025781533,0.017134661848228552,0.09974902095153047,2.0833333333333335,0.5617823686781224,48
50,"Kanda et al. 1988, 85STC-3",Rectangular,0,3.0,0.21735753081859685,0.06894163147264827,0.10551971326164875,1.5151515151515151,0.47661402534657504,49
303,"Lim et al. 1990, Con1",Spiral,0,7.5,0.7252189971496247,0.11556588536309659,0.2412019391271849,0.9909909909909909,0.28910962317471556,49
304,"Lim et al. 1990, Con2",Spiral,0,3.75,0.7252189971496247,0.11556588536309659,0.2412019391271849,0.9909909909909909,0.570570012718192,50
51,"Kanda et al. 1988, 85PDC-1",Rectangular,0,3.0,0.24452722217092146,0.05395432028294213,0.11870967741935484,1.5151515151515151,0.597758465289246,50
52,"Kanda et al. 1988, 85PDC-2",Rectangular,0,3.0,0.21735753081859685,0.06894163147264827,0.10551971326164875,1.5151515151515151,0.47661402534657504,51
305,"Lim et al. 1990, Con3",Spiral,0,3.75,0.7252189971496247,0.11556588536309659,0.35142004376146146,0.9909909909909909,0.5728223274780351,51
306,"NIST, Full Scale Flexure",Spiral,0,6.0131578947368425,0.26546075602763897,0.04042447829142903,0.06850147564560484,0.9329140461215932,0.3249960137095146,52
53,"Kanda et al. 1988, 85PDC-3",Rectangular,0,3.0,0.21735753081859685,0.06894163147264827,0.10551971326164875,1.5151515151515151,0.47661402534657504,52
54,"Arakawa et al. 1989, OA2",Rectangular,2,1.25,0.3344214280867094,0.017003119565190215,0.1844087273856666,2.6791666666666667,2.2534107849112868,53
307,"NIST, Full Scale Shear",Spiral,0,3.0065789473684212,0.27706982699094684,0.08854099551260883,0.0714971670003689,0.47120418848167533,0.3528457468796157,53
55,"Arakawa et al. 1989, OA5",Rectangular,2,1.25,0.3222606488835563,0.01638482430827421,0.4451926674148896,2.6791666666666667,2.0709533236258433,54
309,"NIST, Model N2",Spiral,0,3.0,0.3784242424242424,0.12808178048908206,0.2107735073189291,0.48387096774193544,0.3733243789416683,55
56,"Muguruma et al. 1989, AL-1",Rectangular,0,2.5,0.17719980336700122,0.06191226035639267,0.3999416569428238,0.9722222222222222,0.7321473083720326,55
310,"NIST, Model N3",Spiral,0,6.0,0.34415748031496063,0.06131300434006034,0.09624487897210679,0.8641975308641974,0.2977465407273655,56
57,"Muguruma et al. 1989, AH-1",Rectangular,0,2.5,0.17719980336700122,0.14936992655411058,0.3999416569428238,0.9722222222222222,0.4198635096689885,56
311,"NIST, Model N4",Spiral,0,3.0,0.3582622950819672,0.12125775120072935,0.100189341225062,0.48387096774193544,0.3429884575496945,57
58,"Muguruma et al. 1989, AL-2",Rectangular,0,2.5,0.17719980336700122,0.06191226035639267,0.6289381563593932,0.9722222222222222,0.7103550446199894,57
59,"Mugumura et al. 1989, AH-2",Rectangular,0,2.5,0.17719980336700122,0.14936992655411058,0.6289381563593932,0.9722222222222222,0.42492491107193936,58
312,"NIST, Model N5",Spiral,0,3.0,0.3597366255144033,0.12175675429209036,0.20036493905626593,0.48387096774193544,0.3737755729378513,58
313,"NIST, Model N6",Spiral,0,6.0,0.37517596566523603,0.06683906910890697,0.10491931012409926,0.8641975308641974,0.29938064587615554,59
60,"Muguruma et al. 1989, BL-1",Rectangular,0,2.5,0.13114009627419693,0.045819349849247425,0.2538860103626943,0.9722222222222222,0.7361143191322704,59
61,"Muguruma et al. 1989, BH-1",Rectangular,0,2.5,0.13114009627419693,0.1105440648159523,0.2538860103626943,0.9722222222222222,0.42378561964182043,60
314,"BRI No. 2 (Japan), spbaa1",Spiral,0,1.5,0.08880746264150945,0.13334365539962395,0.14144970640378562,0.9363295880149812,0.26749878147282546,60
315,"BRI No. 3 (Japan), ws21bs",Spiral,1,1.0,0.16347169811320755,0.1903689830609228,0.24753698620662484,0.6179775280898876,0.4899783196806555,61
62,"Muguruma et al. 1989, BL-2",Rectangular,0,2.5,0.13114009627419693,0.045819349849247425,0.4229274611398964,0.9722222222222222,0.8003933063062444,61
316,"BRI No. 3 (Japan), ws22bs",Spiral,0,2.0,0.1370886075949367,0.04021030293284571,0.20758639666061893,1.7796610169491522,0.5540116198929973,62
63,"Muguruma et al. 1989, BH-2",Rectangular,0,2.5,0.13114009627419693,0.1105440648159523,0.4229274611398964,0.9722222222222222,0.4826730477396071,62
64,"Ono et al. 1989, CA025C",Rectangular,1,1.5,0.2975403315468571,0.13338722296637062,0.2567829457364341,1.9444444444444444,0.7526079372813009,63
318,"BRI No. 3 (Japan), ws26bs",Spiral,1,2.0,0.2495707544303797,0.031591465578028465,0.10379319833030946,1.5811965811965814,0.7856197729731355,64
65,"Ono et al. 1989, CA060C",Rectangular,1,1.5,0.2975403315468571,0.13338722296637062,0.6162790697674418,1.9444444444444444,0.7587374521546973,64
66,"Sakai et al. 1990, B1",Rectangular,0,2.0,0.09264344180644903,0.04073019621237019,0.3499095477386935,2.0,0.7989298367630033,65
319,"BRI No. 3 (Japan), ws27bs",Spiral,0,2.0,0.3532939746835443,0.12543525895628166,0.20758639666061893,0.7865168539325842,0.4980034092301829,65
67,"Sakai et al. 1990, B2",Rectangular,0,2.0,0.09264344180644903,0.06109529431855528,0.3499095477386935,1.3333333333333333,0.6677504471434148,66
320,"Arakawa et al. 1987, No. 1",Spiral,2,1.090909090909091,0.5162314049586776,0.026275138557296445,0.0,2.7777777777777777,2.934593692473316,66
68,"Sakai et al. 1990, B3",Rectangular,0,2.0,0.09264344180644903,0.021903794407541297,0.3499095477386935,1.8181818181818181,0.9762176536582098,67
69,"Sakai et al. 1990, B4",Rectangular,0,2.0,0.09264344180644903,0.059253489580269804,0.3499095477386935,2.0,0.6778157230307,68
322,"Arakawa et al. 1987, No. 3",Spiral,2,1.090909090909091,0.5198414147835635,0.0,0.1265660299915899,2.0,4.068249664091903,68
325,"Arakawa et al. 1987, No. 8",Spiral,2,1.090909090909091,0.4734861293888509,0.06885568611921182,0.11527988718979207,0.9722222222222222,1.606665214450584,71
326,"Arakawa et al. 1987, No. 9",Spiral,2,1.090909090909091,0.6499438016528926,0.04962124527541886,0.11868158877899905,1.3888888888888888,2.498800695654154,72
327,"Arakawa et al. 1987, No. 10",Spiral,1,1.090909090909091,0.32820009851677523,0.05011417155298925,0.11986054495892288,1.3888888888888888,1.427090433257014,73
328,"Arakawa et al. 1987, No. 11",Spiral,2,1.090909090909091,0.5180301206553979,0.0,0.2522500667428203,2.0,3.5851316547384924,74
76,"Wight and Sozen 1973, No. 40.048(East)",Rectangular,1,2.8721311475409834,0.46489493699249745,0.06091804664150204,0.14710792432371675,2.354497354497355,0.9492901343385365,75
329,"Arakawa et al. 1987, No. 12",Spiral,2,1.090909090909091,0.5348008799571913,0.027220287426263947,0.2604164358100339,2.7777777777777777,2.531022062264917,75
77,"Wight and Sozen 1973, No. 40.048(West)",Rectangular,1,2.8721311475409834,0.46489493699249745,0.06091804664150204,0.14710792432371675,2.354497354497355,0.9492901343385365,76
330,"Arakawa et al. 1987, No. 13",Spiral,2,1.090909090909091,0.48745785123966945,0.04962124527541886,0.2373631775579981,1.3888888888888888,1.9414643374532217,76
78,"Wight and Sozen 1973, No. 40.033(East)",Rectangular,1,2.8721311475409834,0.36112374569952926,0.03316144791515399,0.11427133407288714,3.35978835978836,1.0992997381814311,77
331,"Arakawa et al. 1987, No. 14",Spiral,2,1.090909090909091,0.4749988646265149,0.06907567233684508,0.23129638707728248,0.9722222222222222,1.6251997920090397,77
332,"Arakawa et al. 1988, No. 15",Spiral,1,1.6363636363636362,0.4608,0.032644003664119396,0.0,2.0833333333333335,1.6170649153132122,78
79,"Wight and Sozen 1973, No. 40.033(West)",Rectangular,1,2.8721311475409834,0.36112374569952926,0.03316144791515399,0.11427133407288714,3.35978835978836,1.0992997381814311,78
333,"Arakawa et al. 1988, No. 16",Spiral,0,1.6363636363636362,0.4711054313099041,0.07151584554439666,0.0,0.9722222222222222,1.0220362608387008,79
80,"Wight and Sozen 1973, No. 25.033(East)",Rectangular,2,2.8721311475409834,0.36112374569952926,0.03316144791515399,0.07125909034882288,3.35978835978836,1.0930896313803085,79
81,"Wight and Sozen 1973, No. 25.033(West)",Rectangular,1,2.8721311475409834,0.36112374569952926,0.03316144791515399,0.07125909034882288,3.35978835978836,1.0930896313803085,80
334,"Arakawa et al. 1988, No. 17",Spiral,2,1.090909090909091,0.4711054313099041,0.033374061254051776,0.11564819353864124,2.0833333333333335,2.3032579711370857,80
335,"Arakawa et al. 1988, No. 18",Spiral,2,1.6363636363636362,0.4741350482315112,0.0,0.11639191182506337,2.0,2.6253097065065103,81
82,"Wight and Sozen 1973, No. 40.067(East)",Rectangular,1,2.8721311475409834,0.3632861633384486,0.06619878861505665,0.11495559355835352,1.6931216931216932,0.7628170111050468,81
336,"Arakawa et al. 1988, No. 19",Spiral,2,1.6363636363636362,0.4726153846153846,0.033481029399096814,0.11601886082562408,2.0833333333333335,1.5363064295762687,82
83,"Wight and Sozen 1973, No. 40.067(West)",Rectangular,1,2.8721311475409834,0.3632861633384486,0.06619878861505665,0.11495559355835352,1.6931216931216932,0.7628170111050468,82
337,"Arakawa et al. 1988, No. 20",Spiral,0,1.6363636363636362,0.5032627986348123,0.07639747322660805,0.1235422681829171,0.9722222222222222,1.0487633365439422,83
338,"Arakawa et al. 1988, No. 21",Spiral,0,2.181818181818182,0.4834622950819672,0.03424944646727281,0.11868158877899905,2.0833333333333335,1.215604912243873,84
340,"Arakawa et al. 1988, No. 23",Spiral,1,1.6363636363636362,0.34942180094786723,0.024753746854308544,0.08577697767202537,2.0833333333333335,1.456288135210695,86
341,"Arakawa et al. 1988, No. 24",Spiral,2,1.090909090909091,0.4741350482315112,0.03358868544218073,0.23278382365012673,2.0833333333333335,2.2408095158667507,87
343,"Arakawa et al. 1988, No. 26",Spiral,0,2.181818181818182,0.4772038834951457,0.033806087936952126,0.23429051506533796,2.0833333333333335,1.183978597722823,89
344,"Arakawa et al. 1988, No. 27",Spiral,2,1.6363636363636362,0.7801904761904763,0.05527027075406459,0.3830463976465049,2.0833333333333335,1.5197989599411115,90
345,"Arakawa et al. 1988, No. 28",Spiral,2,1.6363636363636362,0.3570363196125908,0.025293174751860065,0.17529241926195988,2.0833333333333335,1.448818196759746,91
346,"Kunnath et al. 1997, A2",Spiral,0,4.498360655737705,0.31473630559082194,0.064904999513634,0.09439357567840774,0.7916666666666666,0.35916169719266816,92
95,"Atalay and Penzien 1975, No. 10",Rectangular,0,5.495081967213115,0.18312901964309938,0.044279691261890186,0.26575890590940304,2.2280701754385963,0.41515144064291865,94
96,"Atalay and Penzien 1975, No. 11",Rectangular,0,5.495081967213115,0.19139936246569095,0.07358694849283072,0.277760921014989,1.3333333333333333,0.3153005960815045,95
97,"Atalay and Penzien 1975, No. 12",Rectangular,0,5.495081967213115,0.18658428416466727,0.042928453089959184,0.27077322488882577,2.2280701754385963,0.42595380416268974,96
98,"Umehara and Jirsa 1982, CUS",Rectangular,2,1.1097560975609755,0.37992559566049083,0.03277022696510392,0.16225725979696573,2.4722222222222223,2.4028822956564695,97
352,"Kunnath et al. 1997, A8",Spiral,0,4.498360655737705,0.2782729531138365,0.05738551786266421,0.09263808539902273,0.7916666666666666,0.36081545409529114,98
99,"Umehara and Jirsa 1982, CUW",Rectangular,2,1.9782608695652175,0.37992559566049083,0.018383298053594885,0.16225725979696573,2.4722222222222223,1.5826548577122976,98
353,"Kunnath et al. 1997, A9",Spiral,0,4.498360655737705,0.28084162652719497,0.05791523033524265,0.09349320618732139,0.7916666666666666,0.36102118931216187,99
100,"Umehara and Jirsa 1982, 2CUS",Rectangular,2,1.1097560975609755,0.31570007829883645,0.054460996242006045,0.2696561127101954,2.4722222222222223,1.8176524188727674,99
354,"Kunnath et al. 1997, A10",Spiral,0,4.498360655737705,0.3380501060049569,0.06971277725538466,0.10138569239532684,0.7916666666666666,0.36058148587590955,100
101,"Bett et al. 1985 , No. 1-1",Rectangular,2,1.498360655737705,0.37675426622362124,0.012224536356969832,0.10354320906650223,5.833333333333333,2.2133958786422734,100
102,"Azizinamini et al. 1988, NC-2",Rectangular,0,3.0021881838074402,0.21681377510452232,0.10673901013462435,0.20590256371475127,1.3385826771653546,0.41881954780488206,101
355,"Kunnath et al. 1997, A11",Spiral,0,4.498360655737705,0.3380501060049569,0.06971277725538466,0.10138569239532684,0.7916666666666666,0.36058148587590955,101
356,"Kunnath et al. 1997, A12",Spiral,0,4.498360655737705,0.3380501060049569,0.06971277725538466,0.10138569239532684,0.7916666666666666,0.36058148587590955,102
103,"Azizinamini et al. 1988, NC-4",Rectangular,0,3.0021881838074402,0.21408998395999315,0.08001976603645093,0.3103875077353259,1.7894736842105263,0.5452513813835986,102
104,"Saatcioglu and Ozcebe 1989, U1",Rectangular,0,2.857142857142857,0.31615915583308624,0.0322531355873133,0.0,2.5,1.0323673510773903,103
357,"Benzoni and Priestley 1994, NR1",Spiral,1,1.4991803278688525,0.08010317656543939,0.01665639325181959,0.05737162868420558,1.9843749999999998,0.5565166020669209,103
105,"Saatcioglu and Ozcebe 1989, U3",Rectangular,0,2.857142857142857,0.3961074481127173,0.0808182018164862,0.14074595355383532,1.25,0.7347613405349893,104
106,"Saatcioglu and Ozcebe 1989, U4",Rectangular,0,2.857142857142857,0.4387811167960234,0.13183469171314313,0.15306122448979592,0.8333333333333334,0.56355573833565,105
359,"Hose et al., 1997, SRPH1",Spiral,0,6.0,0.2932552861349178,0.04106964190555042,0.14819332045375327,1.0,0.38358467731221557,105
107,"Saatcioglu and Ozcebe 1989, U6",Rectangular,0,2.857142857142857,0.37557476325948996,0.09667179373719083,0.13131257865076326,1.692708333333333,0.626030019995597,106
360,"Vu et al. 1998, NH1",Spiral,0,1.9912472647702408,0.27022727965150584,0.058072599830688645,0.30689228733303275,1.0526315789473684,0.7143460152890663,106
108,"Saatcioglu and Ozcebe 1989, U7",Rectangular,0,2.857142857142857,0.3592035556302301,0.09245789503582609,0.12558869701726844,1.692708333333333,0.6244439766092185,107
362,"Vu et al. 1998, NH3",Spiral,0,1.9912472647702408,0.2626828632145348,0.05645128359176079,0.15009050917693695,1.0526315789473684,0.666840692454253,108
363,"Vu et al. 1998, NH4",Spiral,1,1.9912472647702408,0.6936803965681287,0.15290453886280642,0.14805688224847185,0.5905511811023623,0.715319910010955,109
364,"Vu et al. 1998, NH5",Spiral,1,1.9912472647702408,0.34904805897170593,0.049373065103651144,0.08486549233159398,1.4035087719298245,0.836812884166106,110
112,"Galeota et al. 1996, AA4",Rectangular,0,4.5600000000000005,0.08105309046261666,0.028818876608930368,0.2,3.125,0.4785475406271931,111
365,"Vu et al. 1998, NH6",Spiral,0,1.9912472647702408,0.720349014975276,0.17201760622065723,0.3333892619100884,0.5249343832020998,0.6811417752409096,111
366,"Kowalsky et al. 1996, FL1",Spiral,0,8.0,0.47328244604365105,0.04962679412781613,0.2964944957917003,1.3333333333333333,0.3671320710690278,112
113,"Galeota et al. 1996, BA1",Rectangular,0,4.5600000000000005,0.08105309046261666,0.04322831491339555,0.2,2.0833333333333335,0.3797668651711147,112
367,"Kowalsky et al. 1996, FL2",Spiral,0,8.0,0.4330534381299408,0.030158858140678545,0.27129246364940574,1.3281249999999998,0.4633707614260111,113
114,"Galeota et al. 1996, BA2",Rectangular,0,4.5600000000000005,0.08105309046261666,0.04322831491339555,0.3,2.0833333333333335,0.4378615678539381,113
368,"Kowalsky et al. 1996, FL3",Spiral,0,8.0,0.44876003951289195,0.047055457644509587,0.281132086683322,1.3333333333333333,0.3680043873427329,114
115,"Galeota et al. 1996, BA3",Rectangular,0,4.5600000000000005,0.08105309046261666,0.04322831491339555,0.3,2.0833333333333335,0.4378615678539381,114
116,"Galeota et al. 1996, BA4",Rectangular,0,4.5600000000000005,0.08105309046261666,0.04322831491339555,0.2,2.0833333333333335,0.3797668651711147,115
369,"Lehman et al. 1998, 415",Spiral,0,4.0,0.22305260235520466,0.06496682232621351,0.07226754112540634,0.8281249999999999,0.3004249610560432,115
117,"Galeota et al. 1996, CA1",Rectangular,0,4.5600000000000005,0.08105309046261666,0.0864566298267911,0.2,1.0416666666666667,0.23453212829281514,116
118,"Galeota et al. 1996, CA2",Rectangular,0,4.5600000000000005,0.08105309046261666,0.0864566298267911,0.3,1.0416666666666667,0.2771842030326142,117
119,"Galeota et al. 1996, CA3",Rectangular,0,4.5600000000000005,0.08105309046261666,0.0864566298267911,0.2,1.0416666666666667,0.23453212829281514,118
120,"Galeota et al. 1996, CA4",Rectangular,0,4.5600000000000005,0.08105309046261666,0.0864566298267911,0.3,1.0416666666666667,0.2771842030326142,119
373,"Lehman et al. 1998, 430",Spiral,0,4.0,0.4461052047104093,0.06496682232621351,0.07226754112540634,0.8281249999999999,0.5317759914540684,119
374,"Calderone et al. 2000, 328",Spiral,0,2.9999999999999996,0.34792861554322146,0.07308489495513099,0.09055652456265319,0.6614583333333331,0.5016320326049301,120
375,"Calderone et al. 2000, 828",Spiral,0,8.0,0.34792861554322146,0.07308489495513099,0.09055652456265319,0.6614583333333331,0.20228504535234407,121
377,"Sritharan et al. 1995, IC1",Spiral,0,3.0,0.2734512101910828,0.033434260741888384,0.04505447787456343,1.7017543859649122,0.6425319835986391,123
125,"Galeota et al. 1996, BB",Rectangular,0,4.5600000000000005,0.32421236185046665,0.04322831491339555,0.2,2.0833333333333335,0.7609223826520778,124
126,"Galeota et al. 1996, BB1",Rectangular,0,4.5600000000000005,0.32421236185046665,0.04322831491339555,0.2,2.0833333333333335,0.7609223826520778,125
379,"Sritharan et al. 1995, IC3",Spiral,0,3.0,0.2677432121212121,0.04855250625478686,0.042870018341251266,1.1228070175438596,0.5041050008447017,125
380,"Saatcioglu and Baingo 1999, RC1",Spiral,0,6.58,0.21122756923076924,0.10874743800887746,0.3134128110117324,1.1111111111111112,0.1705267382621203,126
127,"Galeota et al. 1996, BB4",Rectangular,0,4.5600000000000005,0.32421236185046665,0.04322831491339555,0.3,2.0833333333333335,0.7868914435733787,126
128,"Galeota et al. 1996, BB4B",Rectangular,0,4.5600000000000005,0.32421236185046665,0.04322831491339555,0.3,2.0833333333333335,0.7868914435733787,127
381,"Saatcioglu and Baingo 1999, RC2",Spiral,0,6.58,0.21122756923076924,0.10368183734983993,0.3134128110117324,0.7374631268436577,0.17715552361197867,127
383,"Saatcioglu and Baingo 1999, RC4",Spiral,0,6.58,0.15255324444444446,0.0518292974672236,0.4187543391573424,1.0416666666666667,0.27964120166058887,129
384,"Saatcioglu and Baingo 1999, RC6",Spiral,0,6.58,0.15255324444444446,0.037440663487442204,0.4187543391573424,1.4749262536873153,0.34158860577787026,130
385,"Saatcioglu and Baingo 1999, RC7",Spiral,0,6.58,0.15255324444444446,0.07853981633974483,0.2093771695786712,1.1111111111111112,0.17345270657559098,131
386,"Saatcioglu and Baingo 1999, RC8",Spiral,0,6.58,0.15255324444444446,0.07853981633974483,0.4187543391573424,1.1111111111111112,0.20921001974043874,132
387,"Saatcioglu and Baingo 1999, RC9",Spiral,0,6.58,0.15255324444444446,0.07488132697488441,0.4187543391573424,0.7374631268436577,0.2166850372099689,133
136,"Wehbe et al. 1998, B2",Rectangular,0,3.8278688524590168,0.35472139477330167,0.05461703672511157,0.2324374614267423,2.3055555555555554,0.7295960902153189,135
137,"Lynn et al. 1998, 3CLH18",Rectangular,2,3.2222222222222223,0.37402219848522306,0.0100821642494967,0.08945472019173879,8.021052631578947,1.5239557303264712,136
139,"Lynn et al. 1998, 2CMH18",Rectangular,1,3.2222222222222223,0.25172286815255907,0.010635694835743578,0.2836606980403503,8.021052631578947,1.10201696523192,138
392,"Henry 1998, 415p",Spiral,0,4.0,0.1858771686293372,0.05413901860517791,0.12047169092266373,0.8281249999999999,0.3372935707327432,138
140,"Lynn et al. 1998, 3CMH18",Rectangular,2,3.2222222222222223,0.36453612823378617,0.00982645718519787,0.262077818841628,8.021052631578947,1.425095045132254,139
393,"Henry 1998, 415s",Spiral,0,4.0,0.1858771686293372,0.027112138451096973,0.060235845461331865,1.653645833333333,0.4710391434239153,139
394,"Chai, Priestley, and Seible 1991, Test 3",Spiral,0,5.999015748031496,0.24413016031638743,0.008963186066954171,0.18697285086660614,3.307291666666666,0.6461033519553142,140
141,"Lynn et al. 1998, 3CMD12",Rectangular,2,3.2222222222222223,0.36453612823378617,0.02505746582225457,0.262077818841628,5.347368421052632,1.1392106467999783,140
142,"Lynn et al. 1996, 3SLH18",Rectangular,2,3.2222222222222223,0.37402219848522306,0.0100821642494967,0.08945472019173879,8.021052631578947,1.5239557303264712,141
143,"Lynn et al. 1996, 2SLH18",Rectangular,1,3.2222222222222223,0.1939254724438144,0.00819366218463629,0.07269885115280282,8.021052631578947,1.0083254760037947,142
396,"Soderstrom 2001,C2",Spiral,0,4.698090692124105,0.15408370934231772,0.04401498316102849,0.0,0.8912280701754386,0.21725566433122845,142
397,"Soderstrom 2001,C3",Spiral,0,4.698090692124105,0.1385867845521421,0.043865029227248456,0.0,0.8466666666666666,0.19799251768085688,143
144,"Lynn et al. 1996, 3SMD12",Rectangular,1,3.2222222222222223,0.3945567505589216,0.027121021831146126,0.2836606980403503,5.347368421052632,1.1459228485379893,143
145,"Xiao and Martirossyan 1998, HC4-8L19-T10-0.1P",Rectangular,0,2.0,0.23841619546746756,0.10556737539200992,0.09973046261881997,0.9139784946236559,0.5598902879369332,144
398,"Soderstrom 2001,C4",Spiral,0,4.698090692124105,0.1385867845521421,0.043865029227248456,0.10289871169856125,0.8466666666666666,0.28551769544565087,144
399,"Graff, 2001,C5",Spiral,0,4.698090692124105,0.15862459437912238,0.043865029227248456,0.10289871169856125,0.8466666666666666,0.31019903316316844,145
146,"Xiao and Martirossyan 1998, HC4-8L19-T10-0.2P",Rectangular,0,2.0,0.23841619546746756,0.10556737539200992,0.19966487301395655,0.9139784946236559,0.6246738967102624,145
147,"Xiao and Martirossyan 1998, HC4-8L16-T10-0.1P",Rectangular,0,2.0,0.14600859053696366,0.09329209918363666,0.0962443785352687,0.9139784946236559,0.4388560105702663,146
401,"Graff, 2001,C7",Spiral,0,4.698090692124105,0.16327104303465403,0.043865029227248456,0.10289871169856125,0.8466666666666666,0.3159222419092595,147
148,"Xiao and Martirossyan 1998, HC4-8L16-T10-0.2P",Rectangular,0,2.0,0.14600859053696366,0.09329209918363666,0.1924887570705374,0.9139784946236559,0.522222778820876,147
402,"Graff, 2001,C8",Spiral,0,4.698090692124105,0.15862459437912238,0.043865029227248456,0.10289871169856125,0.8466666666666666,0.31019903316316844,148
149,"Xiao and Martirossyan 1998, HC4-8L16-T6-0.1P",Rectangular,1,2.0,0.14600859053696366,0.038896908126525555,0.0962443785352687,1.3281249999999998,0.741460410374528,148
150,"Xiao and Martirossyan 1998, HC4-8L16-T6-0.2P",Rectangular,1,2.0,0.14600859053696366,0.038896908126525555,0.1924887570705374,1.3281249999999998,0.8374140074196855,149
403,"Kowalsky and Moyer, 2001, 1",Spiral,0,5.333333333333333,0.358330731385667,0.05405650441715876,0.04308494623150069,1.336842105263158,0.3701579875120211,149
404,"Kowalsky and Moyer, 2001, 2",Spiral,0,5.333333333333333,0.34261447123717287,0.051685605100616705,0.04119525560731206,1.336842105263158,0.36861413458042586,150
151,"Sugano 1996, UC10H",Rectangular,0,2.0,0.062003561223391776,0.09677643629346455,0.5991211550533584,1.4705882352941178,0.5159503116463756,150
152,"Sugano 1996, UC15H",Rectangular,0,2.0,0.062003561223391776,0.1533708310271086,0.5991211550533584,1.1718749999999998,0.3889716676777381,151
154,"Sugano 1996, UC15L",Rectangular,0,2.0,0.062003561223391776,0.1533708310271086,0.34969658924461183,1.1718749999999998,0.3534259679195131,153
155,"Sugano 1996, UC20L",Rectangular,0,2.0,0.062003561223391776,0.19719106846342535,0.34969658924461183,0.9114583333333331,0.2932052623748773,154
408,"Hamilton, 2002, UCI1",Spiral,0,4.5625,0.14720676369863014,0.04662978417213973,0.0,1.1777777777777778,0.1926270748429406,154
156,"Nosho et al. 1996, No. 1",Rectangular,0,7.637795275590553,0.10199049355229017,0.00843877545440735,0.33949504042801604,6.047619047619048,0.45183032798738476,155
412,"Hamilton, 2002, UCI5",Spiral,1,2.578248031496063,0.15178098516949154,0.024077223403444366,0.0,2.3518518518518516,0.4583490248515089,158
415,"McDaniel, 1997, S1-2",Spiral,2,2.0,0.23049175062902363,0.004544316512438644,0.002403495189296468,3.4557823129251695,1.0965927247136333,161
416,"McDaniel, 1997, S2",Spiral,2,2.0,0.1908345683678547,0.003903451363248579,0.0020645407395238893,3.4557823129251695,0.9893647715066765,162
163,"Bayrak and Sheikh 1996, AS-7HT",Rectangular,0,6.039344262295082,0.11431549296014533,0.06319709380821688,0.45001607200257154,1.3864306784660765,0.3246690681481317,162
165,"Saatcioglu and Grira 1999, BG-1",Rectangular,0,4.7,0.26134716942806124,0.06701046830037577,0.4278511404561825,2.6666666666666665,0.48527096940430303,164
166,"Saatcioglu and Grira 1999, BG-2",Rectangular,0,4.7,0.26134716942806124,0.13402093660075154,0.4278511404561825,1.3333333333333333,0.30527041985285414,165
167,"Saatcioglu and Grira 1999, BG-3",Rectangular,0,4.7,0.26134716942806124,0.13402093660075154,0.19951980792316926,1.3333333333333333,0.26562325073288046,166
168,"Saatcioglu and Grira 1999, BG-4",Rectangular,0,4.7,0.3920207541420919,0.0893472910671677,0.4617046818727491,2.6666666666666665,0.5021850676314081,167
169,"Saatcioglu and Grira 1999, BG-5",Rectangular,0,4.7,0.3920207541420919,0.1786945821343354,0.4617046818727491,1.3333333333333333,0.30438749381852176,168
170,"Saatcioglu and Grira 1999, BG-6",Rectangular,0,4.7,0.3221984071085403,0.1786945821343354,0.4561824729891957,1.3333333333333333,0.2733674914912262,169
171,"Saatcioglu and Grira 1999, BG-7",Rectangular,0,4.7,0.3920207541420919,0.08776173161700065,0.4617046818727491,1.9191919191919196,0.5080437016339787,170
172,"Saatcioglu and Grira 1999, BG-8",Rectangular,0,4.7,0.3920207541420919,0.08776173161700065,0.23073229291716688,1.9191919191919196,0.48658213918529963,171
173,"Saatcioglu and Grira 1999, BG-9",Rectangular,0,4.7,0.4130338227186827,0.08776173161700065,0.4617046818727491,1.9191919191919196,0.5235228037703472,172
174,"Saatcioglu and Grira 1999, BG-10",Rectangular,0,4.7,0.4130338227186827,0.1786945821343354,0.4617046818727491,1.3333333333333333,0.3136615879381742,173
175,"Matamoros et al. 1999,C10-05N",Rectangular,0,3.004926108374384,0.1622985079540362,0.05356582313270015,0.04950932769680097,1.336842105263158,0.45659162347404003,174
176,"Matamoros et al. 1999,C10-05S",Rectangular,0,3.004926108374384,0.1622985079540362,0.05356582313270015,0.04950932769680097,1.336842105263158,0.45659162347404003,175
177,"Matamoros et al. 1999,C10-10N",Rectangular,0,3.004926108374384,0.16268447028494956,0.06943779961493321,0.10200538287774151,1.336842105263158,0.4299826822788952,176
178,"Matamoros et al. 1999,C10-10S",Rectangular,0,3.004926108374384,0.16296873460486033,0.06867176721029357,0.10200538287774151,1.3543859649122807,0.4338326201985894,177
179,"Matamoros et al. 1999,C10-20N",Rectangular,0,3.004926108374384,0.1683970547377035,0.07187607349454156,0.21080402098481785,1.336842105263158,0.5063099927134541,178
180,"Matamoros et al. 1999,C10-20S",Rectangular,0,3.004926108374384,0.16869130085816078,0.07108314224210541,0.21080402098481785,1.3543859649122807,0.5104226432875383,179
181,"Matamoros et al. 1999,C5-00N",Rectangular,0,3.004926108374384,0.29102921069444804,0.12421854390217604,0.0,1.336842105263158,0.3401808241119036,180
183,"Matamoros et al. 1999,C5-20N",Rectangular,0,3.004926108374384,0.2338711418964994,0.07718801842724493,0.14318768031285453,1.336842105263158,0.5220121565366791,182
184,"Matamoros et al. 1999,C5-20S",Rectangular,0,3.004926108374384,0.2342701713145108,0.07637546019147431,0.14318768031285453,1.3543859649122807,0.5263526554590484,183
185,"Matamoros et al. 1999,C5-40N",Rectangular,0,3.004926108374384,0.28950149830235117,0.1235664780549205,0.36240586284791515,1.336842105263158,0.487020578578339,184
186,"Matamoros et al. 1999,C5-40S",Rectangular,0,3.004926108374384,0.2900073544936885,0.12220330227973501,0.36240586284791515,1.3543859649122807,0.4911993082650706,185
189,"Mo and Wang 2000,C1-3",Rectangular,0,3.5,0.40492466173068953,0.10976047664260496,0.21551724137931033,1.3227513227513228,0.5312482394683444,188
190,"Mo and Wang 2000,C2-1",Rectangular,0,3.5,0.41772860360359676,0.10887611889525653,0.11116600790513834,1.3756613756613758,0.5119187778069219,189
191,"Mo and Wang 2000,C2-2",Rectangular,0,3.5,0.38998279229413274,0.10164449476199225,0.15567343173431733,1.3756613756613758,0.5297706192504589,190
192,"Mo and Wang 2000,C2-3",Rectangular,0,3.5,0.3943482713123507,0.10278230627052201,0.20988805970149255,1.3756613756613758,0.5461286297716522,191
193,"Mo and Wang 2000,C3-1",Rectangular,0,3.5,0.4003232451201136,0.10047518379531391,0.10653409090909091,1.4285714285714286,0.5251596449785051,192
194,"Mo and Wang 2000,C3-2",Rectangular,0,3.5,0.384310315315309,0.09645617644350135,0.1534090909090909,1.4285714285714286,0.5439715662059975,193
195,"Mo and Wang 2000,C3-3",Rectangular,0,3.5,0.3928822926085873,0.09860761532328205,0.20910780669144982,1.4285714285714286,0.5606809474488988,194
196,"Aboutaha and Machado 1999, ORC1",Rectangular,0,3.600393700787402,0.0,0.0,0.0,1.25,0.0,195
197,"Aboutaha and Machado 1999, ORC2",Rectangular,0,3.600393700787402,0.0,0.0,0.11998426129974914,1.25,0.5958602917261285,196
199,"Aboutaha et al. 1999, SC3",Rectangular,2,2.6666666666666665,0.37230001775344285,0.017419394551856798,0.0,7.129824561403509,1.3707361135766254,198
201,"Thomsen and Wallace 1994, A1",Rectangular,0,3.916666666666666,0.12293095036171015,0.04812770502858109,0.0,1.3229166666666663,0.2754795386188717,200
203,"Thomsen and Wallace 1994, B1",Rectangular,0,3.916666666666666,0.12698602458407904,0.06401993158811407,0.0,1.3229166666666663,0.22169045796150036,202
204,"Thomsen and Wallace 1994, B2",Rectangular,0,3.916666666666666,0.13322874281902777,0.06716719441199019,0.10015341107154367,1.3229166666666663,0.3246555136821424,203
205,"Thomsen and Wallace 1994, B3",Rectangular,0,3.916666666666666,0.12345863501229908,0.06224160015511092,0.1999695357415406,1.3229166666666663,0.4100892247394477,204
206,"Thomsen and Wallace 1994, C1",Rectangular,0,3.916666666666666,0.1720987871935894,0.13207044875283727,0.0,1.3229166666666663,0.1568345764701014,205
207,"Thomsen and Wallace 1994, C2",Rectangular,0,3.916666666666666,0.1557194120049234,0.11950074116376029,0.09984753362417062,1.3229166666666663,0.22302988055526277,206
208,"Thomsen and Wallace 1994, C3",Rectangular,0,3.916666666666666,0.1420130578920206,0.10898233851853932,0.2000139832933836,1.3229166666666663,0.2841766447439349,207
209,"Thomsen and Wallace 1994, D1",Rectangular,0,3.916666666666666,0.15325419703914625,0.0939391913454554,0.1999417660518112,1.6562499999999998,0.329616141793656,208
210,"Thomsen and Wallace 1994, D2",Rectangular,0,3.916666666666666,0.13352492109847452,0.06831230107905376,0.19993654291267715,1.9843749999999998,0.3961636165757645,209
212,Sezen and Moehle No. 1,Rectangular,1,3.2222222222222223,0.5097281045486892,0.03901389600794176,0.15122755656546363,5.347368421052632,1.1648670009183122,211
213,Sezen and Moehle No. 2,Rectangular,1,3.2222222222222223,0.5097281045486892,0.03901389600794176,0.6051369542327173,5.347368421052632,1.0245732611885647,212
215,"Paultre and Legeron, 2000, No. 1006015",Rectangular,0,6.557377049180328,0.12535855662873077,0.07884594846540482,0.13960777196466526,0.8849557522123892,0.1852231555536475,214
216,"Paultre and Legeron, 2000, No. 1006025",Rectangular,0,6.557377049180328,0.11836852182651705,0.07808537661525622,0.2765221463994656,0.8849557522123892,0.22978606826539172,215
217,"Paultre and Legeron, 2000, No. 1006040",Rectangular,0,6.557377049180328,0.1179544870926143,0.07931208913301377,0.3940862972363056,0.8849557522123892,0.25190346884227927,216
218,"Paultre and Legeron, 2000, No. 10013015",Rectangular,0,6.557377049180328,0.12218492228369963,0.035469160848117846,0.13607339799087628,1.91740412979351,0.3190912240364358,217
219,"Paultre and Legeron, 2000, No. 10013025",Rectangular,0,6.557377049180328,0.1130376979162133,0.03441634031117268,0.2640687436957026,1.91740412979351,0.379560746716228,218
220,"Paultre and Legeron, 2000, No. 10013040",Rectangular,0,6.557377049180328,0.11105590251672796,0.03446469718797235,0.3710381053557547,1.91740412979351,0.4106553964058349,219
221,"Paultre et al., 2001, No. 806040",Rectangular,0,6.557377049180328,0.14554910482966407,0.10369885802646885,0.3961170963114327,0.8849557522123892,0.21858691301750102,220
222,"Paultre et al., 2001, No. 1206040",Rectangular,0,6.557377049180328,0.10489665338914433,0.07473534914544962,0.4134537862030472,0.8849557522123892,0.2588162222221008,221
223,"Paultre et al., 2001, No. 1005540",Rectangular,0,6.557377049180328,0.10460926529766723,0.15314505773471757,0.4123210361038607,0.8112094395280235,0.14960130671245928,222
224,"Paultre et al., 2001, No. 1008040",Rectangular,0,6.557377049180328,0.10993008205465031,0.11064252761604323,0.3713941879904531,1.1799410029498523,0.19060187475220217,223
225,"Paultre et al., 2001, No. 1005552",Rectangular,0,6.557377049180328,0.1096144933023403,0.1447170835265416,0.5297747557185456,0.8112094395280235,0.1656912034910311,224
226,"Paultre et al., 2001, No. 1006052",Rectangular,0,6.557377049180328,0.10470488619830497,0.08379582409506574,0.506046270316161,0.8849557522123892,0.24638024417433743,225
228,"Pujol 2002, No. 10-2-3S",Rectangular,0,2.25,0.32819007720945886,0.06545868522157365,0.08496142940192243,2.0158730158730163,0.8061712829162269,227
229,"Pujol 2002, No. 10-3-1.5N",Rectangular,0,2.25,0.3445484611202107,0.13744284685152847,0.08919626700451047,1.0079365079365081,0.5129290691185904,228
234,"Pujol 2002, No. 10-3-2.25S",Rectangular,0,2.25,0.4036498394875461,0.10725203928327286,0.10449635660017466,1.5132275132275135,0.6903085574650586,233
237,"Pujol 2002, No. 20-3-3N",Rectangular,0,2.25,0.30384630774611987,0.06060323329579759,0.15791011435502725,2.0158730158730163,0.8362216298696364,236
238,"Pujol 2002, No. 20-3-3S",Rectangular,0,2.25,0.30384630774611987,0.06060323329579759,0.15791011435502725,2.0158730158730163,0.8362216298696364,237
239,"Pujol 2002, No. 10-2-2.25N",Rectangular,0,2.25,0.31690560464065226,0.08420360677254085,0.08204011950844659,1.5132275132275135,0.6739620395317363,238
241,"Pujol 2002, No. 10-1-2.25N",Rectangular,0,2.25,0.30301385210845927,0.08051248976333358,0.07844384029711741,1.5132275132275135,0.6706621734965332,240
242,"Pujol 2002, No. 10-1-2.25S",Rectangular,0,2.25,0.30301385210845927,0.08051248976333358,0.07844384029711741,1.5132275132275135,0.6706621734965332,241
243,"Bechtoula, Kono, Arai and Watanabe, 2002, D1N30",Rectangular,0,2.5,0.29820274195397417,0.06483712497834254,0.3,1.6666666666666667,0.7993310527353875,242
244,"Bechtoula, Kono, Arai and Watanabe, 2002, D1N60",Rectangular,0,2.5,0.29820274195397417,0.06483712497834254,0.6,1.6666666666666667,0.7709246005897303,243
245,"Bechtoula, Kono, Arai and Watanabe, 2002, L1D60",Rectangular,0,2.0,0.16717899820563697,0.11288891115947652,0.5668934240362811,1.3123359580052496,0.5287605946555258,244
246,"Bechtoula, Kono, Arai and Watanabe, 2002, L1N60",Rectangular,0,2.0,0.16717899820563697,0.11288891115947652,0.5668934240362811,1.3123359580052496,0.5287605946555258,245
