UniqueId,err_cal_exp,err_surr_exp,err_surr_cal,ar,lrr,srr,alr,sdr,smr,no_model_err,one_model_err,ColumnType,FailureMode
64,0.05439294958555291,0.1631888405423981,0.16134206703049636,1.5,0.2975403315468571,0.1333872229663706,0.2567829457364341,1.9444444444444444,0.7526079372813009,0.39897095554164846,0.6010290444583515,Rectangular,Flexure-Shear
352,0.06334252641617248,0.11516713558090705,0.09509358327342618,4.498360655737705,0.2782729531138365,0.0573855178626642,0.0926380853990227,0.7916666666666666,0.3608154540952911,0.34061376844172736,0.6599220504558365,Spiral,Flexure
379,0.07401394689325531,0.15534133831471245,0.13434649250918843,3.0,0.2677432121212121,0.0485525062547868,0.0428700183412512,1.1228070175438596,0.5041050008447017,0.43324961217510294,0.5679551253263131,Spiral,Flexure
374,0.061151432129703524,0.14126905224747338,0.14703086277542904,3.0,0.3479286155432214,0.0730848949551309,0.0905565245626531,0.6614583333333331,0.5016320326049301,0.43457491567776374,0.5654250843222363,Spiral,Flexure
309,0.08809376270948617,0.11574828345674824,0.07404936551867261,3.0,0.3784242424242424,0.128081780489082,0.2107735073189291,0.4838709677419354,0.3733243789416683,0.4031629542218356,0.5968370457781645,Spiral,Flexure
196,0.2219100172844619,0.2762897059063349,0.27183142508673513,3.600393700787402,0.0,0.0,0.0,1.25,0.0,0.4757746237811874,0.5260238629996944,Rectangular,Flexure
190,0.04286588421956508,0.08115078073591266,0.06980550268189716,3.5,0.4177286036035967,0.1088761188952565,0.1111660079051383,1.3756613756613758,0.5119187778069219,0.3871840021162779,0.6128159978837221,Rectangular,Flexure
125,0.050840340404973115,0.2348874800322631,0.24347426289897703,4.5600000000000005,0.3242123618504666,0.0432283149133955,0.2,2.083333333333333,0.7609223826520778,0.5099557686468753,0.49178637593564384,Rectangular,Flexure
217,0.09309237348361564,0.13086553332806955,0.0790108177961594,6.557377049180328,0.1179544870926143,0.0793120891330137,0.3940862972363056,0.8849557522123892,0.2519034688422792,0.5159197418216593,0.48935161787483433,Rectangular,Flexure
15,0.09628629167773564,0.1540035585342038,0.1126595913156686,4.0,0.1701845620344642,0.0863937979737193,0.7,1.3333333333333333,0.3994953698042017,0.45175663932543847,0.5482433606745615,Rectangular,Flexure
67,0.05194304084889628,0.0856912314108856,0.06379659242211103,2.0,0.092643441806449,0.0610952943185552,0.3499095477386935,1.3333333333333333,0.6677504471434148,0.49707914681892584,0.503092778429528,Rectangular,Flexure
32,0.07185767634479402,0.0996950584966994,0.08221468678906048,4.0,0.20693024755868,0.0416846908295117,0.0320060483870967,1.851851851851852,0.4528985576643131,0.5186583741968008,0.4845416924958251,Rectangular,Flexure
149,0.04104992281966353,0.261254897355745,0.2573381524487784,2.0,0.1460085905369636,0.0388969081265255,0.0962443785352687,1.3281249999999998,0.741460410374528,0.4712984718116829,0.5287015281883171,Rectangular,Flexure-Shear
100,0.03992348895214644,0.1592002289160148,0.1608033719330449,1.1097560975609757,0.3157000782988364,0.054460996242006,0.2696561127101954,2.4722222222222223,1.8176524188727676,0.2430992761104721,0.7569007238895279,Rectangular,Shear
216,0.10589775682937382,0.11522605271609992,0.03579016881862191,6.557377049180328,0.118368521826517,0.0780853766152562,0.2765221463994656,0.8849557522123892,0.2297860682653917,0.46900311430351677,0.5312861466051026,Rectangular,Flexure
337,0.03295878573280186,0.16122153304249082,0.1623513098350431,1.6363636363636362,0.5032627986348123,0.076397473226608,0.1235422681829171,0.9722222222222222,1.0487633365439422,0.4875738626351944,0.5124261373648056,Spiral,Flexure
155,0.027615975985752043,0.08549667554671044,0.0798114738062461,2.0,0.0620035612233917,0.1971910684634253,0.3496965892446118,0.9114583333333331,0.2932052623748773,0.5373370468594063,0.46266295314059375,Rectangular,Flexure
335,0.03725361345324952,0.10512372517866266,0.09175531115778875,1.6363636363636362,0.4741350482315112,0.0,0.1163919118250633,2.0,2.6253097065065103,0.39188120375374835,0.6081187962462516,Spiral,Shear
398,0.05648129010606729,0.16645970747805908,0.15240304027875862,4.698090692124105,0.1385867845521421,0.0438650292272484,0.1028987116985612,0.8466666666666666,0.2855176954456508,0.40162227610316736,0.5983777238968325,Spiral,Flexure
396,0.056989599077355145,0.14212016660693,0.13300816821862566,4.698090692124105,0.1540837093423177,0.0440149831610284,0.0,0.8912280701754386,0.2172556643312284,0.4248614781950648,0.5757696862259184,Spiral,Flexure
306,0.05730642359054235,0.1004991432310724,0.08923890946510891,6.0131578947368425,0.2654607560276389,0.040424478291429,0.0685014756456048,0.9329140461215932,0.3249960137095146,0.49047945531020903,0.5095205446897909,Spiral,Flexure
145,0.03352900960787365,0.06103984411852857,0.04833369100961237,2.0,0.2384161954674675,0.1055673753920099,0.0997304626188199,0.913978494623656,0.5598902879369332,0.442283180112503,0.5577168198874971,Rectangular,Flexure
302,0.12454928727458123,0.1813054855712632,0.14862023374847144,2.915309446254072,0.1279145025781533,0.0171346618482285,0.0997490209515304,2.083333333333333,0.5617823686781224,0.47563937955340424,0.5291881471654302,Spiral,Flexure-Shear
169,0.0664690045292651,0.0847264179372194,0.048432842427745246,4.7,0.3920207541420919,0.1786945821343354,0.4617046818727491,1.3333333333333333,0.3043874938185217,0.49613642388443463,0.5052103106539341,Rectangular,Flexure
381,0.09192095001742943,0.13278930062208946,0.08862918886703572,6.58,0.2112275692307692,0.1036818373498399,0.3134128110117324,0.7374631268436577,0.1771555236119786,0.5163322295430754,0.4907313991844853,Spiral,Flexure
136,0.03772072359397044,0.15515130029025406,0.15281952247332836,3.8278688524590168,0.3547213947733016,0.0546170367251115,0.2324374614267423,2.305555555555556,0.7295960902153189,0.5426658485788091,0.45749446761405854,Rectangular,Flexure
175,0.024752327068574824,0.06475452744955267,0.05960933778291867,3.004926108374384,0.1622985079540362,0.0535658231327001,0.0495093276968009,1.336842105263158,0.45659162347404,0.422540136834733,0.577459863165267,Rectangular,Flexure
33,0.05265119099955979,0.20506333898625637,0.21408882263139606,2.0,0.2318495378349267,0.0469226315244763,0.14296875,1.5151515151515151,0.8042647315190902,0.40984751573093137,0.5901524842690686,Rectangular,Flexure-Shear
195,0.21983336076099855,0.24328641347926802,0.16618833735067046,3.5,0.3928822926085873,0.098607615323282,0.2091078066914498,1.4285714285714286,0.5606809474488988,0.430506903221473,0.5765968117049837,Rectangular,Flexure
204,0.16703421670317542,0.18302183664034938,0.0881858538104829,3.916666666666666,0.1332287428190277,0.0671671944119901,0.1001534110715436,1.3229166666666663,0.3246555136821424,0.4445252291257102,0.5701001108340681,Rectangular,Flexure
322,0.03266603609233914,0.052792330550979996,0.039662579480226404,1.090909090909091,0.5198414147835635,0.0,0.1265660299915899,2.0,4.068249664091903,0.3950958603776545,0.6049041396223455,Spiral,Shear
191,0.06582533259025619,0.1626099814490967,0.15344594541140383,3.5,0.3899827922941327,0.1016444947619922,0.1556734317343173,1.3756613756613758,0.5297706192504589,0.4173827497665773,0.5828152887854416,Rectangular,Flexure
105,0.06737304121194998,0.10436493583393765,0.0698922114003948,2.857142857142857,0.3961074481127173,0.0808182018164862,0.1407459535538353,1.25,0.7347613405349893,0.37661817049329066,0.6239691888577426,Rectangular,Flexure
331,0.05230519465658339,0.17156690044794237,0.15515152168168775,1.090909090909091,0.4749988646265149,0.069075672336845,0.2312963870772824,0.9722222222222222,1.6251997920090395,0.4061086499380256,0.5938913500619744,Spiral,Shear
168,0.06682686356826768,0.09737149423952934,0.06536152466358754,4.7,0.3920207541420919,0.0893472910671677,0.4617046818727491,2.6666666666666665,0.5021850676314081,0.4224526856315342,0.5775859605424141,Rectangular,Flexure
315,0.08058163386180588,0.14323360186875594,0.09662801598173731,1.0,0.1634716981132075,0.1903689830609228,0.2475369862066248,0.6179775280898876,0.4899783196806555,0.3798691545675312,0.6202465689217638,Spiral,Flexure-Shear
24,0.03955011252133046,0.12047796402308346,0.1119310419190119,3.0,0.1983908359909642,0.0925306247446441,0.2999922762029814,1.25,0.46631047512654,0.5315689128343721,0.46996655818166205,Rectangular,Flexure
283,0.09921056999315042,0.1271661899676102,0.09204119164102484,2.5,0.4067638483965015,0.0223941517143645,0.0999938490854328,1.6666666666666667,1.2243661511164816,0.3047370380314285,0.6953960452448713,Spiral,Flexure-Shear
205,0.20919650079945382,0.1746400844112666,0.08113541604090427,3.916666666666666,0.123458635012299,0.0622416001551109,0.1999695357415406,1.3229166666666663,0.4100892247394477,0.4199221206342858,0.5862525818782124,Rectangular,Flexure
201,0.05056423561195981,0.1746162238257378,0.16986270990125704,3.916666666666666,0.1229309503617101,0.048127705028581,0.0,1.3229166666666663,0.2754795386188717,0.26991464820326894,0.7301623099274478,Rectangular,Flexure
208,0.5639661844600001,0.10816863718702388,0.5116578655483882,3.916666666666666,0.1420130578920206,0.1089823385185393,0.2000139832933836,1.3229166666666663,0.2841766447439349,0.41476790402826147,0.5853327617017839,Rectangular,Flexure
366,0.11952720284587573,0.1865207350863009,0.14030344775100623,8.0,0.473282446043651,0.0496267941278161,0.2964944957917003,1.3333333333333333,0.3671320710690278,0.5643224990937535,0.45841973880737336,Spiral,Flexure
128,0.046162948565575075,0.08146329988464328,0.08142661595206141,4.5600000000000005,0.3242123618504666,0.0432283149133955,0.3,2.083333333333333,0.7868914435733787,0.5176425948333245,0.48338684124557585,Rectangular,Flexure
353,0.05725566623399921,0.12165047193484772,0.11083874548258782,4.498360655737705,0.2808416265271949,0.0579152303352426,0.0934932061873213,0.7916666666666666,0.3610211893121618,0.32638091181405926,0.6736190881859407,Spiral,Flexure
20,0.06304989506442556,0.08171902673739359,0.043262826275880295,4.0,0.2908427573831176,0.137920212638798,0.199951171875,1.1111111111111112,0.3201972645977145,0.48269472490198245,0.5173052750980176,Rectangular,Flexure
173,0.0388239149333041,0.11512164334863702,0.11311574055647504,4.7,0.4130338227186827,0.0877617316170006,0.4617046818727491,1.91919191919192,0.5235228037703472,0.42650691638033,0.57349308361967,Rectangular,Flexure
186,0.025116557656389277,0.1749724862696292,0.1727041708401903,3.004926108374384,0.2900073544936885,0.122203302279735,0.3624058628479151,1.3543859649122807,0.4911993082650706,0.4789591073555289,0.5210408926444712,Rectangular,Flexure
61,0.028454113146929763,0.14014035842433847,0.13764652762212615,2.5,0.1311400962741969,0.1105440648159523,0.2538860103626943,0.9722222222222222,0.4237856196418204,0.5165540208065668,0.48344597919343335,Rectangular,Flexure
369,0.0704174440614286,0.09034395489529999,0.05112234033796232,4.0,0.2230526023552046,0.0649668223262135,0.0722675411254063,0.8281249999999999,0.3004249610560432,0.3449022496083648,0.6550977503916352,Spiral,Flexure
165,0.07590894816047057,0.11369437321231628,0.08064989930226564,4.7,0.2613471694280612,0.0670104683003757,0.4278511404561825,2.6666666666666665,0.485270969404303,0.4422102245280647,0.5578000557346278,Rectangular,Flexure
108,0.04231773840483221,0.07413678403567513,0.06171597151336151,2.857142857142857,0.3592035556302301,0.092457895035826,0.1255886970172684,1.692708333333333,0.6244439766092185,0.42816592669678866,0.5718340733032115,Rectangular,Flexure
82,0.04825076877668856,0.12445066696900521,0.11415934767352748,2.8721311475409834,0.3632861633384486,0.0661987886150566,0.1149555935583535,1.6931216931216932,0.7628170111050468,0.5000969627310426,0.5013281620156835,Rectangular,Flexure-Shear
313,0.058745528414921894,0.09480256001969571,0.07951128732979769,6.0,0.375175965665236,0.0668390691089069,0.1049193101240992,0.8641975308641974,0.2993806458761555,0.38129607216342976,0.6187039278365704,Spiral,Flexure
333,0.197012245092726,0.19922729347894647,0.3645134687496542,1.6363636363636362,0.4711054313099041,0.0715158455443966,0.0,0.9722222222222222,1.0220362608387008,0.5005968722325979,0.4994073003628245,Spiral,Flexure
305,0.06819138522710153,0.06890060717683058,0.024196172500795265,3.75,0.7252189971496247,0.1155658853630965,0.3514200437614614,0.9909909909909907,0.5728223274780351,0.49709477753238046,0.5029216991239671,Spiral,Flexure
112,0.05167486228913001,0.08375710741110762,0.07377501455104901,4.5600000000000005,0.0810530904626166,0.0288188766089303,0.2,3.125,0.4785475406271931,0.32581418190096506,0.6741858180990349,Rectangular,Flexure
98,0.15031669514752125,0.25661537860903716,0.24868415360950394,1.1097560975609757,0.3799255956604908,0.0327702269651039,0.1622572597969657,2.4722222222222223,2.402882295656469,0.21471771699337497,0.7852822830066252,Rectangular,Shear
276,0.05451246712335788,0.16298104108774564,0.14638629259366923,2.0,0.4594871794871795,0.0501446519707601,0.1999639028590479,1.6666666666666667,1.0172615127664126,0.4931964163646589,0.5071525329703724,Spiral,Flexure-Shear
237,0.023915910945085436,0.07153114381413046,0.06819788143029051,2.25,0.3038463077461198,0.0606032332957975,0.1579101143550272,2.0158730158730163,0.8362216298696364,0.4473037089246255,0.5526962910753744,Rectangular,Flexure
319,0.03542875756827533,0.0764117313557197,0.06716949635706493,2.0,0.3532939746835443,0.1254352589562816,0.2075863966606189,0.7865168539325842,0.4980034092301829,0.40647015783502,0.5935545048749261,Spiral,Flexure
282,0.05159660390505282,0.08736198349930446,0.07718058492042526,2.0,0.4177245508982036,0.0229975869402007,0.100067479189515,1.6666666666666667,1.336156006400793,0.32306687317931154,0.6770653519261796,Spiral,Shear
344,0.051499116330709215,0.11205500420187117,0.10600482139600914,1.6363636363636362,0.7801904761904763,0.0552702707540645,0.3830463976465049,2.083333333333333,1.5197989599411117,0.3909356263719363,0.6090643736280638,Spiral,Shear
299,0.08957170867902814,0.10778910060377592,0.053040441799503936,6.221498371335505,0.1134087342445483,0.0151915558654397,0.0504858467109986,2.083333333333333,0.2801831817963103,0.42147238469179465,0.5794992390040923,Spiral,Flexure
57,0.029583462635120978,0.09942860616761662,0.0963493158884381,2.5,0.1771998033670012,0.1493699265541105,0.3999416569428238,0.9722222222222222,0.4198635096689885,0.4577911083528317,0.5422088916471683,Rectangular,Flexure
221,0.0519236441764906,0.08396130546641425,0.06730603460626493,6.557377049180328,0.145549104829664,0.1036988580264688,0.3961170963114327,0.8849557522123892,0.218586913017501,0.4587739980028511,0.5412830800300956,Rectangular,Flexure
368,0.07189737897467302,0.14379578628240136,0.12299329034247922,8.0,0.4487600395128919,0.0470554576445095,0.281132086683322,1.3333333333333333,0.3680043873427329,0.5215736488090302,0.4875943015845219,Spiral,Flexure
397,0.04544402406273146,0.09918890120825473,0.09072284502544159,4.698090692124105,0.1385867845521421,0.0438650292272484,0.0,0.8466666666666666,0.1979925176808568,0.3327614942606226,0.6672385057393774,Spiral,Flexure
148,0.047648668789993756,0.23087944366434332,0.22261411886717963,2.0,0.1460085905369636,0.0932920991836366,0.1924887570705374,0.913978494623656,0.522222778820876,0.4634548065551663,0.5365451934448338,Rectangular,Flexure
387,0.07931277560593376,0.09108296749729167,0.04344507100655475,6.58,0.1525532444444444,0.0748813269748844,0.4187543391573424,0.7374631268436577,0.2166850372099689,0.5150122785049851,0.48603397382177166,Spiral,Flexure
1,0.05572606158130316,0.06233761627575128,0.022647710104352972,2.181818181818182,0.2913315501450661,0.0917997853321692,0.2597402597402597,1.3333333333333333,0.648662878889607,0.4902815615728179,0.5112286716718136,Rectangular,Flexure
83,0.04591183141137711,0.12535236606785435,0.12027980990889169,2.8721311475409834,0.3632861633384486,0.0661987886150566,0.1149555935583535,1.6931216931216932,0.7628170111050468,0.4791809806436007,0.5208190193563993,Rectangular,Flexure-Shear
246,0.07314617491953963,0.09630732485122,0.07483018388071787,2.0,0.1671789982056369,0.1128889111594765,0.5668934240362811,1.3123359580052496,0.5287605946555258,0.47567042644038166,0.5243295735596183,Rectangular,Flexure
303,0.09401505546344006,0.11162286580820478,0.06030291905626947,7.5,0.7252189971496247,0.1155658853630965,0.2412019391271849,0.9909909909909907,0.2891096231747155,0.42441309400932065,0.5755869059906793,Spiral,Flexure
334,0.047433214737985056,0.17014787028155878,0.18050933520396814,1.090909090909091,0.4711054313099041,0.0333740612540517,0.1156481935386412,2.083333333333333,2.3032579711370857,0.4164199096084087,0.5835800903915912,Spiral,Shear
298,0.04104925064288697,0.11402715790752065,0.09787102382847031,2.0,0.4108108108108108,0.0530674434728005,0.3899296105751435,1.0,0.9287197968509692,0.40807812561271767,0.5919218743872823,Spiral,Flexure
6,0.04582155752994966,0.09389934095937692,0.08204532406241039,4.0,0.2575603321119055,0.0977384381116824,0.21,1.5,0.3870776191097969,0.4874880684420328,0.5125119315579673,Rectangular,Flexure
118,0.04246615504306852,0.05902159005474794,0.05026795864406682,4.5600000000000005,0.0810530904626166,0.0864566298267911,0.3,1.0416666666666667,0.2771842030326142,0.4774762738857464,0.5225237261142537,Rectangular,Flexure
104,0.07275363247141235,0.0934622414137063,0.05019246219341063,2.857142857142857,0.3161591558330862,0.0322531355873133,0.0,2.5,1.0323673510773903,0.2721906895776262,0.7278093104223738,Rectangular,Flexure
220,0.05155107376112123,0.062035709590981675,0.03641209535513825,6.557377049180328,0.1110559025167279,0.0344646971879723,0.3710381053557547,1.91740412979351,0.4106553964058349,0.4427986366773192,0.5572013633226808,Rectangular,Flexure
318,0.07599268718107448,0.21025690945779824,0.23007835560885445,2.0,0.2495707544303797,0.0315914655780284,0.1037931983303094,1.5811965811965814,0.7856197729731355,0.4632979250475615,0.5369880127937563,Spiral,Flexure-Shear
289,0.06361883580863663,0.08671707193439666,0.06935680887030632,2.0,0.4319504643962848,0.0363277045237086,0.0,2.2222222222222223,1.1747270513412311,0.31962222244383137,0.6803777775561686,Spiral,Flexure-Shear
119,0.06185462057755608,0.07449520874643402,0.04395499706606063,4.5600000000000005,0.0810530904626166,0.0864566298267911,0.2,1.0416666666666667,0.2345321282928151,0.4411902718600824,0.5588097281399177,Rectangular,Flexure
288,0.04747946198430507,0.09427007429530773,0.07513391558933467,2.0,0.4515210355987055,0.0179077251142401,0.0,3.6666666666666665,1.669565854845116,0.2943536373857224,0.7056463626142775,Spiral,Shear
172,0.03442617185505746,0.13073935289474478,0.12639436611978308,4.7,0.3920207541420919,0.0877617316170006,0.2307322929171668,1.91919191919192,0.4865821391852996,0.4473175123325932,0.5526824876674067,Rectangular,Flexure
21,0.05503296372282895,0.06142126572942858,0.032166510538438615,4.0,0.2908427573831176,0.137920212638798,0.199951171875,1.1111111111111112,0.3201972645977145,0.5159374211657682,0.4840625788342317,Rectangular,Flexure
329,0.05921309006979673,0.14488240021336157,0.1187829278687376,1.090909090909091,0.5348008799571913,0.0272202874262639,0.2604164358100339,2.7777777777777777,2.531022062264917,0.36410406248264154,0.6358959375173585,Spiral,Shear
95,0.04646862101319464,0.07979981350806296,0.06262991453314239,5.495081967213115,0.1831290196430993,0.0442796912618901,0.265758905909403,2.2280701754385963,0.4151514406429186,0.4846511093825285,0.5153488906174715,Rectangular,Flexure
363,0.04062960111102279,0.1687324734015682,0.1693583988243629,1.9912472647702408,0.6936803965681287,0.1529045388628064,0.1480568822484718,0.5905511811023623,0.715319910010955,0.397238816119101,0.6027611838808989,Spiral,Flexure-Shear
102,0.05242648215396572,0.06745555178764773,0.04007473723326601,3.00218818380744,0.2168137751045223,0.1067390101346243,0.2059025637147512,1.3385826771653546,0.418819547804882,0.4621064775025436,0.5378935224974564,Rectangular,Flexure
266,0.04462292288622285,0.08971977055448455,0.0747827400504142,2.0,0.2418215384615384,0.1049833852724085,0.7367377536629959,0.5729166666666666,0.4392805725864854,0.5139876432874161,0.48601235671258386,Spiral,Flexure
226,0.074161671558684,0.10717384286197158,0.07571286412186652,6.557377049180328,0.1047048861983049,0.0837958240950657,0.506046270316161,0.8849557522123892,0.2463802441743374,0.42030221144953955,0.5796977885504604,Rectangular,Flexure
270,0.03747011538108032,0.24109023548973008,0.24360438713879254,2.0,0.4559477124183006,0.0245777203043764,0.0,2.75,1.4809772199367044,0.4207388261201187,0.5792611738798813,Spiral,Shear
174,0.07085738606995293,0.08429553002157154,0.04146443334282622,4.7,0.4130338227186827,0.1786945821343354,0.4617046818727491,1.3333333333333333,0.3136615879381742,0.4781987471552839,0.5240139129285271,Rectangular,Flexure
314,0.05166847398959971,0.13142286366571052,0.117023614539524,1.5,0.0888074626415094,0.1333436553996239,0.1414497064037856,0.9363295880149812,0.2674987814728254,0.4406337256706827,0.55972534136747,Spiral,Flexure
355,0.06313026106811588,0.0909136217485807,0.07119688928242197,4.498360655737705,0.3380501060049569,0.0697127772553846,0.1013856923953268,0.7916666666666666,0.3605814858759095,0.3030838910632844,0.6981581333513598,Spiral,Flexure
365,0.030156477320171775,0.16827813804872047,0.16745707770355894,1.9912472647702408,0.720349014975276,0.1720176062206572,0.3333892619100884,0.5249343832020998,0.6811417752409096,0.4124646188391124,0.5875353811608875,Spiral,Flexure
295,0.07599876923294471,0.08453299653366778,0.043994034479005864,4.0,0.2333538461538461,0.0597086323050691,0.738642171785463,0.95,0.4121736351922188,0.4800626329334253,0.5199373670665747,Spiral,Flexure
60,0.05222034815848819,0.12026997391933332,0.10364161499138924,2.5,0.1311400962741969,0.0458193498492474,0.2538860103626943,0.9722222222222222,0.7361143191322704,0.5444136682270856,0.45565382398799154,Rectangular,Flexure
144,0.05755886289435498,0.06838518678601392,0.024551424953283194,3.2222222222222223,0.3945567505589216,0.0271210218311461,0.2836606980403503,5.347368421052632,1.145922848537989,0.39938378888759773,0.6006162111124023,Rectangular,Flexure-Shear
99,0.13778874799918187,0.14870154983856038,0.11954974447916006,1.9782608695652173,0.3799255956604908,0.0183832980535948,0.1622572597969657,2.4722222222222223,1.5826548577122976,0.2838797554720117,0.7161202445279883,Rectangular,Shear
17,0.06506227144711996,0.10309038585469349,0.0807528578058844,4.0,0.1786937901361874,0.1674710545336712,0.7,0.7222222222222222,0.2569309458093186,0.48011904068497285,0.5198809593150271,Rectangular,Flexure
27,0.03530297912285401,0.149392367896527,0.14727518076448237,1.5,0.1297515587048026,0.1396953113777115,0.3332038834951456,0.9696969696969696,0.5047089002602484,0.5867967631956421,0.4132939058243765,Rectangular,Flexure
114,0.0525750319620865,0.14268584788003882,0.13178650733493352,4.5600000000000005,0.0810530904626166,0.0432283149133955,0.3,2.083333333333333,0.4378615678539381,0.459571551135784,0.5409824480100883,Rectangular,Flexure
10,0.05010852622085988,0.1519293755334236,0.1420059177829494,4.0,0.1681380388201257,0.0191754126063525,0.3,2.611111111111111,0.8301052803842227,0.48374584098546136,0.5162541590145385,Rectangular,Flexure
293,0.07777727153531772,0.09020852726406527,0.05876206301251591,4.0,0.3195259259259259,0.0903692701588175,0.6130412622798932,1.25,0.3761674710296161,0.5149268041719232,0.48507319582807673,Spiral,Flexure
359,0.08072802133735912,0.09392307535891666,0.05241875863079539,6.0,0.2932552861349178,0.0410696419055504,0.1481933204537532,1.0,0.3835846773122155,0.4589770301202995,0.5420069701626188,Spiral,Flexure
375,0.0663201866411474,0.07735466573402779,0.06148166575307135,8.0,0.3479286155432214,0.0730848949551309,0.0905565245626531,0.6614583333333331,0.202285045352344,0.44428861551449167,0.5557113844855082,Spiral,Flexure
26,0.03225978972488869,0.061838232958671156,0.043931839640599046,2.973333333333333,0.3027140579221095,0.1202184735237544,0.1000619578686493,1.1111111111111112,0.4134315904828285,0.5187775215073833,0.48154459196825766,Rectangular,Flexure
285,0.04593250254994965,0.06610303822472649,0.051582400480810794,1.5,0.4055813953488372,0.0167467893270938,0.0999344991507249,2.2222222222222223,1.9320912066252085,0.3076784205718542,0.6923215794281459,Spiral,Shear
294,0.0561912089030128,0.06655192993766258,0.03073069641089136,4.0,0.2275199999999999,0.0278255349317953,0.527598636349633,1.75,0.6682423237992285,0.46781792101664493,0.532182078983355,Spiral,Flexure
345,0.14153539960933806,0.2007428551693766,0.24292381150283174,1.6363636363636362,0.3570363196125908,0.02529317475186,0.1752924192619598,2.083333333333333,1.448818196759746,0.40023970620392924,0.5997602937960707,Spiral,Shear
152,0.043422415063106866,0.05459962004772887,0.04066417248044095,2.0,0.0620035612233917,0.1533708310271086,0.5991211550533584,1.1718749999999998,0.3889716676777381,0.5264188945931678,0.4735811054068323,Rectangular,Flexure
76,0.07493198978890148,0.14089927275699096,0.13558323084844293,2.8721311475409834,0.4648949369924974,0.060918046641502,0.1471079243237167,2.354497354497355,0.9492901343385364,0.4449870387673002,0.5550129612326998,Rectangular,Flexure-Shear
11,0.05040015780370275,0.06524309696168369,0.033981792465661464,4.0,0.2344538404375138,0.1105359379490836,0.2230565371024735,1.95,0.3428120328803654,0.4641457052789461,0.535854294721054,Rectangular,Flexure
56,0.033247739124898805,0.04800501167787463,0.03092030723564446,2.5,0.1771998033670012,0.0619122603563926,0.3999416569428238,0.9722222222222222,0.7321473083720326,0.5162447672864829,0.4841376873189272,Rectangular,Flexure
401,0.046036355596095875,0.05992950476677954,0.02813462884349087,4.698090692124105,0.163271043034654,0.0438650292272484,0.1028987116985612,0.8466666666666666,0.3159222419092595,0.36000424558755006,0.6400867379231172,Spiral,Flexure
304,0.057150289792780605,0.05945715780965418,0.02349336170221826,3.75,0.7252189971496247,0.1155658853630965,0.2412019391271849,0.9909909909909907,0.570570012718192,0.491301222065704,0.508698777934296,Spiral,Flexure
312,0.05830379989253748,0.09026927681084006,0.05157263781495098,3.0,0.3597366255144033,0.1217567542920903,0.2003649390562659,0.4838709677419354,0.3737755729378513,0.4119640641703459,0.5880359358296541,Spiral,Flexure
113,0.03999150219882273,0.07777863451494911,0.06438172544759257,4.5600000000000005,0.0810530904626166,0.0432283149133955,0.2,2.083333333333333,0.3797668651711147,0.3408079373296652,0.6591920626703348,Rectangular,Flexure
179,0.04556806187581966,0.16938717019917202,0.17221335046614225,3.004926108374384,0.1683970547377035,0.0718760734945415,0.2108040209848178,1.336842105263158,0.5063099927134541,0.530523171948561,0.46948951879914463,Rectangular,Flexure
386,0.08337073086161982,0.10641487677860927,0.07104173195206573,6.58,0.1525532444444444,0.0785398163397448,0.4187543391573424,1.1111111111111112,0.2092100197404387,0.516326717141129,0.48426975295262814,Spiral,Flexure
354,0.06548858427396805,0.09290315104535835,0.06595415138108181,4.498360655737705,0.3380501060049569,0.0697127772553846,0.1013856923953268,0.7916666666666666,0.3605814858759095,0.3381627290216282,0.6618372709783718,Spiral,Flexure
328,0.03205684736914912,0.08631599812542994,0.0789363564403929,1.090909090909091,0.5180301206553979,0.0,0.2522500667428203,2.0,3.5851316547384924,0.34690618842293747,0.6530938115770625,Spiral,Shear
338,0.02977315978719008,0.2050185598008808,0.1961151015535521,2.181818181818182,0.4834622950819672,0.0342494464672728,0.118681588778999,2.083333333333333,1.215604912243873,0.5066607685641126,0.4933392314358874,Spiral,Flexure
277,0.0607246776863774,0.10340306759903077,0.07920822396410404,2.0,0.4794648829431438,0.0293145267676104,0.1998751877291194,1.6666666666666667,1.2932679600492083,0.24886617087667454,0.7511338291233254,Spiral,Flexure-Shear
51,0.0480161871338971,0.08848621106030327,0.07246700696965815,3.0,0.2445272221709214,0.0539543202829421,0.1187096774193548,1.5151515151515151,0.597758465289246,0.2540661815932025,0.7460452269422451,Rectangular,Flexure
373,0.05424762951608694,0.06770701564106091,0.03611846621084476,4.0,0.4461052047104093,0.0649668223262135,0.0722675411254063,0.8281249999999999,0.5317759914540684,0.33679949654569963,0.6632005034543004,Spiral,Flexure
142,0.028828193043169803,0.04145035642715898,0.022727308971501367,3.2222222222222223,0.374022198485223,0.0100821642494967,0.0894547201917387,8.021052631578947,1.5239557303264712,0.19115167957524515,0.8088483204247549,Rectangular,Shear
271,0.05414734108061509,0.17803859190171148,0.16638956617461292,2.0,0.4486173633440514,0.0372748453110814,0.0,1.1111111111111112,1.1927604459132382,0.3515295489175735,0.6484704510824264,Spiral,Flexure-Shear
416,0.05124160029089073,0.09306309797482112,0.07846458922502145,2.0,0.1908345683678547,0.0039034513632485,0.0020645407395238,3.455782312925169,0.9893647715066765,0.30520473729907843,0.6947952627009215,Spiral,Shear
163,0.050122960070970994,0.11474850526378814,0.08738143184311932,6.039344262295082,0.1143154929601453,0.0631970938082168,0.4500160720025715,1.3864306784660765,0.3246690681481317,0.4316470262820025,0.5692282192997542,Rectangular,Flexure
66,0.06567284029813505,0.07435634912002356,0.03791155384759034,2.0,0.092643441806449,0.0407301962123701,0.3499095477386935,2.0,0.7989298367630033,0.4647279610907291,0.5361672239627825,Rectangular,Flexure
362,0.04875494663093795,0.1387941247049649,0.13768429356943152,1.9912472647702408,0.2626828632145348,0.0564512835917607,0.1500905091769369,1.0526315789473684,0.666840692454253,0.41636607784628415,0.5836339221537159,Spiral,Flexure
16,0.07689895049277952,0.13093237984640113,0.11159220114049968,4.0,0.1832756821909614,0.0622669313159055,0.7,1.6041666666666667,0.4898662098732854,0.4390113215126942,0.5609886784873057,Rectangular,Flexure
291,0.048351923113682346,0.1889606916557536,0.18375146146868396,1.5,0.2887804878048781,0.0,0.0,2.0,2.303491406410322,0.2960753243242669,0.703924675675733,Spiral,Shear
47,0.10183888151915269,0.1267967265040113,0.08678298053989382,3.0,0.2622702346798754,0.2024641587121839,0.7012261284722222,1.3333333333333333,0.3130620037292028,0.485523721080977,0.514476278919023,Rectangular,Flexure-Shear
356,0.06759556034638779,0.0764790313591061,0.04491811139149272,4.498360655737705,0.3380501060049569,0.0697127772553846,0.1013856923953268,0.7916666666666666,0.3605814858759095,0.30996379879249947,0.6900362012075005,Spiral,Flexure
139,0.036665692891200224,0.07591915977346264,0.06091153245140904,3.2222222222222223,0.251722868152559,0.0106356948357435,0.2836606980403503,8.021052631578947,1.10201696523192,0.37515378833259494,0.6248462116674052,Rectangular,Flexure-Shear
301,0.0678982528685489,0.18397905174528714,0.177903179462803,2.931596091205212,0.1225698854787875,0.0164187289019237,0.0545640905957311,2.083333333333333,0.5053963870467643,0.4613335332199152,0.5410939500497621,Spiral,Flexure-Shear
141,0.07099783563242633,0.08587617739128442,0.033696312775595115,3.2222222222222223,0.3645361282337861,0.0250574658222545,0.262077818841628,5.347368421052632,1.1392106467999783,0.37120038231665237,0.6287996176833477,Rectangular,Shear
272,0.0271096681417948,0.0481889274671674,0.04331060251695558,1.5,0.4635215946843853,0.025675474843292,0.0,1.6666666666666667,1.959991531834249,0.3110570929141938,0.6889429070858062,Spiral,Shear
7,0.05127407566868035,0.09499710741285568,0.07639009500171545,4.0,0.1446348721033339,0.0354417751862286,0.1,2.023809523809524,0.4865796836601485,0.49548802637240147,0.5045119736275986,Rectangular,Flexure
343,0.029061481794542814,0.2503048803951212,0.25036352151345803,2.181818181818182,0.4772038834951457,0.0338060879369521,0.2342905150653379,2.083333333333333,1.183978597722823,0.5089763387388873,0.4910236612611128,Spiral,Flexure
28,0.13961517892226524,0.135532755521679,0.14045879895596602,1.5,0.2175792531772819,0.1081065249776963,0.1701388888888889,1.0606060606060606,0.6475409208315503,0.3888260673831027,0.6111739326168971,Rectangular,Shear
380,0.13546527158420002,0.14251055021335274,0.0846769507630675,6.58,0.2112275692307692,0.1087474380088774,0.3134128110117324,1.1111111111111112,0.1705267382621203,0.502097016736159,0.5015210105804544,Spiral,Flexure
50,0.06528936103718459,0.11724912947662007,0.0940507839922572,3.0,0.2173575308185968,0.0689416314726482,0.1055197132616487,1.5151515151515151,0.476614025346575,0.5042123894160582,0.5020486630150809,Rectangular,Flexure
115,0.07314451392370407,0.11940906329917411,0.09679123095118698,4.5600000000000005,0.0810530904626166,0.0432283149133955,0.3,2.083333333333333,0.4378615678539381,0.455413763542875,0.544586236457125,Rectangular,Flexure
31,0.03858563636753481,0.05761549208406555,0.03486940967592477,4.0,0.20693024755868,0.0416846908295117,0.0320060483870967,1.851851851851852,0.4528985576643131,0.5343807472556484,0.46561925274435145,Rectangular,Flexure
45,0.0631176915534288,0.096340692728156,0.06442893852494637,3.0,0.2622702346798754,0.1190965639483435,0.7012261284722222,1.3333333333333333,0.4437507760041941,0.522629701287103,0.482296850197978,Rectangular,Flexure-Shear
399,0.05353974549508827,0.10309796584028467,0.08800502015647796,4.698090692124105,0.1586245943791223,0.0438650292272484,0.1028987116985612,0.8466666666666666,0.3101990331631684,0.37514837046286337,0.6248516295371366,Spiral,Flexure
177,0.03595801952922518,0.11802636570091933,0.10986646721341839,3.004926108374384,0.1626844702849495,0.0694377996149332,0.1020053828777415,1.336842105263158,0.4299826822788952,0.49993816471547775,0.5000618352845222,Rectangular,Flexure
25,0.03557986276539347,0.10744612781161922,0.08980505408269351,3.0,0.1983908359909642,0.0925306247446441,0.2999922762029814,1.25,0.46631047512654,0.5613595324645908,0.43864046753540914,Rectangular,Flexure
197,0.06704105451789456,0.20098211756182102,0.18924359418951206,3.600393700787402,0.0,0.0,0.1199842612997491,1.25,0.5958602917261285,0.45503175440220117,0.5449682455977988,Rectangular,Flexure
178,0.03613188826878348,0.12113469898491099,0.10884465486289789,3.004926108374384,0.1629687346048603,0.0686717672102935,0.1020053828777415,1.3543859649122807,0.4338326201985894,0.506347831552184,0.4936521684478161,Rectangular,Flexure
415,0.04727922977546551,0.06565407272998208,0.03494068522605386,2.0,0.2304917506290236,0.0045443165124386,0.0024034951892964,3.455782312925169,1.0965927247136331,0.32056501540716886,0.6794349845928311,Spiral,Shear
181,0.028504494612318746,0.06817817109554355,0.05833499479587896,3.004926108374384,0.291029210694448,0.124218543902176,0.0,1.336842105263158,0.3401808241119036,0.38675820649211606,0.6132417935078839,Rectangular,Flexure
340,0.10381534527896576,0.17738876900284753,0.19837368113754325,1.6363636363636362,0.3494218009478672,0.0247537468543085,0.0857769776720253,2.083333333333333,1.456288135210695,0.4116244649224017,0.5883755350775984,Spiral,Flexure-Shear
120,0.051849313755990015,0.0577364676834411,0.02732980335212094,4.5600000000000005,0.0810530904626166,0.0864566298267911,0.3,1.0416666666666667,0.2771842030326142,0.4659383755961323,0.5340616244038676,Rectangular,Flexure
176,0.03269800111079889,0.07087554797200518,0.057510436995393724,3.004926108374384,0.1622985079540362,0.0535658231327001,0.0495093276968009,1.336842105263158,0.45659162347404,0.43457789220372217,0.5654221077962779,Rectangular,Flexure
46,0.08733150014621346,0.13500366778029813,0.12322724841877568,3.0,0.2622702346798754,0.1190965639483435,0.7012261284722222,1.3333333333333333,0.4437507760041941,0.4388697485390913,0.5611302514609088,Rectangular,Flexure-Shear
4,0.03503927914870543,0.10010934829092265,0.08654774693237727,2.181818181818182,0.2863727152489799,0.1659730037840862,0.5999648320731493,0.8611111111111112,0.4673636988438908,0.46816731427686187,0.531832685723138,Rectangular,Flexure
116,0.049673240222071646,0.1359521032616508,0.13822956422922306,4.5600000000000005,0.0810530904626166,0.0432283149133955,0.2,2.083333333333333,0.3797668651711147,0.395857154818733,0.604142845181267,Rectangular,Flexure
244,0.07684861510024214,0.12197854250105261,0.08578079643328368,2.5,0.2982027419539741,0.0648371249783425,0.6,1.6666666666666667,0.7709246005897303,0.5125861785743082,0.48741382142569184,Rectangular,Flexure
225,0.07347286308016523,0.11949300331627312,0.08754636478167276,6.557377049180328,0.1096144933023403,0.1447170835265416,0.5297747557185456,0.8112094395280235,0.1656912034910311,0.3770654263989897,0.6229345736010103,Rectangular,Flexure
206,0.177342332217,0.24491663004691738,0.19066842606241421,3.916666666666666,0.1720987871935894,0.1320704487528372,0.0,1.3229166666666663,0.1568345764701014,0.4158667308631952,0.5879162937979829,Rectangular,Flexure
137,0.03577770432814297,0.05454808525250712,0.04049969828884052,3.2222222222222223,0.374022198485223,0.0100821642494967,0.0894547201917387,8.021052631578947,1.5239557303264712,0.22367458259984305,0.7763254174001568,Rectangular,Shear
103,0.04277536447282739,0.07580863374168835,0.06587397496685665,3.00218818380744,0.2140899839599931,0.0800197660364509,0.3103875077353259,1.7894736842105263,0.5452513813835986,0.4898655752464138,0.5101344247535863,Rectangular,Flexure
213,0.07172495628789702,0.09596864991341722,0.0501001127008329,3.2222222222222223,0.5097281045486892,0.0390138960079417,0.6051369542327173,5.347368421052632,1.0245732611885647,0.4939517617693766,0.5118977730280068,Rectangular,Flexure-Shear
292,0.05264232266646789,0.06555151382702858,0.040284127847864164,4.0,0.2670959752321981,0.0419671533245282,0.1367352839256995,2.25,0.5111847310819113,0.48803993875122875,0.5119600612487712,Spiral,Flexure
284,0.0647567491550707,0.1286546803689124,0.13113817148767984,1.5,0.3986285714285714,0.0219462686800772,0.100040249943477,1.6666666666666667,1.761817228178305,0.29588726713339203,0.704112732866608,Spiral,Shear
357,0.06708706287006902,0.1887325838270133,0.1672378450931382,1.4991803278688525,0.0801031765654393,0.0166563932518195,0.0573716286842055,1.984375,0.5565166020669209,0.3786013236243019,0.6215230903498055,Spiral,Flexure-Shear
12,0.04658735649390544,0.0782333198839689,0.061367165707425134,4.0,0.1654624360194923,0.0992072926767892,0.3899625935162095,1.5333333333333334,0.3663062582104558,0.4643931011849069,0.5371149692562065,Rectangular,Flexure
383,0.06399049017642418,0.08182961450830524,0.05742183225227973,6.58,0.1525532444444444,0.0518292974672236,0.4187543391573424,1.0416666666666667,0.2796412016605888,0.5096430143410806,0.49048815456178074,Spiral,Flexure
210,0.08809400157544471,0.11231271479907412,0.0796897135492534,3.916666666666666,0.1335249210984745,0.0683123010790537,0.1999365429126771,1.984375,0.3961636165757645,0.48680258709344454,0.5141018419976322,Rectangular,Flexure
53,0.04558185370942052,0.07267586673106297,0.05402786837430081,3.0,0.2173575308185968,0.0689416314726482,0.1055197132616487,1.5151515151515151,0.476614025346575,0.29641679361260737,0.7038882319271605,Rectangular,Flexure
229,0.03160632149152352,0.07978863865924013,0.07487989205537626,2.25,0.3445484611202107,0.1374428468515284,0.0891962670045104,1.007936507936508,0.5129290691185904,0.4943350156371022,0.5057081265157427,Rectangular,Flexure
193,0.0800403228772287,0.2212730596308671,0.21741450712859559,3.5,0.4003232451201136,0.1004751837953139,0.1065340909090909,1.4285714285714286,0.5251596449785051,0.4339709653724236,0.5687571248957304,Rectangular,Flexure
377,0.054217952649594774,0.08419932963615497,0.06815215319794139,3.0,0.2734512101910828,0.0334342607418883,0.0450544778745634,1.7017543859649122,0.6425319835986391,0.391939904627234,0.6084174796456765,Spiral,Flexure
154,0.04072459694645922,0.06053252304459284,0.05639358767691678,2.0,0.0620035612233917,0.1533708310271086,0.3496965892446118,1.1718749999999998,0.3534259679195131,0.5412483545547241,0.458762177692321,Rectangular,Flexure
69,0.08854485262793307,0.10369704609423788,0.07769663857793124,2.0,0.092643441806449,0.0592534895802698,0.3499095477386935,2.0,0.6778157230307,0.4778490491409231,0.5224337512516589,Rectangular,Flexure
360,0.08017259467917151,0.14566691639719356,0.14890362159830242,1.9912472647702408,0.2702272796515058,0.0580725998306886,0.3068922873330327,1.0526315789473684,0.7143460152890663,0.39657383572153626,0.603963197735969,Spiral,Flexure
65,0.07295007998423518,0.11443828326146707,0.07613518927652163,1.5,0.2975403315468571,0.1333872229663706,0.6162790697674418,1.9444444444444444,0.7587374521546973,0.46613359297497475,0.5339786399840964,Rectangular,Flexure-Shear
403,0.06971814385481698,0.14916147223428294,0.12615987410046617,5.333333333333333,0.358330731385667,0.0540565044171587,0.0430849462315006,1.336842105263158,0.3701579875120211,0.5633104015862341,0.43670354492835994,Spiral,Flexure
106,0.04184007548778873,0.13491708770923774,0.13452654106483805,2.857142857142857,0.4387811167960234,0.1318346917131431,0.1530612244897959,0.8333333333333334,0.56355573833565,0.3841390035992394,0.6158609964007606,Rectangular,Flexure
29,0.046363191043403695,0.11072003327965857,0.0959587035984595,1.5,0.2237958032680615,0.1945917449598534,0.35,0.6060606060606061,0.5190835774856802,0.3683860552599985,0.6316288551775661,Rectangular,Flexure-Shear
63,0.0368988160421292,0.13659599242062503,0.1294509616326269,2.5,0.1311400962741969,0.1105440648159523,0.4229274611398964,0.9722222222222222,0.4826730477396071,0.4972676583762975,0.5027323416237025,Rectangular,Flexure
171,0.06967158172163981,0.09557342048102095,0.05783090891215919,4.7,0.3920207541420919,0.0877617316170006,0.4617046818727491,1.91919191919192,0.5080437016339787,0.4721211936343301,0.5279334138386654,Rectangular,Flexure
402,0.05050796772065091,0.09808259877394566,0.08050903505097581,4.698090692124105,0.1586245943791223,0.0438650292272484,0.1028987116985612,0.8466666666666666,0.3101990331631684,0.38446246007802837,0.6160119616281217,Spiral,Flexure
341,0.05091033394743443,0.16904902677890646,0.18774446597601252,1.090909090909091,0.4741350482315112,0.0335886854421807,0.2327838236501267,2.083333333333333,2.2408095158667507,0.3979897989503244,0.6020102010496756,Spiral,Shear
14,0.042110326899942825,0.051718728051831364,0.027832479633256756,4.0,0.1786937901361874,0.0285688581935821,0.5,2.6666666666666665,0.7481584131326527,0.47883969378130414,0.5211603062186959,Rectangular,Flexure
22,0.06135933022173798,0.08522787402361903,0.08132048423235501,3.0,0.199010807353436,0.0759434587747945,0.1,1.5277777777777777,0.4246670963405309,0.5055776998725227,0.49442230012747723,Rectangular,Flexure
327,0.05215219209451383,0.15769747399153325,0.14902975449138567,1.090909090909091,0.3282000985167752,0.0501141715529892,0.1198605449589228,1.3888888888888888,1.427090433257014,0.40740571237865997,0.59259428762134,Spiral,Flexure-Shear
385,0.05497064951618945,0.13140308945450016,0.12368293026584536,6.58,0.1525532444444444,0.0785398163397448,0.2093771695786712,1.1111111111111112,0.1734527065755909,0.5105876760022274,0.4894135133461473,Spiral,Flexure
223,0.04788371148026346,0.10208797375684053,0.08924141981850359,6.557377049180328,0.1046092652976672,0.1531450577347175,0.4123210361038607,0.8112094395280235,0.1496013067124592,0.4164442826779198,0.5835557173220803,Rectangular,Flexure
126,0.0382589872768138,0.1659608816792346,0.15189215267885048,4.5600000000000005,0.3242123618504666,0.0432283149133955,0.2,2.083333333333333,0.7609223826520778,0.48490387655009404,0.5150961234499061,Rectangular,Flexure
18,0.050888321047065914,0.059594248135191576,0.0322572889925188,4.0,0.2908427573831176,0.137920212638798,0.199951171875,1.1111111111111112,0.3201972645977145,0.5244549444720281,0.47554505552797194,Rectangular,Flexure
290,0.060411217044151,0.11363144883855181,0.08855228126860679,2.0,0.4215105740181268,0.0334349671317232,0.0,1.8333333333333333,1.20504572268205,0.3051434317186844,0.6948565682813156,Spiral,Flexure-Shear
156,0.051150691146795074,0.08395725739605149,0.06514336624023831,7.637795275590553,0.1019904935522901,0.0084387754544073,0.339495040428016,6.047619047619048,0.4518303279873847,0.4198611596695713,0.5829188901795476,Rectangular,Flexure
147,0.0983106126051392,0.25992538669209353,0.23776932111478027,2.0,0.1460085905369636,0.0932920991836366,0.0962443785352687,0.913978494623656,0.4388560105702663,0.4563163693355923,0.5436836306644078,Rectangular,Flexure
52,0.04171322094838319,0.07639229913163717,0.05522335410868983,3.0,0.2173575308185968,0.0689416314726482,0.1055197132616487,1.5151515151515151,0.476614025346575,0.29188459602609296,0.7097294754306526,Rectangular,Flexure
117,0.12732036054966872,0.16441698002799446,0.15873875514940433,4.5600000000000005,0.0810530904626166,0.0864566298267911,0.2,1.0416666666666667,0.2345321282928151,0.45795120654512267,0.5423824071704597,Rectangular,Flexure
278,0.035258007027199556,0.1558688390086021,0.15284226754432995,1.5,0.4878321678321678,0.0540441813135027,0.0998892037936895,0.8333333333333334,1.3516951257321212,0.3035810978039776,0.6964189021960224,Spiral,Flexure-Shear
13,0.04960696401177093,0.05119640186195479,0.021069678394791368,4.0,0.1743354050109145,0.0563046054627113,0.5,1.6875,0.545196676134645,0.5015982886002534,0.49840171139974676,Rectangular,Flexure
286,0.03328092467508014,0.09010176450353882,0.07518437025073313,1.75,0.4202724795640327,0.0156972630204912,0.1749837044620702,2.2222222222222223,1.698326554935525,0.2691328384939099,0.7308671615060902,Spiral,Shear
224,0.0682640639332998,0.11473458845358134,0.09884918071664134,6.557377049180328,0.1099300820546503,0.1106425276160432,0.3713941879904531,1.1799410029498525,0.1906018747522021,0.3955444394953953,0.6053649919692929,Rectangular,Flexure
151,0.03338908383410273,0.050398979626451984,0.03793437789584419,2.0,0.0620035612233917,0.0967764362934645,0.5991211550533584,1.4705882352941178,0.5159503116463756,0.542588665911399,0.457411334088601,Rectangular,Flexure
34,0.04251271056373107,0.1441549623391115,0.14069900676772443,2.0,0.3285013187775414,0.0502182009626502,0.153010033444816,1.5151515151515151,0.9850778241218324,0.34743243356221026,0.6525675664377897,Rectangular,Flexure-Shear
273,0.04079947436451286,0.0867378717796503,0.07136981188748669,2.0,0.4859661016949153,0.0222840089072428,0.0,2.2222222222222223,1.62810669260053,0.24826408179907916,0.7517359182009208,Spiral,Shear
228,0.033597241355681685,0.05717612453421325,0.05097662010328695,2.25,0.3281900772094588,0.0654586852215736,0.0849614294019224,2.0158730158730163,0.8061712829162269,0.4696572204210652,0.5303427795789347,Rectangular,Flexure
167,0.0377940106303823,0.11818701621178662,0.10830033397877893,4.7,0.2613471694280612,0.1340209366007515,0.1995198079231692,1.3333333333333333,0.2656232507328804,0.4424690717986107,0.5575309282013893,Rectangular,Flexure
274,0.07240223868618455,0.1127963876778887,0.09781927438334324,2.0,0.4995121951219512,0.0610804425332092,0.1999141358349417,0.8333333333333334,0.9680726335871248,0.4879822463036091,0.5121547728416226,Spiral,Flexure-Shear
44,0.06434799829802386,0.11644896617070866,0.10192516279979774,2.0,0.3579802255346166,0.2763491834554928,0.8997334123222749,1.3333333333333333,0.3251456110414734,0.4242331521197215,0.5757668478802785,Rectangular,Flexure-Shear
2,0.048539224801290935,0.09788501080173664,0.08139713174111252,2.181818181818182,0.1625545605881891,0.0837095781636363,0.2139976843534155,1.0416666666666667,0.523924079239485,0.5278727912310537,0.47395509698181565,Rectangular,Flexure
140,0.05231576991689259,0.10300953322103794,0.09708068273202147,3.2222222222222223,0.3645361282337861,0.0098264571851978,0.262077818841628,8.021052631578947,1.425095045132254,0.2715423176198901,0.72845768238011,Rectangular,Shear
59,0.03207225808796976,0.07527254846449456,0.0663146086335051,2.5,0.1771998033670012,0.1493699265541105,0.6289381563593932,0.9722222222222222,0.4249249110719393,0.45490038629108276,0.5450996137089172,Rectangular,Flexure
68,0.08797318573683162,0.18989915120807427,0.18070084188354638,2.0,0.092643441806449,0.0219037944075412,0.3499095477386935,1.818181818181818,0.9762176536582098,0.3946859072302548,0.6053140927697451,Rectangular,Flexure
269,0.09257873177725469,0.10579396487688772,0.03299399166225956,2.5,0.3875555555555555,0.0214675497995302,0.0,1.6666666666666667,1.2634613495159657,0.3009630484775938,0.6990369515224062,Spiral,Flexure-Shear
192,0.051682831517302255,0.14585270264695413,0.13544603938728175,3.5,0.3943482713123507,0.102782306270522,0.2098880597014925,1.3756613756613758,0.5461286297716522,0.36956124251740047,0.6304387574825995,Rectangular,Flexure
281,0.08639491169662485,0.11191832438981615,0.0708911322815462,2.0,0.240551724137931,0.0220723966609972,0.0,1.6666666666666667,0.8489598591578973,0.3460046836851986,0.6539953163148015,Spiral,Flexure-Shear
212,0.05155934914213525,0.12333980462166975,0.11408724999820796,3.2222222222222223,0.5097281045486892,0.0390138960079417,0.1512275565654636,5.347368421052632,1.1648670009183122,0.2657466338836969,0.734333533985024,Rectangular,Flexure-Shear
183,0.034851171780177895,0.1466040451322842,0.14682776274548168,3.004926108374384,0.2338711418964994,0.0771880184272449,0.1431876803128545,1.336842105263158,0.5220121565366791,0.4424835995901568,0.5575864967441101,Rectangular,Flexure
316,0.060701724775789646,0.24491948390230256,0.2459134718247905,2.0,0.1370886075949367,0.0402103029328457,0.2075863966606189,1.7796610169491522,0.5540116198929973,0.4963021122653703,0.5037113382980791,Spiral,Flexure
101,0.03203630414648979,0.09274042393067504,0.0848591849895226,1.498360655737705,0.3767542662236212,0.0122245363569698,0.1035432090665022,5.833333333333333,2.2133958786422734,0.35909842820659255,0.6409015717934076,Rectangular,Shear
300,0.08912047811887333,0.14085448641111178,0.10445389236208887,6.221498371335505,0.1215541129471953,0.0162826620878193,0.0947891248821173,2.083333333333333,0.3157237110615077,0.42597029807277453,0.5753827613676744,Spiral,Flexure
219,0.051955227458378446,0.07345247827252376,0.0504682439386347,6.557377049180328,0.1130376979162133,0.0344163403111726,0.2640687436957026,1.91740412979351,0.379560746716228,0.4150924089886477,0.5849075910113524,Rectangular,Flexure
245,0.1277606179917438,0.16141526694826036,0.15470744616542834,2.0,0.1671789982056369,0.1128889111594765,0.5668934240362811,1.3123359580052496,0.5287605946555258,0.44753675686885713,0.5524632431311429,Rectangular,Flexure
394,0.044684683637871404,0.07094791894780592,0.04912332465254149,5.999015748031496,0.2441301603163874,0.0089631860669541,0.1869728508666061,3.307291666666666,0.6461033519553142,0.4927330991042237,0.5077451177725291,Spiral,Flexure
55,0.04549532828556778,0.19377833785157794,0.19449099327424613,1.25,0.3222606488835563,0.0163848243082742,0.4451926674148896,2.6791666666666667,2.0709533236258437,0.4199808515586856,0.5800191484413144,Rectangular,Shear
5,0.04002115408259523,0.11392573118229643,0.10390090024361456,4.0,0.2728393348643067,0.1533523193616712,0.3800317796610169,1.3888888888888888,0.3176669416831,0.49854943740876795,0.5014505625912321,Rectangular,Flexure
320,0.09425018291873548,0.21370685994057437,0.20678277130016773,1.090909090909091,0.5162314049586776,0.0262751385572964,0.0,2.7777777777777777,2.934593692473316,0.3433365375767862,0.6566634624232138,Spiral,Shear
203,0.04484476733954761,0.13951703270586072,0.1321579373950944,3.916666666666666,0.126986024584079,0.064019931588114,0.0,1.3229166666666663,0.2216904579615003,0.3533168920532587,0.6509822595676421,Rectangular,Flexure
346,0.035122174986702684,0.14556634163888152,0.1445337967640751,4.498360655737705,0.3147363055908219,0.064904999513634,0.0943935756784077,0.7916666666666666,0.3591616971926681,0.4823263994746849,0.5176736005253151,Spiral,Flexure
184,0.04826040521343477,0.1595141080592868,0.1577365947246048,3.004926108374384,0.2342701713145108,0.0763754601914743,0.1431876803128545,1.3543859649122807,0.5263526554590484,0.45427464881466356,0.5459375272618975,Rectangular,Flexure
393,0.04735842514553841,0.11192361684462461,0.1036829492462989,4.0,0.1858771686293372,0.0271121384510969,0.0602358454613318,1.653645833333333,0.4710391434239153,0.34173325714428354,0.6582667428557164,Spiral,Flexure
215,0.06128612793531747,0.08457335318634451,0.05791403914660575,6.557377049180328,0.1253585566287307,0.0788459484654048,0.1396077719646652,0.8849557522123892,0.1852231555536475,0.5635624278652563,0.436719758741016,Rectangular,Flexure
412,0.03531797199578741,0.1577442693286114,0.15818469173386482,2.578248031496063,0.1517809851694915,0.0240772234034443,0.0,2.351851851851852,0.4583490248515089,0.5228471675225672,0.47740342089384896,Spiral,Flexure-Shear
97,0.04830815852672408,0.08478223263916379,0.0745295733507204,5.495081967213115,0.1865842841646672,0.0429284530899591,0.2707732248888257,2.2280701754385963,0.4259538041626897,0.47443524542521265,0.5255647545747874,Rectangular,Flexure
81,0.034954897724409566,0.06351380113341801,0.056616726139541176,2.8721311475409834,0.3611237456995292,0.0331614479151539,0.0712590903488228,3.35978835978836,1.0930896313803085,0.45288224047383674,0.5471177595261633,Rectangular,Flexure-Shear
311,0.06930539749296748,0.08001348007250728,0.03075319302264602,3.0,0.3582622950819672,0.1212577512007293,0.100189341225062,0.4838709677419354,0.3429884575496945,0.3840848159863657,0.6159151840136343,Spiral,Flexure
96,0.05222456506397803,0.07610869360259573,0.04982330395963276,5.495081967213115,0.1913993624656909,0.0735869484928307,0.277760921014989,1.3333333333333333,0.3153005960815045,0.5033511930579693,0.4980666624553784,Rectangular,Flexure
78,0.04984732788484379,0.057398880711383805,0.02965990521226343,2.8721311475409834,0.3611237456995292,0.0331614479151539,0.1142713340728871,3.35978835978836,1.0992997381814311,0.4748226315675921,0.5251773684324078,Rectangular,Flexure-Shear
243,0.044600538314267496,0.0528533441772582,0.029378401090256693,2.5,0.2982027419539741,0.0648371249783425,0.3,1.6666666666666667,0.7993310527353875,0.4284241184343677,0.5715758815656323,Rectangular,Flexure
310,0.06243788774624282,0.07209382919630496,0.04765792189479954,6.0,0.3441574803149606,0.0613130043400603,0.0962448789721067,0.8641975308641974,0.2977465407273655,0.3458860814581174,0.6541139185418826,Spiral,Flexure
404,0.09774148702858183,0.12093222442087603,0.11433038706752705,5.333333333333333,0.3426144712371728,0.0516856051006167,0.041195255607312,1.336842105263158,0.3686141345804258,0.5342123556279685,0.4657876443720315,Spiral,Flexure
239,0.03878341009137903,0.09582265216553795,0.09069076012940601,2.25,0.3169056046406522,0.0842036067725408,0.0820401195084465,1.5132275132275137,0.6739620395317363,0.4072880434968116,0.5927119565031884,Rectangular,Flexure
80,0.06129455073215645,0.07996633823855288,0.05217173418858336,2.8721311475409834,0.3611237456995292,0.0331614479151539,0.0712590903488228,3.35978835978836,1.0930896313803085,0.43480408382924535,0.5651959161707546,Rectangular,Shear
307,0.06123744281207861,0.19635881586928255,0.19443836237972278,3.006578947368421,0.2770698269909468,0.0885409955126088,0.0714971670003689,0.4712041884816753,0.3528457468796157,0.4906271447298055,0.5110170287910036,Spiral,Flexure
79,0.029214903959061917,0.038826829950873235,0.026822287360749184,2.8721311475409834,0.3611237456995292,0.0331614479151539,0.1142713340728871,3.35978835978836,1.0992997381814311,0.45386664614859085,0.546133353851409,Rectangular,Flexure-Shear
242,0.0480093060561381,0.13496306854736698,0.13203520797234725,2.25,0.3030138521084592,0.0805124897633335,0.0784438402971174,1.5132275132275137,0.6706621734965332,0.4182984665040916,0.5817015334959084,Rectangular,Flexure
54,0.04675870020311045,0.12658015703149322,0.12371104328361499,1.25,0.3344214280867094,0.0170031195651902,0.1844087273856666,2.6791666666666667,2.2534107849112868,0.41609731024214675,0.5839026897578533,Rectangular,Shear
275,0.028271652635820196,0.20209105499698068,0.20339633300387405,2.5,0.4794648829431438,0.0586290535352208,0.1998751877291194,0.8333333333333334,0.8566921589593827,0.4948655579543193,0.5060267847321692,Spiral,Flexure
330,0.0531122738770488,0.11789137764700064,0.09491505068146784,1.090909090909091,0.4874578512396694,0.0496212452754188,0.2373631775579981,1.3888888888888888,1.9414643374532217,0.3672497078365016,0.6327502921634983,Spiral,Shear
367,0.04007222250746852,0.07182218600970847,0.05907876661011653,8.0,0.4330534381299408,0.0301588581406785,0.2712924636494057,1.3281249999999998,0.4633707614260111,0.46607794152217874,0.5339220584778213,Spiral,Flexure
19,0.0522500098818752,0.05884326225026632,0.01988441232939733,4.0,0.2908427573831176,0.137920212638798,0.199951171875,1.1111111111111112,0.3201972645977145,0.5186313831282059,0.4813686168717942,Rectangular,Flexure
58,0.05117438352403376,0.06325148818355289,0.03479922862779336,2.5,0.1771998033670012,0.0619122603563926,0.6289381563593932,0.9722222222222222,0.7103550446199894,0.45234342445378733,0.5476565755462127,Rectangular,Flexure
326,0.04241195483428345,0.12034096411323522,0.1058421876944249,1.090909090909091,0.6499438016528926,0.0496212452754188,0.118681588778999,1.3888888888888888,2.498800695654154,0.4034858563459831,0.5965141436540168,Spiral,Shear
185,0.03752289206807252,0.20373989067627754,0.19544001637267058,3.004926108374384,0.2895014983023511,0.1235664780549205,0.3624058628479151,1.336842105263158,0.487020578578339,0.4924923053246597,0.5075076946753402,Rectangular,Flexure
166,0.059688845944162926,0.06983004374802748,0.031890088309562824,4.7,0.2613471694280612,0.1340209366007515,0.4278511404561825,1.3333333333333333,0.3052704198528541,0.4568413754199791,0.5433206932857291,Rectangular,Flexure
408,0.050837815499635175,0.06448683474154836,0.03777760702441478,4.5625,0.1472067636986301,0.0466297841721397,0.0,1.1777777777777778,0.1926270748429406,0.37722549752612977,0.6227745024738702,Spiral,Flexure
222,0.06034357204781061,0.09285144583085286,0.06486287327234565,6.557377049180328,0.1048966533891443,0.0747353491454496,0.4134537862030472,0.8849557522123892,0.2588162222221008,0.4065577563104683,0.5934422436895317,Rectangular,Flexure
392,0.040822487547779285,0.05949769911968406,0.03765429483764776,4.0,0.1858771686293372,0.0541390186051779,0.1204716909226637,0.8281249999999999,0.3372935707327432,0.3426485985797318,0.6573514014202682,Spiral,Flexure
170,0.07020221959605469,0.08561792900125877,0.04045582716426089,4.7,0.3221984071085403,0.1786945821343354,0.4561824729891957,1.3333333333333333,0.2733674914912262,0.4560078082485411,0.543992191751459,Rectangular,Flexure
189,0.09284068814279417,0.16332441514403184,0.1505118617038828,3.5,0.4049246617306895,0.1097604766426049,0.2155172413793103,1.3227513227513228,0.5312482394683444,0.4012306039405618,0.5987849764680379,Rectangular,Flexure
23,0.03647462735973682,0.0594049757400113,0.04225653680392258,3.0,0.199010807353436,0.0759434587747945,0.1,1.5277777777777777,0.4246670963405309,0.5135755592651209,0.4864244407348792,Rectangular,Flexure
62,0.06156915583616906,0.07256973113979961,0.037125748690282824,2.5,0.1311400962741969,0.0458193498492474,0.4229274611398964,0.9722222222222222,0.8003933063062444,0.44025805418199127,0.5597419458180087,Rectangular,Flexure
218,0.0699974140695837,0.1400545757678518,0.12443379420656493,6.557377049180328,0.1221849222836996,0.0354691608481178,0.1360733979908762,1.91740412979351,0.3190912240364358,0.5182386139823093,0.4820029540770112,Rectangular,Flexure
127,0.052584274826530275,0.07608786426481622,0.06107623337914642,4.5600000000000005,0.3242123618504666,0.0432283149133955,0.3,2.083333333333333,0.7868914435733787,0.5332270131805803,0.4678943439328047,Rectangular,Flexure
238,0.04810014445026881,0.07896058383820612,0.061898345967120606,2.25,0.3038463077461198,0.0606032332957975,0.1579101143550272,2.0158730158730163,0.8362216298696364,0.4450558360868404,0.5549441639131597,Rectangular,Flexure
234,0.03324662392493685,0.0782593052151464,0.07304146135832999,2.25,0.4036498394875461,0.1072520392832728,0.1044963566001746,1.5132275132275137,0.6903085574650586,0.41555676939529573,0.5844432306047043,Rectangular,Flexure
107,0.038554378967019236,0.1663794645322904,0.15846952167357184,2.857142857142857,0.3755747632594899,0.0966717937371908,0.1313125786507632,1.692708333333333,0.626030019995597,0.42944458144320713,0.5705554185567928,Rectangular,Flexure
384,0.045816495500064204,0.08149377537839543,0.06553311302976063,6.58,0.1525532444444444,0.0374406634874422,0.4187543391573424,1.4749262536873151,0.3415886057778702,0.5019900105135311,0.498848564931492,Spiral,Flexure
146,0.04113792488870204,0.09852402945599853,0.08878479414975676,2.0,0.2384161954674675,0.1055673753920099,0.1996648730139565,0.913978494623656,0.6246738967102624,0.4471350483729988,0.5528649516270012,Rectangular,Flexure
279,0.0626187470941364,0.09334883688339685,0.06319947054428413,2.0,0.3854143646408839,0.0424375361216963,0.1000214076060944,0.8333333333333334,0.985548691488518,0.4137988995922362,0.5862047725394529,Spiral,Flexure-Shear
296,0.0344345463227049,0.1647611472368059,0.16347034881679565,2.0,0.3562105263157895,0.0516709318024637,0.1899388597162487,1.0,0.8646993989316731,0.44391860994351207,0.556081390056488,Spiral,Flexure
150,0.0503638642995073,0.15871964297281752,0.15539839833926367,2.0,0.1460085905369636,0.0388969081265255,0.1924887570705374,1.3281249999999998,0.8374140074196855,0.46701128682014487,0.5329887131798552,Rectangular,Flexure-Shear
3,0.03825258200413956,0.04344501380949967,0.019975957165865522,2.181818181818182,0.3144747106706088,0.1056984444198435,0.4200200818722484,1.25,0.6398198520675843,0.502205695504117,0.4987557285239992,Rectangular,Flexure
