UniqueId,Name,TestOrTrain,Type,RMSECal,RMSESurr,EnergyCal,EnergySurr,StiffCal,StiffSur,a1,a2,a3,a4,a5,a6
112,"Galeota et al. 1996, AA4",Train,Flexure,0.0007943310051626761,0.0009621146732757697,0.0015111695127425888,0.0043460465021840184,0.9615780114610233,1.044138639393784,4.5600000000000005,0.0810530904626166,0.0288188766089303,0.2,3.125,0.4785475406271931
060,"Muguruma et al. 1989, BL-1",Train,Flexure,0.0009808897623271588,0.00116009274307288,0.005188682729463686,0.01440057699029614,0.9140777955794037,1.03135844550112,2.5,0.1311400962741969,0.0458193498492474,0.2538860103626943,0.9722222222222222,0.7361143191322704
216,"Paultre and Legeron, 2000, No. 1006025",Train,Flexure,0.0008467006510688271,0.0013322222542756369,0.019765198658304544,0.011450390886355969,0.9475811068214423,0.9186854516190578,6.557377049180328,0.118368521826517,0.0780853766152562,0.2765221463994656,0.8849557522123892,0.2297860682653917
299,"Petrovski and Ristic 1984, M1E1",Train,Flexure,0.0018571066147622113,0.0017560218902965706,0.02383597796212651,0.02230143556669964,0.7102966345384799,1.0642668136908555,2.0,0.4108108108108108,0.0530674434728005,0.3899296105751435,1.0,0.9287197968509692
156,"Nosho et al. 1996, No. 1",Train,Flexure,0.0012843834579513973,0.0012984097203819077,0.0026256096026155014,0.0031507757128211474,1.1210519373382088,0.8927264755014093,7.637795275590553,0.1019904935522901,0.0084387754544073,0.339495040428016,6.047619047619048,0.4518303279873847
096,"Atalay and Penzien 1975, No. 11",Train,Flexure,0.0009409936721524395,0.0009426082286240391,0.011902784806659138,0.009396207779563147,0.9421523067765287,1.0862246712629549,5.495081967213115,0.1913993624656909,0.0735869484928307,0.277760921014989,1.3333333333333333,0.3153005960815045
207,"Thomsen and Wallace 1994, C2",Train,Flexure,0.0011058585980464402,0.0013131884279211998,0.019130148149729357,0.02728915608110257,0.7543322807815727,0.7905961057453075,3.916666666666666,0.1557194120049234,0.1195007411637602,0.0998475336241706,1.3229166666666663,0.2230298805552627
003,"Gill et al. 1979, No. 3",Train,Flexure,0.0009501925994264953,0.0010532629176837481,0.00802004749776316,0.0017368738080845068,1.0589180181949456,1.0121576984150664,2.181818181818182,0.3144747106706088,0.1056984444198435,0.4200200818722484,1.25,0.6398198520675843
309,"NIST, Model N2",Train,Flexure,0.001106334594317035,0.0013608661173810307,0.009770316922324674,0.0027394733402161323,1.0332788337285272,1.1002019561137648,3.0,0.3627219917012447,0.1227671837882902,0.1014365114477805,0.4838709677419354,0.3431519847118773
117,"Galeota et al. 1996, CA1",Train,Flexure,0.0008932034439348406,0.0017607018941205705,0.005367874991554274,0.031640819382447394,1.0236485884361313,0.8497118822177242,4.5600000000000005,0.0810530904626166,0.0864566298267911,0.2,1.0416666666666667,0.2345321282928151
234,"Pujol 2002, No. 10-3-2.25S",Train,Flexure,0.009008386445189993,0.002392855896871786,0.2687843567024949,0.037747076956031134,6.302481710867992e-10,750147249.956604,2.25,0.4036498394875461,0.1072520392832728,0.1044963566001746,1.5132275132275137,0.6903085574650586
126,"Galeota et al. 1996, BB1",Train,Flexure,0.0005981756540833659,0.0007611192633977408,0.0025160360116598594,0.00940334340599333,1.003217335969441,0.9997433931196222,4.5600000000000005,0.3242123618504666,0.0432283149133955,0.2,2.083333333333333,0.7609223826520778
396,"Soderstrom 2001,C2",Train,Flexure,0.0011571961686672198,0.0022435915706103173,0.014066706178668457,0.030732272777800943,0.9292221867941268,1.4558659612028633,4.698090692124105,0.1591689802777077,0.0454676228693132,0.0,0.8912280701754386,0.2179589910292116
061,"Muguruma et al. 1989, BH-1",Train,Flexure,0.0006941187962201001,0.0008727965457915402,0.004911582432512954,0.009892809721934844,0.9205704514708284,0.9833955327310593,2.5,0.1311400962741969,0.1105440648159523,0.2538860103626943,0.9722222222222222,0.4237856196418204
343,"Arakawa et al. 1988, No. 26",Train,Flexure,0.0010917972225921802,0.0010943219050944424,0.010498159720179152,0.02801963928533264,0.9799976326346315,1.0989023189588607,1.6363636363636362,0.4964848484848485,0.0351719904798592,0.2437567985023213,2.083333333333333,1.4994851636495563
056,"Muguruma et al. 1989, AL-1",Train,Flexure,0.0007484851756137103,0.001520478738900328,0.008365899098889774,0.012596995007394878,1.0442205755641314,0.9243004651140814,2.5,0.1771998033670012,0.0619122603563926,0.3999416569428238,0.9722222222222222,0.7321473083720326
346,"Kunnath et al. 1997, A2",Train,Flexure,0.0009731015962521966,0.0010728706685867615,0.016945648992186695,0.011188791312814755,0.8299384134556445,1.085490089194353,1.6363636363636362,0.3570363196125908,0.02529317475186,0.1752924192619598,2.083333333333333,1.448818196759746
108,"Saatcioglu and Ozcebe 1989, U7",Train,Flexure,0.0009215786178923808,0.0009129290802394692,0.006513978826307439,0.003507979887159456,0.9530924405501678,1.034099005440696,2.857142857142857,0.3592035556302301,0.092457895035826,0.1255886970172684,1.692708333333333,0.6244439766092185
215,"Paultre and Legeron, 2000, No. 1006015",Train,Flexure,0.0009536585236851448,0.0012434444434679406,0.0171313552496938,0.023560017078456803,1.0217532216548373,1.0962930662175534,6.557377049180328,0.1253585566287307,0.0788459484654048,0.1396077719646652,0.8849557522123892,0.1852231555536475
002,"Gill et al. 1979, No. 2",Train,Flexure,0.0007651027209296645,0.0010224319778899572,0.0047747084120481655,0.0029225144740922145,1.000729445257893,0.9330640050670596,2.181818181818182,0.1625545605881891,0.0837095781636363,0.2139976843534155,1.0416666666666667,0.523924079239485
152,"Sugano 1996, UC15H",Train,Flexure,0.0010386339050783187,0.0011247300610684446,0.005709706080698247,0.0008006294715338937,1.0520418133886507,1.0086355937883447,2.0,0.0620035612233917,0.1533708310271086,0.5991211550533584,1.1718749999999998,0.3889716676777381
005,"Ang et al. 1981, No. 3",Train,Flexure,0.0008320036533319346,0.0009058648058714017,0.005460771392884518,0.0016556879462709274,0.9380135220223766,0.9671575697980902,4.0,0.2728393348643067,0.1533523193616712,0.3800317796610169,1.3888888888888888,0.3176669416831
311,"NIST, Model N4",Train,Flexure,0.001024028226295877,0.0011744963967628935,0.012014910358250272,0.009893050554971722,0.9319094826709328,0.8574184024283996,6.0,0.3441574803149606,0.0613130043400603,0.0962448789721067,0.8641975308641974,0.2977465407273655
127,"Galeota et al. 1996, BB4",Train,Flexure,0.0004696796362995799,0.0007468730876046461,0.0007683469851807383,0.014075900313179776,0.9635315980920615,1.044288327252228,4.5600000000000005,0.3242123618504666,0.0432283149133955,0.3,2.083333333333333,0.7868914435733787
027,"Arakawa et al. 1982, No. 102",Train,Flexure,0.0010498036174654186,0.002436368288446633,0.05534016800085778,0.043738291144679455,0.9676758414179173,0.7413578744663297,1.5,0.1297515587048026,0.1396953113777115,0.3332038834951456,0.9696969696969696,0.5047089002602484
180,"Matamoros et al. 1999,C10-20S",Train,Flexure,0.0006670227336274721,0.002279891554315815,0.00868607869539879,0.05369466515436129,0.9931386768722104,0.7836445104039309,3.004926108374384,0.1686913008581607,0.0710831422421054,0.2108040209848178,1.3543859649122807,0.5104226432875383
307,"NIST, Full Scale Shear",Train,Flexure,0.0012282791612358802,0.0013035677930547784,0.013860143841438344,0.011683874501405199,0.9324103012623045,1.1584919090000736,6.0131578947368425,0.2654607560276389,0.040424478291429,0.0685014756456048,0.9329140461215932,0.3249960137095146
385,"Saatcioglu and Baingo 1999, RC7",Train,Flexure,0.0014301465335279156,0.001595011289470376,0.025302703850542608,0.0066326887566946595,0.9376346513294538,0.9810672002047711,6.58,0.1525532444444444,0.0374406634874422,0.4187543391573424,1.4749262536873151,0.3415886057778702
022,"Tanaka and Park 1990, No. 5",Train,Flexure,0.0011612991333023763,0.0012515686462064802,0.007941331587274844,0.0028868193761898784,0.9795754263605251,1.0533838817549341,3.0,0.199010807353436,0.0759434587747945,0.1,1.5277777777777777,0.4246670963405309
113,"Galeota et al. 1996, BA1",Train,Flexure,0.0005724257450233964,0.0008646794550074019,0.0032611924142662164,0.015591434323209858,1.051724260871266,1.0943001805704553,4.5600000000000005,0.0810530904626166,0.0432283149133955,0.2,2.083333333333333,0.3797668651711147
179,"Matamoros et al. 1999,C10-20N",Train,Flexure,0.00079019782372554,0.0022654378978431114,0.006208103315279451,0.05925537403931576,1.0127951001840525,0.7608964191764679,3.004926108374384,0.1683970547377035,0.0718760734945415,0.2108040209848178,1.336842105263158,0.5063099927134541
016,"Watson and Park 1989, No. 8",Train,Flexure,0.0015646057749955824,0.00177769996684055,0.0021619472585794833,0.0034579834795847825,1.0325537857078002,0.8899838514634784,4.0,0.1832756821909614,0.0622669313159055,0.7,1.6041666666666667,0.4898662098732854
310,"NIST, Model N3",Train,Flexure,0.0010582572983179577,0.0014358191159783704,0.0042430713214974165,0.0036013970583656184,0.9242584498312647,1.0849570669252402,3.0,0.3784242424242424,0.128081780489082,0.2107735073189291,0.4838709677419354,0.3733243789416683
015,"Watson and Park 1989, No. 7",Train,Flexure,0.0017383152024770382,0.0020209111591114725,0.0029546563005711634,0.004349335552279555,1.0100932181609714,0.8927739168902111,4.0,0.1701845620344642,0.0863937979737193,0.7,1.3333333333333333,0.3994953698042017
053,"Kanda et al. 1988, 85PDC-3",Train,Flexure,0.0007930482437759416,0.0008135233907821522,0.018333396692401305,0.012000971602025602,0.8886121753818121,0.8554777108316445,3.0,0.2173575308185968,0.0689416314726482,0.1055197132616487,1.5151515151515151,0.476614025346575
177,"Matamoros et al. 1999,C10-10N",Train,Flexure,0.0004962774018172374,0.001651977297686892,0.0037094276563848765,0.04830600155529172,0.9910921459440569,0.9129783933244006,3.004926108374384,0.1626844702849495,0.0694377996149332,0.1020053828777415,1.336842105263158,0.4299826822788952
393,"Henry 1998, 415s",Train,Flexure,0.0008762153371036179,0.0015342428191560725,0.005641874393997955,0.037522811913314906,0.9073115063881972,1.2862668522714078,4.0,0.1858771686293372,0.0541390186051779,0.1204716909226637,0.8281249999999999,0.3372935707327432
193,"Mo and Wang 2000,C3-1",Train,Flexure,0.0011532057229205867,0.0010728883992071902,0.0367985263502976,0.005342273746237434,0.9571266232404445,1.0540651182833392,3.5,0.4003232451201136,0.1004751837953139,0.1065340909090909,1.4285714285714286,0.5251596449785051
195,"Mo and Wang 2000,C3-3",Train,Flexure,0.0009804710698142112,0.0015669331788956307,0.016279860703557893,0.05128181450534029,0.899451683570391,1.2039351931458753,3.5,0.3928822926085873,0.098607615323282,0.2091078066914498,1.4285714285714286,0.5606809474488988
103,"Azizinamini et al. 1988, NC-4",Train,Flexure,0.0010760308627769063,0.0011805441537697653,0.017448675870497275,0.003506261198279268,1.085634430217347,0.9925959196714319,3.00218818380744,0.2140899839599931,0.0800197660364509,0.3103875077353259,1.7894736842105263,0.5452513813835986
173,"Saatcioglu and Grira 1999, BG-9",Train,Flexure,0.0010342403263076268,0.0011439491363367492,0.01039727206185272,0.024258459369775488,0.9671686168532275,1.0089927683055935,4.7,0.4130338227186827,0.0877617316170006,0.4617046818727491,1.91919191919192,0.5235228037703472
217,"Paultre and Legeron, 2000, No. 1006040",Train,Flexure,0.0013769667726843799,0.0015098905447351037,0.013202205502813586,0.03737750406551639,1.098262860122363,0.9814981830886496,6.557377049180328,0.1179544870926143,0.0793120891330137,0.3940862972363056,0.8849557522123892,0.2519034688422792
398,"Soderstrom 2001,C4",Train,Flexure,0.0011271118470383033,0.0013351874311828245,0.023526830588313844,0.014661410832999816,1.08755068048767,0.7547167648672853,4.698090692124105,0.1385867845521421,0.0438650292272484,0.0,0.8466666666666666,0.1979925176808568
353,"Kunnath et al. 1997, A9",Train,Flexure,0.0009434589266285675,0.0009904906825754685,0.008103495299082884,0.00962732390827255,0.9359443555652021,0.8929284157617136,4.498360655737705,0.2782729531138365,0.0573855178626642,0.0926380853990227,0.7916666666666666,0.3608154540952911
381,"Saatcioglu and Baingo 1999, RC2",Train,Flexure,0.0018532077776882334,0.001334209978910768,0.04477900385351814,0.03706173166858958,1.1272432736826052,0.8946142157783655,6.58,0.2112275692307692,0.1087474380088774,0.3134128110117324,1.1111111111111112,0.1705267382621203
333,"Arakawa et al. 1988, No. 16",Train,Flexure,0.0009533093731639724,0.0008669644052440579,0.006076678881832736,0.013883958280521594,0.8974652187840133,1.1812531837893454,1.6363636363636362,0.4608,0.0326440036641193,0.0,2.083333333333333,1.6170649153132122
399,"Graff, 2001,C5",Train,Flexure,0.0010055519579230034,0.001598952848923841,0.011068441897054429,0.04137702789519994,0.9703476270858321,1.0612655587200455,4.698090692124105,0.1385867845521421,0.0438650292272484,0.1028987116985612,0.8466666666666666,0.2855176954456508
205,"Thomsen and Wallace 1994, B3",Train,Flexure,0.0014770969402552283,0.0013075795757647155,0.012065099169337352,0.026249025978256128,0.9570224845640437,0.7349645252953988,3.916666666666666,0.123458635012299,0.0622416001551109,0.1999695357415406,1.3229166666666663,0.4100892247394477
359,"Hose et al., 1997, SRPH1",Train,Flexure,0.001285962396046708,0.0015299982238502511,0.01212135598938907,0.01760932811538002,0.9453126097360735,0.9621983045544853,1.4991803278688525,0.1602063531308787,0.0099938359510917,0.0573716286842055,3.307291666666666,1.0078262780868328
304,"Lim et al. 1990, Con2",Train,Flexure,0.001103355003060103,0.0011191181113727436,0.011056694286240041,0.004769370270493352,1.016127566548266,1.058195407440997,7.5,0.7252189971496247,0.1155658853630965,0.2412019391271849,0.9909909909909907,0.2891096231747155
355,"Kunnath et al. 1997, A11",Train,Flexure,0.0006950783520267955,0.0006818485332842057,0.007074090054269063,0.00493976582734528,0.9691083738499321,1.073270955504602,4.498360655737705,0.3380501060049569,0.0697127772553846,0.1013856923953268,0.7916666666666666,0.3605814858759095
237,"Pujol 2002, No. 20-3-3N",Train,Flexure,0.0018113810721782986,0.004300808488993032,0.04114860653413215,0.06713221722516274,0.33786149973636304,0.1787300809457348,2.25,0.3038463077461198,0.0606032332957975,0.1579101143550272,2.0158730158730163,0.8362216298696364
068,"Sakai et al. 1990, B3",Train,Flexure,0.0013344473364924729,0.0020476711064554005,0.002671265886957894,0.003737787063051296,0.9011215669685391,1.0848857460161687,2.0,0.092643441806449,0.0219037944075412,0.3499095477386935,1.818181818181818,0.9762176536582098
107,"Saatcioglu and Ozcebe 1989, U6",Train,Flexure,0.0009923146108831572,0.0013123177197604352,0.00800968960451844,0.019336516743239898,0.8988368023712431,0.7973234375365331,2.857142857142857,0.3755747632594899,0.0966717937371908,0.1313125786507632,1.692708333333333,0.626030019995597
191,"Mo and Wang 2000,C2-2",Train,Flexure,0.0011955705503875955,0.0009970513585734555,0.030100431487565475,0.021569562685526504,0.9563611617901808,1.1248513912242217,3.5,0.3899827922941327,0.1016444947619922,0.1556734317343173,1.3756613756613758,0.5297706192504589
105,"Saatcioglu and Ozcebe 1989, U3",Train,Flexure,0.0012011031530381197,0.001237572271435222,0.008974423508216221,0.003945858425109835,0.907646817505369,0.9899914469382154,2.857142857142857,0.3961074481127173,0.0808182018164862,0.1407459535538353,1.25,0.7347613405349893
146,"Xiao and Martirossyan 1998, HC4-8L19-T10-0.2P",Train,Flexure,0.0006248986844583118,0.0010413677171040691,0.0071992749963955965,0.020049741791779915,0.9418151847817463,0.9292323718583333,2.0,0.2384161954674675,0.1055673753920099,0.1996648730139565,0.913978494623656,0.6246738967102624
229,"Pujol 2002, No. 10-3-1.5N",Train,Flexure,0.0031702041499301254,0.003649422258518326,0.26123371846554394,0.036601852256620694,0.07614474085316864,0.8269988431950156,2.25,0.3445484611202107,0.1374428468515284,0.0891962670045104,1.007936507936508,0.5129290691185904
360,"Vu et al. 1998, NH1",Train,Flexure,0.0010591343575397146,0.0013875204806344868,0.022069429434563817,0.014965910134855286,0.8361940353515147,1.2400435599174877,6.0,0.2932552861349178,0.0410696419055504,0.1481933204537532,1.0,0.3835846773122155
239,"Pujol 2002, No. 10-2-2.25N",Train,Flexure,0.006564466606765881,0.0031322762811554637,0.22097587918789008,0.026592364954589203,0.036013653107627525,5.4546362579297885,2.25,0.3169056046406522,0.0842036067725408,0.0820401195084465,1.5132275132275137,0.6739620395317363
292,"Zahn et al. 1986, No. 5",Train,Flexure,0.0015036549621046148,0.0012165316920198176,0.027528165254823787,0.03702561871223644,0.9647381656992027,1.0099002595073023,1.5,0.2887804878048781,0.0,0.0,2.0,2.303491406410322
026,"Park and Paulay 1990, No. 9",Train,Flexure,0.0010034814254386813,0.0018636299481452198,0.019615243389820007,0.031056390668933065,0.8689701501124623,0.9394119210068963,2.973333333333333,0.3027140579221095,0.1202184735237544,0.1000619578686493,1.1111111111111112,0.4134315904828285
228,"Pujol 2002, No. 10-2-3S",Train,Flexure,0.005297270054084946,0.00584242030739593,0.10790145030206467,0.00515517618972409,0.050736241776673074,0.940237577585407,2.25,0.3281900772094588,0.0654586852215736,0.0849614294019224,2.0158730158730163,0.8061712829162269
201,"Thomsen and Wallace 1994, A1",Train,Flexure,0.000958054577183936,0.0015068486031387717,0.009508032614665766,0.018442282309878894,0.8451241480393191,1.3598007002203987,3.916666666666666,0.1229309503617101,0.048127705028581,0.0,1.3229166666666663,0.2754795386188717
366,"Kowalsky et al. 1996, FL1",Train,Flexure,0.0013068915848780994,0.0010222492526997071,0.0157705780276814,0.010769956084094623,1.0674216628813458,0.9939250932520605,1.9912472647702408,0.720349014975276,0.1720176062206572,0.3333892619100884,0.5249343832020998,0.6811417752409096
244,"Bechtoula, Kono, Arai and Watanabe, 2002, D1N60",Train,Flexure,0.001602024820129197,0.001611079945114913,0.020234141020960397,0.021122576264264885,0.9778276460713926,0.9623915465637917,2.5,0.2982027419539741,0.0648371249783425,0.6,1.6666666666666667,0.7709246005897303
018,"Tanaka and Park 1990, No. 1",Train,Flexure,0.0011796139138347983,0.0010783255855385558,0.020851081181351105,0.015376902885801494,0.9184344251683505,1.1569417036536596,4.0,0.2908427573831176,0.137920212638798,0.199951171875,1.1111111111111112,0.3201972645977145
004,"Gill et al. 1979, No. 4",Train,Flexure,0.0006327580356994471,0.0009738129127917843,0.0009288925823401964,0.0022599298717676046,0.9962200677779058,0.9780014469094103,2.181818181818182,0.2863727152489799,0.1659730037840862,0.5999648320731493,0.8611111111111112,0.4673636988438908
401,"Graff, 2001,C7",Train,Flexure,0.001045585022337067,0.0015737471328840203,0.012308798275617289,0.0503501801767582,0.9776381692081265,1.159066721154678,4.698090692124105,0.163271043034654,0.0438650292272484,0.1028987116985612,0.8466666666666666,0.3159222419092595
181,"Matamoros et al. 1999,C5-00N",Train,Flexure,0.0007667987817829545,0.0009099723403978101,0.0063633867267023645,0.0029563522227704256,0.9373933439273436,1.1414050091637895,3.004926108374384,0.291029210694448,0.124218543902176,0.0,1.336842105263158,0.3401808241119036
194,"Mo and Wang 2000,C3-2",Train,Flexure,0.0011607321529359634,0.000994694993195843,0.03511328807033241,0.012028263537390458,0.8661277744768506,1.0699553988581085,3.5,0.384310315315309,0.0964561764435013,0.1534090909090909,1.4285714285714286,0.5439715662059975
014,"Watson and Park 1989, No. 6",Train,Flexure,0.0011080748157814456,0.0012647881627618717,0.0027855324439165037,0.0018722320454963907,1.007891544623771,0.9908439790461065,4.0,0.1786937901361874,0.0285688581935821,0.5,2.6666666666666665,0.7481584131326527
296,"Wong et al. 1990, No. 1",Train,Flexure,0.0009770491841048477,0.00196978472620112,0.013037762017764085,0.08697399416068065,0.8809213124416676,0.9697284030009338,4.0,0.2333538461538461,0.0597086323050691,0.738642171785463,0.95,0.4121736351922188
408,"Hamilton, 2002, UCI1",Train,Flexure,0.0011725122991259242,0.0013326034250116929,0.00892108991865418,0.022143361685661476,0.7880738249443662,1.4325548271621005,6.263998250218723,0.2677649926006922,0.0175136858643677,0.1938085955349311,5.350877192982456,0.4887596963867316
196,"Aboutaha and Machado 1999, ORC1",Train,Flexure,0.0017143687038421887,0.001816529080700612,0.018703265090093492,0.06863933808037359,0.6266984036331953,2.048554380901217,3.600393700787402,0.0,0.0,0.0,1.25,0.0
169,"Saatcioglu and Grira 1999, BG-5",Train,Flexure,0.001268901325726832,0.0010763964755446719,0.013425474530998918,0.013365120775917531,1.1512119080660161,0.8005896830842131,4.7,0.3920207541420919,0.1786945821343354,0.4617046818727491,1.3333333333333333,0.3043874938185217
063,"Muguruma et al. 1989, BH-2",Train,Flexure,0.0007332326624508865,0.001281823150016062,0.0026896365943915816,0.019982217739628744,0.8891278320713085,1.106498736817872,2.5,0.1311400962741969,0.1105440648159523,0.4229274611398964,0.9722222222222222,0.4826730477396071
095,"Atalay and Penzien 1975, No. 10",Train,Flexure,0.0008434031161071665,0.0011224879158738762,0.0068741749650969575,0.02873908346665258,0.938941084244779,1.0761799818877709,5.495081967213115,0.1831290196430993,0.0442796912618901,0.265758905909403,2.2280701754385963,0.4151514406429186
245,"Bechtoula, Kono, Arai and Watanabe, 2002, L1D60",Train,Flexure,0.001955940957784322,0.0021092215743017794,0.013609376319252745,0.0012034403810506822,0.8900296785937575,0.9549762911392073,2.0,0.1671789982056369,0.1128889111594765,0.5668934240362811,1.3123359580052496,0.5287605946555258
380,"Saatcioglu and Baingo 1999, RC1",Train,Flexure,0.001604524295895074,0.0019389912531070567,0.014718873352624357,0.06051990554241076,1.0842267157129284,0.8521447193018871,3.0,0.2677432121212121,0.0485525062547868,0.0428700183412512,1.1228070175438596,0.5041050008447017
223,"Paultre et al., 2001, No. 1005540",Train,Flexure,0.0005961477411835655,0.0010923168371629803,0.007206089449231038,0.017224717612413495,0.995789233793364,0.9109673333652366,6.557377049180328,0.1046092652976672,0.1531450577347175,0.4123210361038607,0.8112094395280235,0.1496013067124592
403,"Kowalsky and Moyer, 2001, 1",Train,Flexure,0.0011762768422136482,0.001370648949344341,0.029490192585908404,0.005215693373172313,0.5742342411503915,0.8862977561757315,4.698090692124105,0.1586245943791223,0.0438650292272484,0.1028987116985612,0.8466666666666666,0.3101990331631684
011,"Zahn et al. 1986, No. 7",Train,Flexure,0.0010680016389604243,0.0013968604037423542,0.007518987463722246,0.004571297087051297,1.0235840040243565,0.9579116777895671,4.0,0.2344538404375138,0.1105359379490836,0.2230565371024735,1.95,0.3428120328803654
012,"Zahn et al. 1986, No. 8",Train,Flexure,0.0009711165163031199,0.001423487444126938,0.004129872603884685,0.005853073765254549,1.0635938802640141,1.0193268423087638,4.0,0.1654624360194923,0.0992072926767892,0.3899625935162095,1.5333333333333334,0.3663062582104558
172,"Saatcioglu and Grira 1999, BG-8",Train,Flexure,0.0007820650027622011,0.001214337418419553,0.014587711482957505,0.032379968479896465,0.9773352519602945,1.0486361497060115,4.7,0.3920207541420919,0.0877617316170006,0.2307322929171668,1.91919191919192,0.4865821391852996
001,"Gill et al. 1979, No. 1",Train,Flexure,0.0011886265173309115,0.0010598326009943614,0.008925396350202536,0.00538828136058325,1.0532654338036211,0.9302594140613117,2.181818181818182,0.2913315501450661,0.0917997853321692,0.2597402597402597,1.3333333333333333,0.648662878889607
294,"Watson and Park 1989, No 10",Train,Flexure,0.0011866243712031414,0.0012530135406459745,0.00687005420919462,0.002453899682021036,0.9882272969952158,0.9734923485936706,4.0,0.3195259259259259,0.0903692701588175,0.6130412622798932,1.25,0.3761674710296161
062,"Muguruma et al. 1989, BL-2",Train,Flexure,0.001106140130426156,0.0016325870574332502,0.008384525293167773,0.020008572262160785,0.9882352377625975,1.0309220515862498,2.5,0.1311400962741969,0.0458193498492474,0.4229274611398964,0.9722222222222222,0.8003933063062444
368,"Kowalsky et al. 1996, FL3",Train,Flexure,0.0011159297602957073,0.0008906293231101804,0.02067746104597,0.017185699027450787,1.1336404518606165,0.9243447632896656,8.0,0.4330534381299408,0.0301588581406785,0.2712924636494057,1.3281249999999998,0.4633707614260111
210,"Thomsen and Wallace 1994, D2",Train,Flexure,0.0013629213761860077,0.0012072676833272695,0.017860895552884375,0.02817472131347943,0.8904618551644805,0.8263544066938339,3.916666666666666,0.1335249210984745,0.0683123010790537,0.1999365429126771,1.984375,0.3961636165757645
374,"Calderone et al. 2000, 328",Train,Flexure,0.001175074829413222,0.0009837402328708622,0.023206286203289878,0.004084094583780711,1.0770617150602,0.9770259273042704,4.0,0.4461052047104093,0.0649668223262135,0.0722675411254063,0.8281249999999999,0.5317759914540684
365,"Vu et al. 1998, NH6",Train,Flexure,0.0008433371103238063,0.0011250242028691443,0.0067923147571413624,0.012934331588722927,0.7685391038163195,0.9435022389122095,1.9912472647702408,0.3490480589717059,0.0493730651036511,0.0848654923315939,1.4035087719298245,0.836812884166106
197,"Aboutaha and Machado 1999, ORC2",Train,Flexure,0.0007940156596427133,0.0037075158122366727,0.021301817289120267,0.01101825812819738,0.8985566207766362,0.418861998659646,3.600393700787402,0.0,0.0,0.1199842612997491,1.25,0.5958602917261285
209,"Thomsen and Wallace 1994, D1",Train,Flexure,0.001342582191839224,0.0016992667564579575,0.038099060642539866,0.045865542849207616,0.9204723439805653,0.6830959218804149,3.916666666666666,0.1532541970391462,0.0939391913454554,0.1999417660518112,1.6562499999999998,0.329616141793656
313,"NIST, Model N6",Train,Flexure,0.0010067174472542326,0.0011742049010501974,0.04884003536878915,0.07394425899422777,1.0337287368710546,0.7558777255812827,3.0,0.3597366255144033,0.1217567542920903,0.2003649390562659,0.4838709677419354,0.3737755729378513
246,"Bechtoula, Kono, Arai and Watanabe, 2002, L1N60",Train,Flexure,0.0012455794524779645,0.0015288606348276656,0.002187884233219293,0.004451992288504002,0.9384105181124368,1.0770768017094248,2.0,0.1671789982056369,0.1128889111594765,0.5668934240362811,1.3123359580052496,0.5287605946555258
170,"Saatcioglu and Grira 1999, BG-6",Train,Flexure,0.0008540386901490483,0.0009749188177568028,0.02585078163198386,0.02884849809811075,1.0372401355185346,1.1404068348423846,4.7,0.3221984071085403,0.1786945821343354,0.4561824729891957,1.3333333333333333,0.2733674914912262
295,"Watson and Park 1989, No 11",Train,Flexure,0.0015298525682227789,0.0016049507849953291,0.003839336318074948,0.002962128809032295,0.9249820635215648,0.9417422187245862,4.0,0.2275199999999999,0.0278255349317953,0.527598636349633,1.75,0.6682423237992285
136,"Wehbe et al. 1998, B2",Train,Flexure,0.0007372413132110153,0.0009462823123670323,0.005954064260970384,0.013996764680686417,0.9150102720702438,0.9695972908037606,3.8278688524590168,0.3547213947733016,0.0546170367251115,0.2324374614267423,2.305555555555556,0.7295960902153189
305,"Lim et al. 1990, Con3",Train,Flexure,0.0010114091461900562,0.0009661341478480922,0.009068242826295807,0.0034516895201882306,0.9068497529537558,0.9991812149381427,3.75,0.7252189971496247,0.1155658853630965,0.2412019391271849,0.9909909909909907,0.570570012718192
145,"Xiao and Martirossyan 1998, HC4-8L19-T10-0.1P",Train,Flexure,0.0009679761480826572,0.0011602349714296056,0.00953342986798121,0.02853001696388711,0.929602947676417,1.0085068996661877,2.0,0.2384161954674675,0.1055673753920099,0.0997304626188199,0.913978494623656,0.5598902879369332
106,"Saatcioglu and Ozcebe 1989, U4",Train,Flexure,0.0008544076303604554,0.0008373676984015147,0.005235127624923048,0.0018376484019687657,0.8502933334816613,1.0301691611436872,2.857142857142857,0.4387811167960234,0.1318346917131431,0.1530612244897959,0.8333333333333334,0.56355573833565
050,"Kanda et al. 1988, 85STC-3",Train,Flexure,0.0010151639704383817,0.0011724747353558196,0.028036295345000774,0.029360042285123407,1.0187653424863103,1.091586181562931,3.0,0.2173575308185968,0.0689416314726482,0.1055197132616487,1.5151515151515151,0.476614025346575
178,"Matamoros et al. 1999,C10-10S",Train,Flexure,0.0006704159429465875,0.0016535452398487483,0.003398174173652921,0.041010096656302175,0.9579319483190016,0.8224758305010296,3.004926108374384,0.1629687346048603,0.0686717672102935,0.1020053828777415,1.3543859649122807,0.4338326201985894
242,"Pujol 2002, No. 10-1-2.25S",Train,Flexure,0.0009684066363710729,0.0010327928611405766,0.011915762680649677,0.04689622872734064,0.8181115625874419,1.0566673260799258,2.25,0.3030138521084592,0.0805124897633335,0.0784438402971174,1.5132275132275137,0.6706621734965332
241,"Pujol 2002, No. 10-1-2.25N",Train,Flexure,0.000710540735553885,0.0010434161022990847,0.01311312700510303,0.028810987086527018,0.9318062458318548,0.9880977009283917,2.25,0.3030138521084592,0.0805124897633335,0.0784438402971174,1.5132275132275137,0.6706621734965332
128,"Galeota et al. 1996, BB4B",Train,Flexure,0.0005069400743118005,0.0007701347110296203,0.0015680636885479031,0.01691414527511584,0.9776017705926966,1.0439828081545965,4.5600000000000005,0.3242123618504666,0.0432283149133955,0.3,2.083333333333333,0.7868914435733787
298,"Wong et al. 1990, No. 3",Train,Flexure,0.0010485742607867085,0.0014124046154805506,0.005831963519267736,0.044524572634822575,0.8583715636236372,1.098959863725727,2.0,0.4108108108108108,0.0199860156340639,0.3899296105751435,1.805555555555556,1.274891720470144
154,"Sugano 1996, UC15L",Train,Flexure,0.0008142935137241887,0.001196952280746117,0.012363130123927856,0.012029377547633294,0.8986897444176427,1.064526408213938,2.0,0.0620035612233917,0.1533708310271086,0.3496965892446118,1.1718749999999998,0.3534259679195131
226,"Paultre et al., 2001, No. 1006052",Train,Flexure,0.0009969539471809178,0.00119228580137297,0.00514619476399413,0.009799921139436377,0.9281660679534304,1.030490923814547,6.557377049180328,0.1047048861983049,0.0837958240950657,0.506046270316161,0.8849557522123892,0.2463802441743374
165,"Saatcioglu and Grira 1999, BG-1",Train,Flexure,0.0012493297247248441,0.0013958668548857375,0.006366939508985039,0.009176476019774029,1.0345468798513058,0.9147414289504078,4.7,0.2613471694280612,0.0670104683003757,0.4278511404561825,2.6666666666666665,0.485270969404303
066,"Sakai et al. 1990, B1",Train,Flexure,0.001339766591735847,0.0011098816757483141,0.005957428108040506,0.005432522373525777,1.0454297207148633,0.9541425688348091,2.0,0.092643441806449,0.0407301962123701,0.3499095477386935,2.0,0.7989298367630033
104,"Saatcioglu and Ozcebe 1989, U1",Train,Flexure,0.0009504957251673227,0.0010333603473111068,0.00483809571650206,0.02428715939628055,0.9363522481072107,0.800618719058007,2.857142857142857,0.3161591558330862,0.0322531355873133,0.0,2.5,1.0323673510773903
025,"Tanaka and Park 1990, No. 8",Train,Flexure,0.0007824214972382998,0.0010585671965050558,0.006473667846573284,0.0039763119626837744,0.9268323670455414,0.957388421700778,3.0,0.1983908359909642,0.0925306247446441,0.2999922762029814,1.25,0.46631047512654
392,"Henry 1998, 415p",Train,Flexure,0.0008669374379775203,0.0011986048499764812,0.006868231022315334,0.007300656949748125,0.8772611209788546,1.050191849050747,3.0,0.0856472301179896,0.0053000723974712,0.1066340251396201,3.7777777777777777,0.6939392042539011
069,"Sakai et al. 1990, B4",Train,Flexure,0.0015553676494669878,0.0016326305119963764,0.012579000897661986,0.025467679094430797,0.9386691265101856,0.8602330448678397,2.0,0.092643441806449,0.0592534895802698,0.3499095477386935,2.0,0.6778157230307
148,"Xiao and Martirossyan 1998, HC4-8L16-T10-0.2P",Train,Flexure,0.001045422283932948,0.0015298495804272573,0.03588857897965737,0.026139842926096495,1.0843151953433172,0.7949465300816889,2.0,0.1460085905369636,0.0932920991836366,0.1924887570705374,0.913978494623656,0.522222778820876
275,"Ang et al. 1985, No. 9",Train,Flexure,0.001031933495877205,0.001548186211639726,0.0621687561672195,0.059910766242601,1.0855323627919327,1.037549614526724,2.0,0.4995121951219512,0.0610804425332092,0.1999141358349417,0.8333333333333334,0.9680726335871248
316,"BRI No. 3 (Japan), ws22bs",Train,Flexure,0.0013569510897243886,0.0014047376869718796,0.1160439268082623,0.05132667060960991,0.9987890000551436,0.8257528919876015,1.0,0.1634716981132075,0.1903689830609228,0.2475369862066248,0.6179775280898876,0.4899783196806555
337,"Arakawa et al. 1988, No. 20",Train,Flexure,0.0007065296084034415,0.0014420968695574524,0.004422802589103582,0.03735521647313218,0.9635093331087304,1.1532666412602264,1.6363636363636362,0.4726153846153846,0.0334810293990968,0.116018860825624,2.083333333333333,1.5363064295762687
186,"Matamoros et al. 1999,C5-40S",Train,Flexure,0.0007439398859373083,0.001361086600198363,0.009360762834727969,0.031359575381370505,0.9798797301072579,0.9596237947817899,3.004926108374384,0.2900073544936885,0.122203302279735,0.3624058628479151,1.3543859649122807,0.4911993082650706
058,"Muguruma et al. 1989, AL-2",Train,Flexure,0.0010708988351564193,0.001137940080626557,0.0037714672064701614,0.001213146464948059,1.0044878472462722,1.0185627003766473,2.5,0.1771998033670012,0.0619122603563926,0.6289381563593932,0.9722222222222222,0.7103550446199894
114,"Galeota et al. 1996, BA2",Train,Flexure,0.0006984473024465857,0.0009515840404689837,0.0011823226165612872,0.003582307756383555,0.8786199511840739,0.9615394940909463,4.5600000000000005,0.0810530904626166,0.0432283149133955,0.3,2.083333333333333,0.4378615678539381
031,"Ohno and Nishioka 1984, L2",Train,Flexure,0.0011293441581804293,0.0013771576979368814,0.01987193888834994,0.03692353296617348,0.9439551009618398,0.9550147099838284,4.0,0.20693024755868,0.0416846908295117,0.0320060483870967,1.851851851851852,0.4528985576643131
222,"Paultre et al., 2001, No. 1206040",Train,Flexure,0.0006621192037307779,0.001521958206570286,0.0024957494915927784,0.03112469313932599,0.9643917893307278,1.0535952262796089,6.557377049180328,0.1048966533891443,0.0747353491454496,0.4134537862030472,0.8849557522123892,0.2588162222221008
220,"Paultre and Legeron, 2000, No. 10013040",Train,Flexure,0.001320476510469046,0.0014482263068850705,0.00913163153131345,0.0028063163258150014,1.0279900263105648,0.9833901531334497,6.557377049180328,0.1110559025167279,0.0344646971879723,0.3710381053557547,1.91740412979351,0.4106553964058349
176,"Matamoros et al. 1999,C10-05S",Train,Flexure,0.0009799471647784985,0.001363055997409212,0.029105722294421946,0.00931490496300881,0.9907452901981559,0.9248930711108332,3.004926108374384,0.1622985079540362,0.0535658231327001,0.0495093276968009,1.336842105263158,0.45659162347404
007,"Soesianawati et al. 1986, No. 1",Train,Flexure,0.001042905307097494,0.0014585248248665664,0.009482435455949128,0.01771565671524594,0.9004967365302696,0.9293259163565686,4.0,0.1446348721033339,0.0354417751862286,0.1,2.023809523809524,0.4865796836601485
300,"Petrovsky and Ristic 1984, M1E2",Train,Flexure,0.0018356873651724551,0.0018269287781271706,0.024459449820088415,0.053523081315721435,0.8717535048109317,0.7177256778692186,6.221498371335505,0.1134087342445483,0.0151915558654397,0.0504858467109986,2.083333333333333,0.2801831817963103
171,"Saatcioglu and Grira 1999, BG-7",Train,Flexure,0.0009265918210496903,0.0013192682964409325,0.007941416056111943,0.032838815366850876,0.9626823726241377,1.0026070858286196,4.7,0.3920207541420919,0.0877617316170006,0.4617046818727491,1.91919191919192,0.5080437016339787
377,"Sritharan et al. 1995, IC1",Train,Flexure,0.000956017057471526,0.0015479381928617658,0.03488983131037612,0.02753335341617499,0.9270992934912656,0.9413697381767374,10.0,0.3479286155432214,0.0730848949551309,0.0905565245626531,0.6614583333333331,0.1618280362818752
356,"Kunnath et al. 1997, A12",Train,Flexure,0.0007625245205511114,0.0007952089316254843,0.009249541682510784,0.0061908071145611145,1.0088527193680668,0.9154099124055526,4.498360655737705,0.3380501060049569,0.0697127772553846,0.1013856923953268,0.7916666666666666,0.3605814858759095
354,"Kunnath et al. 1997, A10",Train,Flexure,0.0012424800145792983,0.0011168253629690575,0.032654804833060935,0.027532570327352512,1.091956354236646,0.9706320374224818,4.498360655737705,0.2808416265271949,0.0579152303352426,0.0934932061873213,0.7916666666666666,0.3610211893121618
225,"Paultre et al., 2001, No. 1005552",Train,Flexure,0.001099154566676594,0.0015053909071736395,0.009011791754858346,0.01448780434101444,0.9981355394347489,0.9598920350983753,6.557377049180328,0.1096144933023403,0.1447170835265416,0.5297747557185456,0.8112094395280235,0.1656912034910311
057,"Muguruma et al. 1989, AH-1",Train,Flexure,0.0006402428551198812,0.001042296673085373,0.003621187544891955,0.012494571438677956,0.9455762913725627,0.9725149219250284,2.5,0.1771998033670012,0.1493699265541105,0.3999416569428238,0.9722222222222222,0.4198635096689885
218,"Paultre and Legeron, 2000, No. 10013015",Train,Flexure,0.0009577241196936634,0.0017534272813450405,0.01257729888796823,0.02756472191840963,0.9482842937829341,0.7664103514750562,6.557377049180328,0.1221849222836996,0.0354691608481178,0.1360733979908762,1.91740412979351,0.3190912240364358
203,"Thomsen and Wallace 1994, B1",Train,Flexure,0.0017173050218391396,0.0019342822222879442,0.005416774806552147,0.013244894470576146,0.8572213102128665,1.5602607844776732,3.916666666666666,0.126986024584079,0.064019931588114,0.0,1.3229166666666663,0.2216904579615003
175,"Matamoros et al. 1999,C10-05N",Train,Flexure,0.0008994701812828608,0.0014037837091117277,0.009954659419426904,0.051527865596818184,0.8589216865681767,1.05486605191849,3.004926108374384,0.1622985079540362,0.0535658231327001,0.0495093276968009,1.336842105263158,0.45659162347404
024,"Tanaka and Park 1990, No. 7",Train,Flexure,0.0008816281444705293,0.0011679066400492118,0.003390277046583288,0.011204503133920633,0.959512411264756,1.0967690437164506,3.0,0.1983908359909642,0.0925306247446441,0.2999922762029814,1.25,0.46631047512654
312,"NIST, Model N5",Train,Flexure,0.0009319331313170006,0.0008955557181301544,0.003917693396990955,0.0033773833788969723,0.8037706106016431,0.9955302325277433,3.0,0.3582622950819672,0.1212577512007293,0.100189341225062,0.4838709677419354,0.3429884575496945
383,"Saatcioglu and Baingo 1999, RC4",Train,Flexure,0.0015722511825692132,0.0014271296676847069,0.024802489575000232,0.0038619923052465466,0.8150957781472397,1.1606011460251864,6.58,0.1525532444444444,0.0785398163397448,0.4187543391573424,1.1111111111111112,0.2092100197404387
119,"Galeota et al. 1996, CA3",Train,Flexure,0.0008013259395494874,0.0009783104403859307,0.01356194087574181,0.005972145040443591,0.9065375515842717,1.0357288880108348,4.5600000000000005,0.0810530904626166,0.0864566298267911,0.2,1.0416666666666667,0.2345321282928151
185,"Matamoros et al. 1999,C5-40N",Train,Flexure,0.0008601799903526448,0.0014021116390886767,0.010704548198444349,0.030201569043304347,0.8823485735961714,1.0250150080307185,3.004926108374384,0.2895014983023511,0.1235664780549205,0.3624058628479151,1.336842105263158,0.487020578578339
375,"Calderone et al. 2000, 828",Train,Flexure,0.0007680432301093083,0.0010860447196191889,0.0062666180669543395,0.02562842342683301,0.8623701107302595,0.8212433858462651,3.0,0.3479286155432214,0.0730848949551309,0.0905565245626531,0.6614583333333331,0.5016320326049301
023,"Tanaka and Park 1990, No. 6",Train,Flexure,0.0009237628525864886,0.0009501536261074252,0.005848530164060732,0.003839273733889734,0.8526026687503231,1.0690708364061854,3.0,0.199010807353436,0.0759434587747945,0.1,1.5277777777777777,0.4246670963405309
369,"Lehman et al. 1998, 415",Train,Flexure,0.0008984802509334399,0.0014854532915622213,0.007686418039241806,0.045637820905933726,0.8519432715237307,1.4258519731999477,8.0,0.4487600395128919,0.0470554576445095,0.281132086683322,1.3333333333333333,0.3680043873427329
206,"Thomsen and Wallace 1994, C1",Train,Flexure,0.0015032008729955646,0.0017783965789252034,0.005039576167112323,0.005230820793919912,1.0591678485713993,1.1046570785537,3.916666666666666,0.1720987871935894,0.1320704487528372,0.0,1.3229166666666663,0.1568345764701014
373,"Lehman et al. 1998, 430",Train,Flexure,0.0006203069747152738,0.0011646071817979617,0.003210148424186361,0.009623428193989876,0.9649761751153344,0.9773487313101419,4.0,0.1115263011776023,0.0649668223262135,0.0722675411254063,0.8281249999999999,0.1847494458570305
319,"BRI No. 3 (Japan), ws27bs",Train,Flexure,0.0014988142730502634,0.0014313893754564877,0.08885701385965739,0.06750111315915111,0.9656414967895944,1.0543582340746926,2.0,0.2495707544303797,0.0315914655780284,0.1037931983303094,1.5811965811965814,0.7856197729731355
115,"Galeota et al. 1996, BA3",Train,Flexure,0.0010056998456688176,0.0010172050558823,0.0017073307342628456,0.0015441995272757823,0.9734333660046082,1.0027194125119483,4.5600000000000005,0.0810530904626166,0.0432283149133955,0.3,2.083333333333333,0.4378615678539381
190,"Mo and Wang 2000,C2-1",Train,Flexure,0.0011779165055472857,0.0009290946697091742,0.038112540675655546,0.009999802498780783,0.9181131586819719,1.064568353070023,3.5,0.4177286036035967,0.1088761188952565,0.1111660079051383,1.3756613756613758,0.5119187778069219
183,"Matamoros et al. 1999,C5-20N",Train,Flexure,0.0006279538993036012,0.0010982676314515675,0.0030259169816921412,0.03175169438100302,0.9317615619521721,1.141213617907902,3.004926108374384,0.2338711418964994,0.0771880184272449,0.1431876803128545,1.336842105263158,0.5220121565366791
384,"Saatcioglu and Baingo 1999, RC6",Train,Flexure,0.001253714910962532,0.001529215413616283,0.01387082631167482,0.016450527797569354,0.975317725064869,0.9215015834921233,6.58,0.1525532444444444,0.0518292974672236,0.4187543391573424,1.0416666666666667,0.2796412016605888
147,"Xiao and Martirossyan 1998, HC4-8L16-T10-0.1P",Train,Flexure,0.0008704837937024942,0.001448081183858704,0.007584518461720808,0.03586078800421448,0.900217117471197,0.9692296148506889,2.0,0.1460085905369636,0.0932920991836366,0.0962443785352687,0.913978494623656,0.4388560105702663
168,"Saatcioglu and Grira 1999, BG-4",Train,Flexure,0.0013100701052720222,0.0013266712523671983,0.009677094250423238,0.011752443220336785,0.8694892564801495,1.1957723417057966,4.7,0.3920207541420919,0.0893472910671677,0.4617046818727491,2.6666666666666665,0.5021850676314081
379,"Sritharan et al. 1995, IC3",Test,Flexure,0.001359088124597017,0.001174228067187982,0.028348308951749994,0.021816048350636108,1.0427465053702227,0.9142896659269322,3.0,0.2481609248554913,0.0303420747773206,0.0408875897474361,1.7017543859649122,0.6322156656172898
120,"Galeota et al. 1996, CA4",Test,Flexure,0.0007858215403839474,0.0007614232068260476,0.005626544104743503,0.007138054949030161,0.9383811077107124,0.9312508917649338,4.5600000000000005,0.0810530904626166,0.0864566298267911,0.3,1.0416666666666667,0.2771842030326142
059,"Mugumura et al. 1989, AH-2",Test,Flexure,0.0008569049804993213,0.0015708300569026508,0.0073039471593910115,0.012790775297440299,0.9969097674766985,0.8891627077639649,2.5,0.1771998033670012,0.1493699265541105,0.6289381563593932,0.9722222222222222,0.4249249110719393
097,"Atalay and Penzien 1975, No. 12",Test,Flexure,0.0008363373675458701,0.0011162437001313295,0.007685238038870164,0.04600524291455137,0.9282996329361697,1.0173044541615124,5.495081967213115,0.1865842841646672,0.0429284530899591,0.2707732248888257,2.2280701754385963,0.4259538041626897
208,"Thomsen and Wallace 1994, C3",Test,Flexure,0.0010560093876426189,0.0015505519913231736,0.007532964464505732,0.006232687347695902,0.8330188616316871,0.8311535282145812,3.916666666666666,0.1420130578920206,0.1089823385185393,0.2000139832933836,1.3229166666666663,0.2841766447439349
151,"Sugano 1996, UC10H",Test,Flexure,0.0007190593251033324,0.0012904872737978105,0.0010695707871912446,0.0013524613389948007,1.0378113098259436,0.9494668139158955,2.0,0.0620035612233917,0.0967764362934645,0.5991211550533584,1.4705882352941178,0.5159503116463756
306,"NIST, Full Scale Flexure",Test,Flexure,0.0013653175749118482,0.001060592939274685,0.0556138983034065,0.03666528774205703,0.6619894196982921,1.1507357232744877,3.75,0.7252189971496247,0.1155658853630965,0.3514200437614614,0.9909909909909907,0.5728223274780351
019,"Tanaka and Park 1990, No. 2",Test,Flexure,0.001522124488321763,0.0011328243121144566,0.0248429890701049,0.028797477572994508,0.9557544570055617,0.8912657778431705,4.0,0.2908427573831176,0.137920212638798,0.199951171875,1.1111111111111112,0.3201972645977145
017,"Watson and Park 1989, No. 9",Test,Flexure,0.0012624005540277591,0.001519923988798347,0.004636305237462258,0.012672879575446331,1.0143846037489634,0.9172463171478972,4.0,0.1786937901361874,0.1674710545336712,0.7,0.7222222222222222,0.2569309458093186
219,"Paultre and Legeron, 2000, No. 10013025",Test,Flexure,0.0008966241771666951,0.001182543531758028,0.01275384375363348,0.010759003727090509,0.9242953894207728,1.027466342220827,6.557377049180328,0.1130376979162133,0.0344163403111726,0.2640687436957026,1.91740412979351,0.379560746716228
303,"Lim et al. 1990, Con1",Test,Flexure,0.0014083173169427386,0.0018526766828922143,0.006952379371143697,0.03956380004766079,0.9559890252538283,0.8192335351794862,2.915309446254072,0.1279145025781533,0.0171346618482285,0.0997490209515304,2.083333333333333,0.5617823686781224
118,"Galeota et al. 1996, CA2",Test,Flexure,0.0007178817053575937,0.000755876595688377,0.012523634849059172,0.002310423790504852,0.8985234189668291,1.0185032616553757,4.5600000000000005,0.0810530904626166,0.0864566298267911,0.3,1.0416666666666667,0.2771842030326142
221,"Paultre et al., 2001, No. 806040",Test,Flexure,0.0006179955830823864,0.0014473833869087045,0.0027391244667052082,0.026507703214738,0.9253210992895187,1.0318110115470627,6.557377049180328,0.145549104829664,0.1036988580264688,0.3961170963114327,0.8849557522123892,0.218586913017501
192,"Mo and Wang 2000,C2-3",Test,Flexure,0.0009244089334593567,0.0014128890595756728,0.03242256150305166,0.019494960621341255,0.956766197638379,1.1010696935562807,3.5,0.3943482713123507,0.102782306270522,0.2098880597014925,1.3756613756613758,0.5461286297716522
174,"Saatcioglu and Grira 1999, BG-10",Test,Flexure,0.0011643455932787066,0.001064030374609553,0.015847528414434507,0.004725714233371402,1.0719324129509373,0.855485338656243,4.7,0.4130338227186827,0.1786945821343354,0.4617046818727491,1.3333333333333333,0.3136615879381742
338,"Arakawa et al. 1988, No. 21",Test,Flexure,0.0006751237604668426,0.0010153027632699018,0.017161604188822233,0.014256046825672369,0.9930321547053879,1.1000798375446452,1.6363636363636362,0.5032627986348123,0.076397473226608,0.1235422681829171,0.9722222222222222,1.0487633365439422
387,"Saatcioglu and Baingo 1999, RC9",Test,Flexure,0.001155554681702594,0.0012966057949323393,0.017198072130703082,0.005817122807766995,0.9353872902375713,1.0220832055420528,6.58,0.1525532444444444,0.0785398163397448,0.4187543391573424,1.1111111111111112,0.2092100197404387
189,"Mo and Wang 2000,C1-3",Test,Flexure,0.0010146286425507661,0.0014773744862261974,0.0501848342965237,0.009614023046853295,1.0551479721864507,0.8693982851413243,3.5,0.4049246617306895,0.1097604766426049,0.2155172413793103,1.3227513227513228,0.5312482394683444
052,"Kanda et al. 1988, 85PDC-2",Test,Flexure,0.000742886945453131,0.0007855144148002516,0.0077337978367346336,0.004711859101990474,0.9267066966362019,0.8332946749278325,3.0,0.2173575308185968,0.0689416314726482,0.1055197132616487,1.5151515151515151,0.476614025346575
362,"Vu et al. 1998, NH3",Test,Flexure,0.0011797828939288065,0.0010144685939532357,0.046085084035635805,0.05847371513832189,0.947600603027612,0.8662341210875759,1.9912472647702408,0.2640230819044049,0.0567393003447799,0.0986009068755579,1.0526315789473684,0.6388362634639269
367,"Kowalsky et al. 1996, FL2",Test,Flexure,0.0007680779788652556,0.0011617016694134195,0.009110056806435007,0.016281967203967018,0.9992047164625094,0.8039742249230943,8.0,0.473282446043651,0.0496267941278161,0.2964944957917003,1.3333333333333333,0.3671320710690278
013,"Watson and Park 1989, No. 5",Test,Flexure,0.0009587328717176093,0.0015617080990327113,0.007537278302506263,0.004583129822775153,0.9274678410559646,0.8940783103208692,4.0,0.1743354050109145,0.0563046054627113,0.5,1.6875,0.545196676134645
238,"Pujol 2002, No. 20-3-3S",Test,Flexure,0.0026153065786530417,0.007485721065776915,0.05791770953180113,0.06838631965171094,0.29395800611201567,7.68966184113659e-16,2.25,0.3038463077461198,0.0606032332957975,0.1579101143550272,2.0158730158730163,0.8362216298696364
402,"Graff, 2001,C8",Test,Flexure,0.001129304662862263,0.0016880773302211558,0.012544489830634033,0.0765483347209589,0.9220877876428624,1.3251575397690452,4.698090692124105,0.163271043034654,0.0438650292272484,0.1028987116985612,0.8466666666666666,0.3159222419092595
394,"Chai, Priestley, and Seible 1991, Test 3",Test,Flexure,0.000957105934425731,0.0017920693282615285,0.019323446440798107,0.04723205140103368,0.928937668828649,0.6222654810816328,4.0,0.1858771686293372,0.0271121384510969,0.0602358454613318,1.653645833333333,0.4710391434239153
166,"Saatcioglu and Grira 1999, BG-2",Test,Flexure,0.0012133866814788418,0.0011771180186789744,0.015615414903311807,0.03828526633165191,1.0140100680588369,0.95909501103973,4.7,0.2613471694280612,0.1340209366007515,0.4278511404561825,1.3333333333333333,0.3052704198528541
020,"Tanaka and Park 1990, No. 3",Test,Flexure,0.0011129074229659567,0.0017613091723134204,0.007423456400389945,0.02038964610612079,0.9312591246584632,1.0239730088584131,4.0,0.2908427573831176,0.137920212638798,0.199951171875,1.1111111111111112,0.3201972645977145
293,"Zahn et al. 1986, No. 6",Test,Flexure,0.0016766940243235337,0.002450638025044169,0.008630471211307516,0.040034649906749833,0.8255357207007565,0.9377355765960338,4.0,0.2670959752321981,0.0419671533245282,0.1367352839256995,2.25,0.5111847310819113
049,"Kanda et al. 1988, 85STC-2",Test,Flexure,0.0014288475828334415,0.0011998053858665106,0.03213991392205924,0.0392825379924882,0.8586700862804802,0.9369262248126251,3.0,0.2173575308185968,0.0689416314726482,0.1055197132616487,1.5151515151515151,0.476614025346575
116,"Galeota et al. 1996, BA4",Test,Flexure,0.0005754667480314351,0.0016683959756313067,0.0034241195717192195,0.007007623922095695,0.9673542866385084,0.7801200522060238,4.5600000000000005,0.0810530904626166,0.0432283149133955,0.2,2.083333333333333,0.3797668651711147
204,"Thomsen and Wallace 1994, B2",Test,Flexure,0.001340098804550682,0.001422623785332807,0.01465792961449976,0.027377707360835557,0.862896900774675,0.722125816112879,3.916666666666666,0.1332287428190277,0.0671671944119901,0.1001534110715436,1.3229166666666663,0.3246555136821424
167,"Saatcioglu and Grira 1999, BG-3",Test,Flexure,0.0008829721643208865,0.0009726371490042969,0.00972616327981791,0.02971076913719791,1.0332104080471998,1.0204884532103549,4.7,0.2613471694280612,0.1340209366007515,0.1995198079231692,1.3333333333333333,0.2656232507328804
006,"Ang et al. 1981, No. 4",Test,Flexure,0.0007776165957795039,0.0008913683875020161,0.004347889712044486,0.003548062476496041,1.0017455815419911,0.9857808743437261,4.0,0.2575603321119055,0.0977384381116824,0.21,1.5,0.3870776191097969
021,"Tanaka and Park 1990, No. 4",Test,Flexure,0.0008969995894946955,0.0010939750405301611,0.005251719859334106,0.0127931703459207,1.0154482026688727,0.998049833718796,4.0,0.2908427573831176,0.137920212638798,0.199951171875,1.1111111111111112,0.3201972645977145
125,"Galeota et al. 1996, BB",Test,Flexure,0.0005245220274333201,0.0009411711160217602,0.0018467298032072087,0.01872676951965506,0.9992134948515625,0.9983532062979485,4.5600000000000005,0.3242123618504666,0.0432283149133955,0.2,2.083333333333333,0.7609223826520778
155,"Sugano 1996, UC20L",Test,Flexure,0.0008554186214892697,0.004385352571101496,0.014441229067908276,0.051683495993007915,0.9517082483543327,0.263260613862583,2.0,0.0620035612233917,0.1971910684634253,0.3496965892446118,0.9114583333333331,0.2932052623748773
397,"Soderstrom 2001,C3",Test,Flexure,0.0010968356321154477,0.0020689073505146334,0.005613563101322792,0.0298226488539029,0.8603093610488521,1.2051007880661853,4.698090692124105,0.1540837093423177,0.0440149831610284,0.0,0.8912280701754386,0.2172556643312284
314,"BRI No. 2 (Japan), spbaa1",Test,Flexure,0.0017094079171864737,0.0018183441960774361,0.07452791144403859,0.01813164267145928,1.063773383245933,1.0715961453472118,6.0,0.375175965665236,0.0668390691089069,0.1049193101240992,0.8641975308641974,0.2993806458761555
404,"Kowalsky and Moyer, 2001, 2",Test,Flexure,0.0008652568725071564,0.000924409864501809,0.020917512604288625,0.006269688727753573,0.8605229697576438,0.9884911684850664,5.333333333333333,0.358330731385667,0.0540565044171587,0.0430849462315006,1.336842105263158,0.3701579875120211
386,"Saatcioglu and Baingo 1999, RC8",Test,Flexure,0.00164217204792311,0.0018562917211454892,0.012961311062817291,0.053093998129668515,0.9822113938934297,0.9011975822562077,6.58,0.1525532444444444,0.0785398163397448,0.2093771695786712,1.1111111111111112,0.1734527065755909
243,"Bechtoula, Kono, Arai and Watanabe, 2002, D1N30",Test,Flexure,0.0012997860943830177,0.0011267345366212898,0.013143105476299833,0.006729926666621682,1.0175570674033305,1.1270327741312172,2.5,0.2982027419539741,0.0648371249783425,0.3,1.6666666666666667,0.7993310527353875
067,"Sakai et al. 1990, B2",Test,Flexure,0.0015082966951724562,0.0013610088848566787,0.013217350701548978,0.012741004699153891,0.9464913133898443,0.8308782490177296,2.0,0.092643441806449,0.0610952943185552,0.3499095477386935,1.3333333333333333,0.6677504471434148
224,"Paultre et al., 2001, No. 1008040",Test,Flexure,0.0010945138982416996,0.0013392395933392468,0.015882573029360195,0.009543873866928426,1.028316149354585,1.0623685585270732,6.557377049180328,0.1099300820546503,0.1106425276160432,0.3713941879904531,1.1799410029498525,0.1906018747522021
266,"Potangaroa et al. 1979, No. 5B",Test,Flexure,0.0015615529981014749,0.002163105536179356,0.006524603664811614,0.018435612409535625,0.9868685081073045,0.8612823826293247,2.0,0.2418215384615384,0.1049833852724085,0.3683688768314979,0.5729166666666666,0.4843648142788091
051,"Kanda et al. 1988, 85PDC-1",Test,Flexure,0.0006476255539058484,0.0007181883403313683,0.006102578781827876,0.010045472176357009,0.9064704422542704,0.942906142999195,3.0,0.2445272221709214,0.0539543202829421,0.1187096774193548,1.5151515151515151,0.597758465289246
352,"Kunnath et al. 1997, A8",Test,Flexure,0.0009199389138380238,0.0009829921409649387,0.01272259573593119,0.005228670372338807,1.0219344077473012,0.9499518839189207,4.498360655737705,0.2782729531138365,0.0573855178626642,0.0926380853990227,0.7916666666666666,0.3608154540952911
032,"Ohno and Nishioka 1984, L3",Test,Flexure,0.0012377140682884708,0.0014876461623217064,0.055875630499487516,0.08257001857580731,1.001154073997188,0.8960578175748359,4.0,0.20693024755868,0.0416846908295117,0.0320060483870967,1.851851851851852,0.4528985576643131
163,"Bayrak and Sheikh 1996, AS-7HT",Test,Flexure,0.0012092767003993856,0.0015856019476352037,0.0013265714302966459,0.0030288036050541327,0.9551440289414829,0.8075715570432873,6.039344262295082,0.1143154929601453,0.0631970938082168,0.4500160720025715,1.3864306784660765,0.3246690681481317
102,"Azizinamini et al. 1988, NC-2",Test,Flexure,0.001132209934824945,0.0012166203859356364,0.03769279240998517,0.039099938700309124,0.9713249226445955,0.9719187035311223,3.00218818380744,0.2168137751045223,0.1067390101346243,0.2059025637147512,1.3385826771653546,0.418819547804882
009,"Soesianawati et al. 1986, No. 3",Test,Flexure,0.0011517468748088427,0.0011215930287897145,0.006974598612816376,0.006332734984413867,0.9520853103990283,0.8741933396283552,4.0,0.1528527625637506,0.0349859181877045,0.3,2.1666666666666665,0.6354563073516205
010,"Soesianawati et al. 1986, No. 4",Test,Flexure,0.0010835064151074715,0.0012263748874119457,0.005088227680432802,0.002936653682170843,0.9853289296593847,0.9509246464701281,4.0,0.1681380388201257,0.0191754126063525,0.3,2.611111111111111,0.8301052803842227
184,"Matamoros et al. 1999,C5-20S",Test,Flexure,0.0008331714205855963,0.0011247049293927227,0.013588462687504348,0.01504697099506172,0.9569547139568019,0.933890309489696,3.004926108374384,0.2342701713145108,0.0763754601914743,0.1431876803128545,1.3543859649122807,0.5263526554590484
079,"Wight and Sozen 1973, No. 40.033(West)",Train,Flexure-Shear,0.00061322490227329,0.0008081823231365601,0.0066588725362881455,0.005955209727460782,0.950749737431164,1.063721914015542,2.8721311475409834,0.3611237456995292,0.0331614479151539,0.1142713340728871,3.35978835978836,1.0992997381814311
332,"Arakawa et al. 1988, No. 15",Train,Flexure-Shear,0.0017381132325228134,0.0013894562015703603,0.020582585915147028,0.009883737105959705,0.8984498279587679,1.0936717735625967,1.090909090909091,0.4749988646265149,0.069075672336845,0.2312963870772824,0.9722222222222222,1.6251997920090395
270,"Ang et al. 1985, No. 4",Train,Shear,0.0011266263958836272,0.002072042023459737,0.012863120701980152,0.030845656607579604,1.0095190898349502,1.0946263305471007,2.5,0.3875555555555555,0.0214675497995302,0.0,1.6666666666666667,1.2634613495159657
033,"Ohue et al. 1985, 2D16RS",Train,Flexure-Shear,0.0011795559576920172,0.002080904419069043,0.011529799449871226,0.03668954782471822,0.8771516626873539,1.1029283332381263,2.0,0.2318495378349267,0.0469226315244763,0.14296875,1.5151515151515151,0.8042647315190902
098,"Umehara and Jirsa 1982, CUS",Train,Shear,0.0009478199802250727,0.0016152081825923977,0.0028318939138226706,0.012999752068431965,0.5737469661072246,1.3200785829445731,1.1097560975609757,0.3799255956604908,0.0327702269651039,0.1622572597969657,2.4722222222222223,2.402882295656469
344,"Arakawa et al. 1988, No. 27",Train,Shear,0.0014124594984750104,0.0022918933932279772,0.02402086998491309,0.024120538421871382,1.0312557870207262,1.0026179601801208,2.181818181818182,0.4772038834951457,0.0338060879369521,0.2342905150653379,2.083333333333333,1.183978597722823
199,"Aboutaha et al. 1999, SC3",Train,Shear,0.001373312172228218,0.0014906007649955282,0.010054560405026303,0.01188062375833231,0.9680423269204046,0.7524411067928075,2.6666666666666665,0.3723000177534428,0.0174193945518567,0.0,7.129824561403509,1.3707361135766254
213,Sezen and Moehle No. 2,Train,Flexure-Shear,0.001485519197002885,0.0014176118839150647,0.0029367856266753053,0.0014646566372343496,1.1334477741300648,1.000227615773751,3.2222222222222223,0.5097281045486892,0.0390138960079417,0.6051369542327173,5.347368421052632,1.0245732611885647
302,"Petrovsky and Ristic 1984, M2E2",Train,Flexure-Shear,0.0019518937094383452,0.0019822442874296996,0.03830894821831998,0.012575237036829431,0.916958316846813,0.9646973881972671,2.931596091205212,0.1225698854787875,0.0164187289019237,0.0545640905957311,2.083333333333333,0.5053963870467643
271,"Ang et al. 1985, No. 5",Train,Flexure-Shear,0.0013508761349174383,0.0012038017253268025,0.06901933702498347,0.009173617282111631,0.749447938665641,1.036635659767759,2.0,0.4559477124183006,0.0245777203043764,0.0,2.75,1.4809772199367044
364,"Vu et al. 1998, NH5",Train,Flexure-Shear,0.001868502760632525,0.0017611463754035063,0.036864330440879764,0.027398446655973373,0.9570027931530293,0.9265257793787671,1.9912472647702408,0.6936803965681287,0.1529045388628064,0.1480568822484718,0.5905511811023623,0.715319910010955
277,"Ang et al. 1985, No. 11",Train,Flexure-Shear,0.0013610749936482222,0.0022954142342948665,0.028882733420728626,0.03841093855096955,1.0176807828075425,1.3734382488006824,2.0,0.4594871794871795,0.0501446519707601,0.1999639028590479,1.6666666666666667,1.0172615127664126
047,"Zhou et al. 1987, No. 322-07",Train,Flexure-Shear,0.0015957607625772506,0.0016353700450246421,0.005494362424113346,0.0015734428141198189,0.9523613453777268,0.9953376862803783,3.0,0.2622702346798754,0.2024641587121839,0.7012261284722222,1.3333333333333333,0.3130620037292028
099,"Umehara and Jirsa 1982, CUW",Train,Shear,0.0010135676618916356,0.0013489287682891512,0.00567789585403439,0.0177054794028322,0.8017155765280476,0.8968280047558423,1.9782608695652173,0.3799255956604908,0.0183832980535948,0.1622572597969657,2.4722222222222223,1.5826548577122976
288,"Ang et al. 1985, No. 22",Train,Shear,0.0009373921097748911,0.0018441321799049322,0.0046334510248013895,0.01676954525004463,1.0492409424387457,0.9532127954338971,2.0,0.4202409638554216,0.0173520949654225,0.0,2.2222222222222223,1.6081340139644962
076,"Wight and Sozen 1973, No. 40.048(East)",Train,Flexure-Shear,0.0011641860802771944,0.001510066705275012,0.008122904300892565,0.01883194765987809,0.8498693256227786,0.9518729139668827,2.8721311475409834,0.4648949369924974,0.060918046641502,0.1471079243237167,2.354497354497355,0.9492901343385364
137,"Lynn et al. 1998, 3CLH18",Train,Shear,0.0007653475036025852,0.0010480085079048853,0.0040672659864851085,0.005159736186094264,0.9470702380452392,1.0393915272418484,3.2222222222222223,0.374022198485223,0.0100821642494967,0.0894547201917387,8.021052631578947,1.5239557303264712
272,"Ang et al. 1985, No. 6",Train,Shear,0.001294328888716558,0.0014967299504890692,0.022292101345300568,0.02409146538596827,1.1085465115279067,0.9430675681754873,2.0,0.4486173633440514,0.0372748453110814,0.0,1.1111111111111112,1.1927604459132382
341,"Arakawa et al. 1988, No. 24",Train,Shear,0.0010508893894263518,0.001373920887949484,0.005223499062240008,0.008995149645356287,1.02318524736474,0.8287281312931247,1.6363636363636362,0.3494218009478672,0.0247537468543085,0.0857769776720253,2.083333333333333,1.456288135210695
415,"McDaniel, 1997, S1-2",Train,Shear,0.0012332704442344368,0.0010405382255451862,0.0026482452255531773,0.0006639214867273979,1.025751956083827,1.0159948839168078,2.0,0.2072878831160347,0.0040868349843407,0.0021615325863471,3.455782312925169,1.0469424466175177
028,"Nagasaka 1982, HPRC10-63",Train,Shear,0.0013069491586760905,0.0020836487781373744,0.013011091059324003,0.006483126348096009,0.87734553532292,0.8852432721723944,1.5,0.2175792531772819,0.1081065249776963,0.1701388888888889,1.0606060606060606,0.6475409208315503
412,"Hamilton, 2002, UCI5",Train,Flexure-Shear,0.0010060377999066546,0.0013965406511237657,0.03471106702803703,0.040294475579820827,0.9409713383978064,0.8422393366395188,2.578248031496063,0.1806499909942363,0.0091000357269011,0.0,6.348148148148148,0.796306419319672
149,"Xiao and Martirossyan 1998, HC4-8L16-T6-0.1P",Train,Flexure-Shear,0.0009504060867694832,0.0014331865251764392,0.014324015871847152,0.02374359337043488,0.9720152609667547,0.9491407302233749,2.0,0.1460085905369636,0.0388969081265255,0.0962443785352687,1.3281249999999998,0.741460410374528
065,"Ono et al. 1989, CA060C",Train,Flexure-Shear,0.0012407715442606815,0.001302859200814465,0.0068948488735643635,0.0035710571912968957,0.9843059910241689,0.9054676054035349,1.5,0.2975403315468571,0.1333872229663706,0.6162790697674418,1.9444444444444444,0.7587374521546973
284,"Ang et al. 1985, No. 18",Train,Shear,0.0013309724346232852,0.0018020520595213145,0.024919746598721232,0.08674486882789931,0.9923081783398023,1.2746744310774496,2.5,0.4067638483965015,0.0223941517143645,0.0999938490854328,1.6666666666666667,1.2243661511164816
327,"Arakawa et al. 1987, No. 10",Train,Flexure-Shear,0.001254717916788848,0.0016104933917227224,0.022185327899180936,0.014911003120897898,0.9792514824375462,1.0467741269346758,1.090909090909091,0.6499438016528926,0.0496212452754188,0.118681588778999,1.3888888888888888,2.498800695654154
345,"Arakawa et al. 1988, No. 28",Train,Shear,0.0012165849632910374,0.0016140027321545662,0.016745275673873877,0.011296739200909027,0.8257724507270098,0.7558899147042663,1.6363636363636362,0.7801904761904763,0.0552702707540645,0.3830463976465049,2.083333333333333,1.5197989599411117
318,"BRI No. 3 (Japan), ws26bs",Train,Flexure-Shear,0.001400905685075486,0.0020820356742069206,0.07198327824948747,0.024035230194908407,0.9368114488073146,0.8591757180630109,1.0,0.2976013524528301,0.1365690530654446,0.1237684931033124,0.8614232209737827,0.7645032811211774
101,"Bett et al. 1985 , No. 1-1",Train,Shear,0.0006475685075150313,0.0008735781612345602,0.0013146006152862761,0.0008531042550674905,0.9460662468884187,1.1087728089307896,1.498360655737705,0.3767542662236212,0.0122245363569698,0.1035432090665022,5.833333333333333,2.2133958786422734
045,"Zhou et al. 1987, No. 302-07",Train,Flexure-Shear,0.0010236167602907676,0.0014004940474498957,0.0026921128792419336,0.0042798287946027615,0.9257125151453564,1.0350519461951864,3.0,0.2622702346798754,0.1190965639483435,0.7012261284722222,1.3333333333333333,0.4437507760041941
082,"Wight and Sozen 1973, No. 40.067(East)",Train,Flexure-Shear,0.000864363544349781,0.001007318638641067,0.005628116673712451,0.021612915683308625,0.885596289629012,1.1070502600532166,2.8721311475409834,0.3632861633384486,0.0661987886150566,0.1149555935583535,1.6931216931216932,0.7628170111050468
083,"Wight and Sozen 1973, No. 40.067(West)",Train,Flexure-Shear,0.000993260430175262,0.0010211800215150857,0.014003737185672698,0.0037087599221332043,0.915555289037485,0.9604411699965774,2.8721311475409834,0.3632861633384486,0.0661987886150566,0.1149555935583535,1.6931216931216932,0.7628170111050468
212,Sezen and Moehle No. 1,Train,Flexure-Shear,0.001335773739019345,0.0013789009662600372,0.013627421751531775,0.0017568200681659736,0.6797588888655192,1.102255778071077,3.2222222222222223,0.5097281045486892,0.0390138960079417,0.1512275565654636,5.347368421052632,1.1648670009183122
077,"Wight and Sozen 1973, No. 40.048(West)",Train,Flexure-Shear,0.0011329147330861767,0.0014147897608210716,0.011609880875702578,0.010498178630735561,0.9501033853916668,0.7876274551734509,2.8721311475409834,0.4648949369924974,0.060918046641502,0.1471079243237167,2.354497354497355,0.9492901343385364
100,"Umehara and Jirsa 1982, 2CUS",Train,Shear,0.0009752872707349942,0.0010205120910816137,0.004097164081301875,0.0005847966297029554,0.8990072486432161,1.0829166268832564,1.1097560975609757,0.3157000782988364,0.054460996242006,0.2696561127101954,2.4722222222222223,1.817652418872768
285,"Ang et al. 1985, No. 19",Train,Shear,0.001634615839451926,0.0010306435018852338,0.029052937341018173,0.012219417315274376,1.1513144742645478,0.7032040051447347,1.5,0.3986285714285714,0.0219462686800772,0.100040249943477,1.6666666666666667,1.761817228178305
301,"Petrovsky and Ristic 1984, M2E1",Train,Flexure-Shear,0.00178635848945623,0.0037321260061648535,0.04070147317156418,0.1671903167389086,0.8725919894785616,0.29446083764418296,6.221498371335505,0.1215541129471953,0.0162826620878193,0.0947891248821173,2.083333333333333,0.3157237110615077
140,"Lynn et al. 1998, 3CMH18",Train,Shear,0.0009701377741137357,0.001561389995566331,0.004035780777531696,0.0040444894618793205,1.1194654015485273,1.0103190585358792,3.2222222222222223,0.3645361282337861,0.0098264571851978,0.262077818841628,8.021052631578947,1.425095045132254
144,"Lynn et al. 1996, 3SMD12",Train,Flexure-Shear,0.0012080180282295948,0.0014141072663408011,0.0020501521869391824,0.003818769720467734,0.8840562602443247,1.037350407362941,3.2222222222222223,0.3945567505589216,0.0271210218311461,0.2836606980403503,5.347368421052632,1.145922848537989
150,"Xiao and Martirossyan 1998, HC4-8L16-T6-0.2P",Train,Flexure-Shear,0.0008960901067532427,0.002024981383547006,0.015158709208205539,0.009163061104768201,0.9803406931550759,0.8138661036983877,2.0,0.1460085905369636,0.0388969081265255,0.1924887570705374,1.3281249999999998,0.8374140074196855
046,"Zhou et al. 1987, No. 312-07",Train,Flexure-Shear,0.0013121074975345432,0.0015628622945198865,0.001258066909653337,0.0021158054040962184,0.9074162094639358,1.0044716883066962,3.0,0.2622702346798754,0.1190965639483435,0.7012261284722222,1.3333333333333333,0.4437507760041941
363,"Vu et al. 1998, NH4",Train,Flexure-Shear,0.0010348406538278902,0.001204750097335007,0.011266037981924257,0.020492835795624637,0.7657687074919424,0.9358130963265374,1.9912472647702408,0.2626828632145348,0.0564512835917607,0.1500905091769369,1.0526315789473684,0.666840692454253
139,"Lynn et al. 1998, 2CMH18",Train,Flexure-Shear,0.0008830362190398391,0.001224622628485093,0.0008775432190113413,0.0018565661975159984,1.0845064752806035,0.9635301151573072,3.2222222222222223,0.251722868152559,0.0106356948357435,0.2836606980403503,8.021052631578947,1.10201696523192
291,"Ang et al. 1985, No. 25",Train,Shear,0.0012228431574866003,0.0014851248089217176,0.028197449950898366,0.013441142635490696,0.9983017255902885,1.2784803382620131,2.0,0.4215105740181268,0.0334349671317232,0.0,1.8333333333333333,1.20504572268205
322,"Arakawa et al. 1987, No. 3",Train,Shear,0.0013052067625937273,0.0010281996426993293,0.008224135945196963,0.0019279250599479555,0.8384433783790904,1.0579834123392988,1.090909090909091,0.5074219953177447,0.051653514706494,0.0,1.3888888888888888,2.021548408455218
029,"Nagasaka 1982, HPRC19-32",Train,Flexure-Shear,0.0009413603186848433,0.003535406154808483,0.004808761981833212,0.047478728866705316,0.8542564988291307,0.2235600547814333,1.5,0.2237958032680615,0.1945917449598534,0.35,0.6060606060606061,0.5190835774856802
081,"Wight and Sozen 1973, No. 25.033(West)",Train,Flexure-Shear,0.0012064978639846839,0.0007581460240668353,0.03781050046066235,0.04073970970651304,1.0156096787958808,0.8975684294390467,2.8721311475409834,0.3611237456995292,0.0331614479151539,0.0712590903488228,3.35978835978836,1.0930896313803085
331,"Arakawa et al. 1987, No. 14",Train,Shear,0.0014074991954943978,0.001653839079223184,0.026657684737333254,0.011265639426566183,0.9259694941814494,0.9928101803931025,1.090909090909091,0.4874578512396694,0.0496212452754188,0.2373631775579981,1.3888888888888888,1.9414643374532217
330,"Arakawa et al. 1987, No. 13",Train,Shear,0.0012527098499126139,0.0015983454132402093,0.02053561248706754,0.020493505187542876,0.8385586479490101,0.68135898036082,1.090909090909091,0.5348008799571913,0.0272202874262639,0.2604164358100339,2.7777777777777777,2.531022062264917
276,"Ang et al. 1985, No. 10",Train,Flexure-Shear,0.0010815490507649216,0.0018664350762992706,0.055239975636992775,0.01006644108438472,1.0662474387316536,0.7918712318023405,2.5,0.4794648829431438,0.0586290535352208,0.1998751877291194,0.8333333333333334,0.8566921589593827
335,"Arakawa et al. 1988, No. 18",Train,Shear,0.0019085976403723525,0.002255563992009344,0.007370706665927655,0.0031387140133823078,1.115479219942159,1.037821688113492,1.090909090909091,0.4711054313099041,0.0333740612540517,0.1156481935386412,2.083333333333333,2.3032579711370857
078,"Wight and Sozen 1973, No. 40.033(East)",Train,Flexure-Shear,0.0009378871271548079,0.0008986578747352458,0.005075922419978499,0.017445928349880832,0.8425689700540785,0.9884541651741285,2.8721311475409834,0.3611237456995292,0.0331614479151539,0.1142713340728871,3.35978835978836,1.0992997381814311
325,"Arakawa et al. 1987, No. 8",Train,Shear,0.0014476076117986572,0.001836184924095744,0.029545146788380817,0.008525138844860544,0.9653200617351226,0.9445730475254802,1.090909090909091,0.5198414147835635,0.0529177615699397,0.1265660299915899,1.3888888888888888,1.977865540249164
289,"Ang et al. 1985, No. 23",Train,Flexure-Shear,0.0013171144380859934,0.0012172775021611413,0.043942386912168827,0.017482136383062882,0.8666448939505984,1.0934881351353032,2.0,0.4515210355987055,0.0179077251142401,0.0,3.6666666666666665,1.669565854845116
278,"Ang et al. 1985, No. 12",Train,Flexure-Shear,0.001699106324151119,0.0018223088233842058,0.1533172670507735,0.0045414459810614064,0.9431833472610693,0.8721441645718812,2.0,0.4794648829431438,0.0293145267676104,0.1998751877291194,1.6666666666666667,1.2932679600492083
269,"Ang et al. 1985, No. 3",Train,Flexure-Shear,0.0015298541420315265,0.0023280707889353942,0.04510828156357917,0.0381842562869947,0.905313747150401,1.0782720861992747,2.0,0.2546236559139784,0.0207750481930937,0.0,1.6666666666666667,0.9398806781058712
064,"Ono et al. 1989, CA025C",Train,Flexure-Shear,0.0010922198855930444,0.002126897593676484,0.007937768832846227,0.010803070584281456,0.8497051527170506,0.7466951858569237,1.5,0.2975403315468571,0.1333872229663706,0.2567829457364341,1.9444444444444444,0.7526079372813009
320,"Arakawa et al. 1987, No. 1",Train,Shear,0.0015911936841796273,0.0018366384677592517,0.018013209745409653,0.023286679344967844,0.8077230940150473,1.1263197607400466,2.0,0.3532939746835443,0.1254352589562816,0.2075863966606189,0.7865168539325842,0.4980034092301829
334,"Arakawa et al. 1988, No. 17",Train,Shear,0.0015198414154781183,0.0018259542528255778,0.012333252955696122,0.012270745883406875,0.9150491023405887,0.9502081275050462,1.6363636363636362,0.4711054313099041,0.0715158455443966,0.0,0.9722222222222222,1.0220362608387008
142,"Lynn et al. 1996, 3SLH18",Train,Shear,0.0006930707448422013,0.0009401138156929083,0.013077852061796374,0.008345867536358369,1.0525817964085107,1.0569494210176704,3.2222222222222223,0.374022198485223,0.0100821642494967,0.0894547201917387,8.021052631578947,1.5239557303264712
141,"Lynn et al. 1998, 3CMD12",Train,Shear,0.0011603650187612857,0.001455125677650921,0.0014608237642484718,0.01228871339958684,1.001508747530055,0.9547675970344005,3.2222222222222223,0.3645361282337861,0.0250574658222545,0.262077818841628,5.347368421052632,1.1392106467999783
143,"Lynn et al. 1996, 2SLH18",Train,Flexure-Shear,0.000936884848077977,0.0012661521282665853,0.019565968793754388,0.023490737809441293,1.0276361264280642,0.9403155161959991,3.2222222222222223,0.1939254724438144,0.0081936621846362,0.0726988511528028,8.021052631578947,1.0083254760037947
286,"Ang et al. 1985, No. 20",Train,Shear,0.0013983929086897778,0.0014768135902804155,0.024974496393586475,0.008968158806442774,1.1901497352997437,0.9999856057167924,1.5,0.4055813953488372,0.0167467893270938,0.0999344991507249,2.2222222222222223,1.9320912066252085
279,"Ang et al. 1985, No. 13",Test,Flexure-Shear,0.001085064647824927,0.0017352245829187188,0.014261298940437567,0.06275755818776,1.0368855905786862,1.0070582078917225,1.5,0.4878321678321678,0.0540441813135027,0.0998892037936895,0.8333333333333334,1.3516951257321212
329,"Arakawa et al. 1987, No. 12",Test,Shear,0.0014468173698277138,0.0017234887145031286,0.013990303121154483,0.01661450689330409,1.1091114669245554,0.47920514475271203,1.090909090909091,0.5180301206553979,0.0,0.2522500667428203,2.0,3.5851316547384924
034,"Ohue et al. 1985, 4D13RS",Test,Flexure-Shear,0.001016279087212538,0.002055378981319883,0.0077359259016896095,0.022031851227886694,0.7896782903690753,0.8038707691410599,2.0,0.3285013187775414,0.0502182009626502,0.153010033444816,1.5151515151515151,0.9850778241218324
336,"Arakawa et al. 1988, No. 19",Test,Shear,0.0010697840942628064,0.0015681355049348262,0.014128384588137973,0.00761447208684942,0.9769784277175796,0.8333787610551926,1.6363636363636362,0.4741350482315112,0.0,0.1163919118250633,2.0,2.6253097065065103
273,"Ang et al. 1985, No. 7",Test,Shear,0.0008952483307033493,0.0013241662432117076,0.02840254401253092,0.00804687774142727,1.0719627659405335,0.812964346403197,1.5,0.4635215946843853,0.025675474843292,0.0,1.6666666666666667,1.959991531834249
055,"Arakawa et al. 1989, OA5",Test,Shear,0.000762158378654669,0.0018053832263163101,0.0011334375066075063,0.004911465516000223,0.9807390487662693,0.8148014712386136,1.25,0.3222606488835563,0.0163848243082742,0.4451926674148896,2.6791666666666667,2.070953323625844
044,"Zhou et al. 1987, No. 223-09",Test,Flexure-Shear,0.0015780137453715645,0.004541990235069347,0.01474889748619105,0.09252026956898664,0.6403552506482721,0.3047707188760828,2.0,0.3579802255346166,0.2763491834554928,0.8997334123222749,1.3333333333333333,0.3251456110414734
290,"Ang et al. 1985, No. 24",Test,Flexure-Shear,0.0014984537460917568,0.0012456847213944155,0.05788532391337341,0.05273870940117437,0.9886836405101073,0.8008762141299088,2.0,0.4319504643962848,0.0363277045237086,0.0,2.2222222222222223,1.1747270513412311
416,"McDaniel, 1997, S2",Test,Shear,0.0018064056918004581,0.001151982238237994,0.00360550132208013,0.002579776292848464,0.9849301490957061,0.8361041158024177,2.0,0.2304917506290236,0.0045443165124386,0.0024034951892964,3.455782312925169,1.0965927247136331
357,"Benzoni and Priestley 1994, NR1",Test,Flexure-Shear,0.0013275352865793884,0.003911332982661717,0.02453048318872529,0.07163403296671496,0.939472639970679,0.06976324200788497,4.498360655737705,0.3380501060049569,0.0697127772553846,0.1013856923953268,0.7916666666666666,0.3605814858759095
054,"Arakawa et al. 1989, OA2",Test,Shear,0.0008492019725671066,0.0026550738323969972,0.005385441002514908,0.011060706508142304,0.9951134060216575,0.8215716696587375,1.25,0.3344214280867094,0.0170031195651902,0.1844087273856666,2.6791666666666667,2.2534107849112868
328,"Arakawa et al. 1987, No. 11",Test,Shear,0.0011270207365427633,0.0032140854329492582,0.0037380161805742993,0.004005217882710691,1.112974400995375,1.2183708367600765,1.090909090909091,0.3282000985167752,0.0501141715529892,0.1198605449589228,1.3888888888888888,1.427090433257014
326,"Arakawa et al. 1987, No. 9",Test,Shear,0.0017566982713195115,0.0014551750426599452,0.03756119026765918,0.016798237229440897,0.9096400369584815,0.9412317655972094,1.090909090909091,0.4734861293888509,0.0688556861192118,0.115279887189792,0.9722222222222222,1.606665214450584
274,"Ang et al. 1985, No. 8",Test,Flexure-Shear,0.0009988284391494167,0.002216292997802605,0.045746857318072605,0.04063544734627233,1.0888967100065434,0.5877006780465928,2.0,0.4859661016949153,0.0222840089072428,0.0,2.2222222222222223,1.62810669260053
315,"BRI No. 3 (Japan), ws21bs",Test,Flexure-Shear,0.0010578707273285325,0.005440683802906017,0.08212607590067444,0.2401295527802815,1.027786973617017,0.37262461622521176,1.5,0.0888074626415094,0.1333436553996239,0.1414497064037856,0.9363295880149812,0.2674987814728254
280,"Ang et al. 1985, No. 14",Test,Flexure-Shear,0.0014610469611885748,0.0026208433053661485,0.025129370009776972,0.018846761291711138,0.9338552332106311,0.6863450598807821,2.0,0.3854143646408839,0.0424375361216963,0.1000214076060944,0.8333333333333334,0.985548691488518
283,"Ang et al. 1985, No. 17",Test,Flexure-Shear,0.001514923172473464,0.0013082399345080013,0.08448237238810487,0.016750394711647514,1.0148999202167401,0.8968458922970821,2.0,0.4177245508982036,0.0229975869402007,0.100067479189515,1.6666666666666667,1.336156006400793
080,"Wight and Sozen 1973, No. 25.033(East)",Test,Shear,0.0009756388508261961,0.0011207469937422013,0.00903452422231804,0.0084072855777452,0.9887587746840963,1.1437600666230572,2.8721311475409834,0.3611237456995292,0.0331614479151539,0.0712590903488228,3.35978835978836,1.0930896313803085
282,"Ang et al. 1985, No. 16",Test,Shear,0.0011014662055687154,0.001980476217356196,0.01693735199086713,0.03823108797672389,0.940156035603692,1.034520293447048,2.0,0.240551724137931,0.0220723966609972,0.0,1.6666666666666667,0.8489598591578973
281,"Ang et al. 1985, No. 15",Test,Flexure-Shear,0.0011296828797813258,0.0017132763719195272,0.017495324835364673,0.028776374329480124,1.0256797244937137,0.7230382238326303,2.0,0.4076439169139465,0.0227928606469645,0.0,1.6666666666666667,1.406018893088108
340,"Arakawa et al. 1988, No. 23",Test,Flexure-Shear,0.0011479184302081405,0.0012370486547616548,0.021965047374491543,0.0068331501265080875,0.9343938846646984,0.9141513954357061,1.6363636363636362,0.7192975609756097,0.050956493524479,0.1765750467199741,2.083333333333333,1.6296744412718855
