ground_motion,scale_factor,0,1,2,3,4,5,6,7,8,9,10,11,12,13,14,15,16,17,18,19,20,21,22,23,24,25,26,27,28,29,30,31,32,33,34,35,36,37,38,39,40,41,42,43,44,45,46,47,48,49,50,51,52,53,54,55,56,57,58,59,60,61,62,63,64
gm0,sf_0.5,0.0437349,0.0891162,0.146098,0.186078,0.18745,0.162118,0.147437,0.159927,0.174412,0.169134,0.160605,0.163015,0.228618,0.166455,0.133695,0.102213,0.0932039,0.119947,0.141572,0.166332,0.185394,0.169412,0.153974,0.150188,0.16721,0.191014,0.256326,0.255262,0.260285,0.253941,0.203509,0.157722,0.130156,0.146818,0.147136,0.156186,0.165018,0.187777,0.189737,0.177025,0.156793,0.150634,0.125753,0.126117,0.131571,0.148992,0.180255,0.182716,0.200943,0.204424,0.168476,0.145722,0.118378,0.13293,0.177683,0.230457,0.236748,0.254979,0.315785,0.364905,0.322237,0.266876,0.206461,0.173146,0.0742834
gm0,sf_1.0,0.0814447,0.117047,0.207424,0.288833,0.313718,0.288882,0.297182,0.307359,0.313822,0.286026,0.261392,0.292103,0.407794,0.294348,0.232755,0.177944,0.162953,0.207752,0.245811,0.284861,0.308114,0.277493,0.26297,0.259771,0.288885,0.327993,0.370762,0.349246,0.319593,0.320159,0.27123,0.223747,0.205761,0.230187,0.244233,0.267579,0.289581,0.331095,0.326966,0.303066,0.303591,0.327381,0.316018,0.281819,0.259215,0.269814,0.365198,0.374787,0.372568,0.343019,0.260446,0.25669,0.240133,0.290311,0.359765,0.537539,0.63562,0.707228,0.773836,0.778353,0.653013,0.542064,0.424579,0.357616,0.147257
gm0,sf_2.0,0.274788,0.600781,0.699395,0.766391,0.764948,0.728779,0.67083,0.64011,0.621541,0.546064,0.52709,0.527286,0.673157,0.479167,0.379135,0.309493,0.318548,0.398182,0.47723,0.600897,0.700569,0.704542,0.663807,0.636404,0.713252,0.82348,1.0206,1.04159,1.03917,1.00475,0.908537,0.794414,0.700082,0.650411,0.543745,0.602713,0.63739,0.694516,0.602629,0.550611,0.531252,0.584079,0.634314,0.632163,0.647539,0.715969,0.858954,0.893598,0.945195,0.95504,0.85332,0.786663,0.690107,0.72879,0.886781,1.0664,1.27172,1.48204,1.65044,1.71775,1.36597,1.0589,0.746052,0.563229,0.21291
gm0,sf_3.0,0.640003,1.28551,1.412,1.48339,1.46088,1.42727,1.2922,1.21215,1.16404,1.02018,0.902875,0.830923,1.05243,0.755767,0.624992,0.551877,0.527207,0.636977,0.69475,0.736895,0.778039,0.793465,0.792882,0.824242,0.997154,1.19231,1.53485,1.61183,1.65023,1.6326,1.53333,1.3781,1.2446,1.18189,1.01093,0.982341,0.937452,0.96672,0.951584,0.972154,0.966172,1.04241,1.10245,1.09229,1.11709,1.23395,1.52628,1.61582,1.62078,1.5266,1.47697,1.49478,1.45505,1.58604,1.76159,1.93679,1.96534,1.90703,1.92154,1.98623,1.69985,1.42205,1.12348,0.951193,0.435486
gm1,sf_0.5,0.045772,0.104273,0.150987,0.182484,0.179795,0.155587,0.151031,0.16665,0.185144,0.176054,0.162159,0.162985,0.225092,0.166445,0.134655,0.103754,0.0972216,0.118553,0.128202,0.134632,0.144229,0.129426,0.117426,0.112974,0.121461,0.130975,0.141314,0.129159,0.116965,0.109454,0.0973326,0.0879406,0.0960352,0.115001,0.121151,0.12991,0.136546,0.153726,0.154002,0.145592,0.131824,0.129903,0.109798,0.0938298,0.085616,0.0906492,0.109914,0.111555,0.110583,0.112085,0.116329,0.119884,0.119322,0.128185,0.140399,0.155614,0.181399,0.224451,0.257279,0.271563,0.210929,0.166181,0.135017,0.1261,0.0745213
gm1,sf_1.0,0.0714466,0.141913,0.202776,0.244656,0.250125,0.22772,0.201605,0.216166,0.229538,0.222738,0.216687,0.223289,0.307735,0.22441,0.202366,0.184489,0.202069,0.252287,0.285047,0.311986,0.334586,0.290887,0.258254,0.234866,0.231062,0.225821,0.223076,0.205692,0.184595,0.174382,0.164492,0.159602,0.180374,0.218082,0.236168,0.258809,0.275877,0.309437,0.307417,0.287208,0.253341,0.23997,0.192347,0.166147,0.183132,0.218868,0.279516,0.280265,0.284119,0.278119,0.281973,0.288202,0.283199,0.299958,0.372782,0.551456,0.640642,0.704945,0.728287,0.703342,0.513464,0.402724,0.299809,0.274457,0.151734
gm1,sf_2.0,0.218523,0.45617,0.51591,0.566764,0.581377,0.533461,0.444138,0.433391,0.447558,0.426028,0.4201,0.440909,0.585375,0.479807,0.454864,0.416873,0.410529,0.461635,0.485761,0.514694,0.549558,0.493439,0.462416,0.457782,0.566223,0.676049,0.886151,0.939219,0.968119,0.950609,0.849226,0.740089,0.658672,0.633301,0.552352,0.54412,0.536716,0.571993,0.559845,0.531391,0.485508,0.501813,0.509463,0.503486,0.519977,0.62615,0.873502,0.920657,0.916209,0.877107,0.771137,0.735289,0.740305,0.861613,1.02996,1.36361,1.55023,1.8162,2.08203,2.21896,1.88037,1.54991,1.19693,0.990328,0.409297
gm1,sf_3.0,0.476245,0.872775,0.948008,1.00912,0.995142,0.928357,0.806282,0.801944,0.807425,0.771941,0.768355,0.768326,0.981118,0.78711,0.740738,0.68114,0.650691,0.712793,0.742326,0.782705,0.844707,0.829792,0.78772,0.832239,1.00382,1.15197,1.38308,1.40916,1.43338,1.41041,1.31581,1.18791,1.08597,1.05804,0.958971,0.973571,0.969727,1.03269,1.0042,0.968703,0.903588,0.924669,0.96994,0.965712,0.994374,1.09829,1.28147,1.28778,1.26519,1.27094,1.30025,1.35227,1.38585,1.56503,1.99797,2.86311,3.33033,3.68215,3.84712,3.81775,3.0254,2.42679,1.83001,1.48245,0.59492
gm2,sf_0.5,0.0363898,0.0555117,0.0718036,0.0907246,0.0922028,0.0815078,0.0760002,0.0842991,0.0915759,0.0879265,0.0827424,0.0933611,0.137414,0.101139,0.0768056,0.0562893,0.0416171,0.0476985,0.0551784,0.0644771,0.0719794,0.0718077,0.0745699,0.0937116,0.128744,0.16158,0.205721,0.193917,0.17331,0.150157,0.118245,0.100856,0.0914081,0.0926654,0.0889724,0.0942133,0.0998813,0.113828,0.113566,0.105377,0.0926304,0.0880986,0.0853649,0.0823802,0.0865784,0.105184,0.157577,0.160826,0.148057,0.131216,0.11194,0.107662,0.103532,0.111581,0.125747,0.150725,0.160046,0.162126,0.155404,0.153731,0.137063,0.123211,0.102111,0.0905354,0.0440396
gm2,sf_1.0,0.0670871,0.125044,0.175934,0.226315,0.230784,0.210047,0.202573,0.230548,0.250963,0.230294,0.201985,0.218146,0.29032,0.207533,0.152839,0.115617,0.0897989,0.107651,0.119988,0.13127,0.13789,0.134175,0.139591,0.155152,0.1881,0.223929,0.326222,0.328794,0.308482,0.26853,0.204139,0.169443,0.151008,0.164442,0.172629,0.187569,0.205828,0.249439,0.251447,0.225384,0.184091,0.172251,0.153262,0.137092,0.136617,0.169306,0.267963,0.293134,0.286265,0.249915,0.199702,0.187598,0.172096,0.173165,0.194329,0.211625,0.284915,0.367735,0.427433,0.444417,0.315494,0.228658,0.176684,0.150165,0.0701429
gm2,sf_2.0,0.175992,0.337674,0.452038,0.528777,0.532047,0.494622,0.446105,0.434009,0.433491,0.393648,0.378703,0.372821,0.489454,0.355737,0.308236,0.260889,0.215574,0.236245,0.273727,0.337828,0.381804,0.36289,0.369908,0.407445,0.470356,0.494414,0.592916,0.601829,0.579211,0.529109,0.461337,0.390207,0.336058,0.318292,0.288608,0.315076,0.348819,0.409522,0.390247,0.346574,0.30068,0.297788,0.279909,0.272398,0.282963,0.351115,0.523511,0.531386,0.51679,0.508597,0.429354,0.427641,0.44182,0.482425,0.502501,0.615289,0.712862,0.753393,0.905048,0.987653,0.764631,0.635147,0.493743,0.411189,0.163743
gm2,sf_3.0,0.28552,0.637373,0.804245,0.915199,0.920463,0.878389,0.824299,0.808823,0.814095,0.751193,0.700535,0.603346,0.725868,0.5094,0.43327,0.366934,0.314874,0.389541,0.433873,0.471402,0.494859,0.424646,0.40574,0.425278,0.539753,0.652597,0.821656,0.867086,0.907012,0.897151,0.782373,0.643403,0.5268,0.502658,0.525156,0.58152,0.615232,0.67251,0.604227,0.543116,0.483062,0.47281,0.485515,0.472444,0.485085,0.55451,0.737801,0.768077,0.765545,0.733565,0.644243,0.660335,0.657599,0.695467,0.723433,0.736216,0.814178,0.970569,1.12445,1.22639,1.0076,0.780322,0.57421,0.48566,0.220545
gm3,sf_0.5,0.173968,0.299987,0.386226,0.489799,0.512704,0.499493,0.463981,0.48508,0.500063,0.44849,0.412875,0.450287,0.609791,0.44187,0.352743,0.277508,0.266766,0.325343,0.377824,0.448836,0.515359,0.496603,0.460053,0.455834,0.523358,0.615371,0.771205,0.80933,0.822125,0.792967,0.660494,0.542654,0.449323,0.410202,0.397092,0.421584,0.440747,0.489097,0.480398,0.450145,0.401655,0.409101,0.404363,0.413108,0.479258,0.592277,0.800511,0.806181,0.841617,0.845648,0.733589,0.670874,0.600504,0.5983,0.605332,0.666832,0.723124,0.780736,0.857514,0.890933,0.763092,0.642017,0.485947,0.39989,0.176357
gm3,sf_1.0,0.473263,0.923565,1.08046,1.18029,1.17145,1.15763,1.15235,1.08673,1.00473,0.901875,0.85024,0.865658,1.14187,0.874106,0.79193,0.712796,0.684704,0.762027,0.799327,0.844308,0.907019,0.853336,0.81761,0.829083,0.916121,0.983566,1.18781,1.29436,1.34176,1.30729,1.19684,1.05096,0.926746,0.937374,0.891792,0.915402,0.922715,0.997937,1.00028,0.987762,0.94048,0.970626,0.949844,0.906106,0.899953,0.976734,1.15758,1.16363,1.14412,1.10706,1.03325,1.03378,1.02248,1.11424,1.23958,1.44528,1.63077,1.84502,2.01524,2.05656,1.64339,1.29289,0.949798,0.781737,0.30992
gm3,sf_2.0,0.957751,1.85034,2.00587,2.05589,1.94549,1.83526,1.82051,1.83123,1.89874,1.8103,1.79012,1.81689,2.3641,1.87972,1.76072,1.66227,1.65896,1.85522,1.94991,2.07837,2.24295,2.13666,2.05539,2.05653,2.21913,2.31448,2.44657,2.35045,2.27278,2.21059,2.16988,2.06874,2.0278,2.14662,2.06427,2.12841,2.13942,2.30139,2.28054,2.24385,2.12293,2.18018,2.12921,2.04175,2.0367,2.21705,2.63391,2.66855,2.64086,2.56209,2.38893,2.36173,2.28282,2.42137,2.63507,3.10524,3.57875,4.1076,4.43085,4.3993,3.32207,2.6823,2.11581,1.7916,0.768566
gm3,sf_3.0,1.58568,3.17515,3.37897,3.44261,3.28717,3.17181,3.09333,3.03626,3.12,2.98292,2.99436,3.05277,3.87976,3.07501,2.87813,2.72152,2.65516,2.90183,3.01782,3.20643,3.45518,3.28604,3.17415,3.19825,3.46584,3.63647,3.9452,3.86361,3.7887,3.7136,3.64564,3.46721,3.37606,3.53443,3.3665,3.45598,3.46381,3.71226,3.68531,3.62959,3.43853,3.52452,3.43895,3.29704,3.28592,3.56821,4.25644,4.32553,4.25812,4.05729,3.61209,3.45118,3.2102,3.27172,3.82846,4.53672,4.8972,5.67807,6.09587,5.94995,4.36066,3.46278,2.7393,2.35709,1.12199
gm4,sf_0.5,0.0536031,0.0764658,0.119062,0.149931,0.155587,0.136399,0.130516,0.144383,0.156369,0.147676,0.134905,0.140331,0.194125,0.139621,0.110847,0.0807916,0.0706384,0.0886302,0.100098,0.110635,0.121168,0.109789,0.0998996,0.0996173,0.123454,0.147374,0.177328,0.16495,0.158815,0.147074,0.116566,0.0955769,0.0964176,0.108663,0.112327,0.12166,0.130171,0.14886,0.148847,0.140144,0.126453,0.125797,0.112675,0.100115,0.0962142,0.118391,0.171309,0.177353,0.168323,0.145735,0.112987,0.104575,0.0962957,0.112827,0.136878,0.167338,0.204531,0.23497,0.253728,0.260281,0.200054,0.155758,0.121456,0.109359,0.0568975
gm4,sf_1.0,0.106826,0.131661,0.198388,0.244744,0.256889,0.243189,0.239054,0.25809,0.272808,0.25393,0.235158,0.237887,0.3224,0.237,0.190932,0.146001,0.145021,0.191852,0.230629,0.277709,0.314908,0.301819,0.271301,0.26844,0.324827,0.369939,0.380712,0.369572,0.351602,0.322725,0.247832,0.187855,0.184419,0.212911,0.228137,0.251601,0.276915,0.316832,0.309347,0.280626,0.2443,0.230729,0.182952,0.156492,0.173078,0.209095,0.29428,0.310743,0.307285,0.282396,0.283641,0.271793,0.243355,0.22764,0.21817,0.277108,0.345764,0.405917,0.438599,0.47577,0.435392,0.375454,0.301561,0.256481,0.110003
gm4,sf_2.0,0.247813,0.36229,0.446163,0.533898,0.566555,0.5565,0.532053,0.526836,0.531938,0.480997,0.429173,0.416418,0.548735,0.415838,0.354997,0.30326,0.311607,0.382387,0.436649,0.500993,0.554386,0.51054,0.472733,0.586075,0.778224,0.938088,1.14978,1.12013,1.05007,0.941941,0.765108,0.628856,0.538583,0.515421,0.455453,0.456518,0.454008,0.487635,0.470529,0.450814,0.419341,0.430393,0.437201,0.444857,0.496549,0.609812,0.836882,0.860598,0.822256,0.72684,0.597453,0.563381,0.564366,0.606807,0.646279,0.705438,0.831976,0.933546,0.96067,0.904667,0.815292,0.70139,0.56206,0.485913,0.220153
gm4,sf_3.0,0.497568,0.902675,1.00162,1.04989,1.01325,0.947057,0.845382,0.811866,0.824207,0.768669,0.722313,0.657333,0.859595,0.642102,0.544666,0.467128,0.454559,0.545951,0.620165,0.717667,0.800101,0.753192,0.716885,0.699983,0.753572,0.906308,1.14194,1.16879,1.17401,1.15487,1.08517,0.975999,0.900627,0.912204,0.835661,0.840967,0.836433,0.887578,0.824115,0.768457,0.689782,0.679679,0.632411,0.602016,0.633327,0.755721,0.977079,0.997352,0.969824,0.928949,0.876578,0.890062,0.889256,0.965567,1.06014,1.17806,1.24625,1.27273,1.35559,1.50786,1.35366,1.15033,0.923014,0.795795,0.393243
gm5,sf_0.5,0.086285,0.139815,0.189957,0.228076,0.21776,0.200621,0.181518,0.199759,0.215516,0.202048,0.184213,0.179435,0.247529,0.183222,0.158595,0.126515,0.121016,0.145303,0.165995,0.190125,0.215567,0.217778,0.198967,0.18633,0.205917,0.246243,0.295328,0.268857,0.280978,0.275655,0.234117,0.194327,0.169389,0.172212,0.162041,0.171683,0.183479,0.210425,0.214144,0.203716,0.188268,0.192224,0.190671,0.18533,0.204984,0.254222,0.366666,0.413857,0.428876,0.397089,0.316619,0.270871,0.225079,0.213088,0.200301,0.279432,0.347081,0.404866,0.444107,0.45212,0.333232,0.251667,0.21938,0.210135,0.108607
gm5,sf_1.0,0.185262,0.390507,0.495657,0.580375,0.601869,0.587234,0.579309,0.596816,0.587119,0.504426,0.469202,0.509626,0.670407,0.483554,0.38687,0.309486,0.304557,0.369829,0.413987,0.470399,0.525082,0.522793,0.509843,0.526186,0.659881,0.796452,0.954089,1.00936,1.03284,1.0033,0.874177,0.72688,0.589334,0.505433,0.478315,0.517695,0.54643,0.604475,0.568715,0.515907,0.440597,0.417893,0.373541,0.359935,0.38381,0.461948,0.697048,0.755645,0.795933,0.828518,0.789476,0.738574,0.631311,0.588188,0.590521,0.625406,0.724227,0.814736,0.880215,0.908899,0.781258,0.65636,0.523073,0.448901,0.199343
gm5,sf_2.0,0.398891,0.872744,1.00994,1.06614,1.03682,1.03136,1.11599,1.11179,1.08012,0.935817,0.874561,0.840747,1.16441,0.938537,0.889892,0.823903,0.788086,0.901681,0.980824,1.0471,1.09415,0.936424,0.905015,0.913684,1.12905,1.30277,1.4992,1.46751,1.42165,1.36863,1.28199,1.16166,1.07251,1.0634,0.949657,0.953578,0.945528,1.0121,0.999379,0.978546,0.929045,0.961009,0.995001,0.978519,1.01636,1.13865,1.38939,1.37392,1.30193,1.17581,0.899662,0.751057,0.721099,0.840286,0.985722,1.17621,1.2669,1.34312,1.50763,1.66214,1.66035,1.43176,1.13277,0.950833,0.391974
gm5,sf_3.0,0.576848,1.22726,1.40962,1.48369,1.43352,1.43482,1.62028,1.64147,1.62936,1.44048,1.34051,1.31835,1.71674,1.34237,1.21312,1.09539,1.10066,1.26206,1.34908,1.45167,1.544,1.36795,1.32998,1.42396,1.63324,1.7834,1.93369,1.84397,1.75161,1.66666,1.57261,1.44825,1.36862,1.40048,1.32201,1.36112,1.38016,1.49481,1.4816,1.44225,1.35379,1.3898,1.38811,1.38229,1.46087,1.62156,1.77921,1.63645,1.52491,1.42166,1.33021,1.39377,1.48181,1.72586,1.98755,2.28939,2.33587,2.27542,2.40911,2.48572,2.04504,1.66877,1.25473,1.07126,0.597249
gm6,sf_0.5,0.0537205,0.077524,0.0935248,0.109855,0.112604,0.103582,0.0991322,0.114566,0.124176,0.113766,0.0990594,0.096394,0.137107,0.100881,0.0869296,0.0710436,0.0587577,0.0796605,0.0901727,0.0962817,0.106887,0.107535,0.106277,0.112184,0.130761,0.145881,0.168841,0.163986,0.151071,0.131932,0.1108,0.0964967,0.0883868,0.0899802,0.0852531,0.0896746,0.0938273,0.105615,0.103634,0.0978991,0.0898689,0.091744,0.0879924,0.0846705,0.0885198,0.106505,0.145567,0.157473,0.168683,0.173998,0.156125,0.139018,0.113878,0.0972071,0.079135,0.124864,0.155434,0.187143,0.215021,0.221537,0.183471,0.156912,0.11937,0.104162,0.0613618
gm6,sf_1.0,0.0957349,0.166928,0.236869,0.282226,0.280687,0.268687,0.338093,0.376977,0.38991,0.335728,0.274294,0.214483,0.287273,0.207399,0.171414,0.136158,0.117337,0.150464,0.171966,0.194988,0.225154,0.247455,0.235057,0.233261,0.259044,0.314739,0.429411,0.447048,0.442899,0.410923,0.328948,0.259033,0.205216,0.193298,0.195508,0.218238,0.236133,0.268521,0.260931,0.240816,0.215743,0.225743,0.22031,0.222939,0.249968,0.304418,0.410264,0.419861,0.406388,0.368251,0.312317,0.291079,0.27785,0.293835,0.296332,0.207894,0.256315,0.344898,0.412169,0.429944,0.294981,0.225929,0.188424,0.193008,0.12275
gm6,sf_2.0,0.28665,0.354306,0.467192,0.5279,0.522846,0.514708,0.551353,0.616498,0.637464,0.559298,0.469132,0.397858,0.512027,0.393955,0.356459,0.320009,0.319048,0.365336,0.380429,0.437186,0.490666,0.514118,0.525809,0.556521,0.626796,0.671253,0.836327,0.907505,0.926019,0.880808,0.735325,0.610849,0.514448,0.46568,0.478201,0.522238,0.548207,0.601776,0.550131,0.495856,0.423459,0.408669,0.425217,0.396809,0.392758,0.457843,0.627159,0.63117,0.600004,0.593858,0.568095,0.594586,0.582099,0.601933,0.646088,0.768496,0.81426,0.823323,0.794819,0.802853,0.78292,0.675527,0.539567,0.477284,0.275224
gm6,sf_3.0,0.468007,0.567455,0.723117,0.806181,0.802204,0.82177,0.850908,0.8787,0.855795,0.722985,0.641939,0.667556,0.899485,0.674443,0.587743,0.509282,0.498972,0.579416,0.603906,0.623203,0.648641,0.591746,0.572704,0.60253,0.711755,0.819881,1.00595,0.991375,0.994106,0.969592,0.818993,0.675621,0.628237,0.641703,0.58751,0.590457,0.589222,0.63821,0.644138,0.622798,0.575094,0.570783,0.648465,0.645781,0.6547,0.706139,0.822828,0.865498,0.872217,0.863245,0.770215,0.748536,0.698174,0.703675,0.758206,0.835784,0.98612,1.13779,1.25463,1.35949,1.04957,0.843248,0.658287,0.566209,0.289082
gm7,sf_0.5,0.168581,0.467161,0.61626,0.744832,0.800257,0.797683,0.761098,0.740078,0.735808,0.663477,0.596312,0.474167,0.627724,0.469032,0.396112,0.329412,0.292549,0.334157,0.360212,0.41966,0.476929,0.501381,0.499406,0.533797,0.634197,0.726207,1.01318,1.12122,1.19035,1.18999,1.0697,0.915378,0.777573,0.69175,0.548655,0.558352,0.570637,0.624465,0.619349,0.596295,0.554301,0.561305,0.542409,0.551404,0.588414,0.680589,0.874671,0.934819,0.973859,0.954967,0.88812,0.845358,0.761311,0.716521,0.659532,0.797688,0.920599,1.00129,1.00301,0.919374,0.72047,0.606686,0.472934,0.395977,0.188399
gm7,sf_1.0,0.543454,1.07394,1.23355,1.35013,1.33546,1.34663,1.34508,1.32578,1.33621,1.24883,1.2127,1.19927,1.55491,1.19088,1.06743,0.951941,0.91927,1.03484,1.08559,1.14143,1.25052,1.26434,1.24449,1.30079,1.49079,1.6477,1.88039,1.83722,1.79374,1.78577,1.63689,1.44825,1.35592,1.40196,1.34162,1.38509,1.39679,1.50069,1.45023,1.39013,1.27834,1.28726,1.25303,1.20252,1.20982,1.33658,1.69051,1.72006,1.64791,1.5387,1.37016,1.31114,1.22256,1.32923,1.47341,1.64736,1.95939,2.31272,2.63621,2.76803,2.24868,1.84768,1.42017,1.16314,0.47861
gm7,sf_2.0,1.52487,2.54171,2.79667,2.93929,2.8645,2.80795,2.71594,2.62595,2.65025,2.52276,2.53503,2.55761,3.25045,2.50992,2.30576,2.14411,2.04624,2.22702,2.29301,2.43095,2.63421,2.53905,2.48425,2.54693,2.78727,2.95255,3.26169,3.20812,3.1303,3.02427,2.88646,2.70672,2.60507,2.70263,2.57295,2.63784,2.65088,2.85369,2.87876,2.84896,2.71294,2.79247,2.73561,2.63948,2.65135,2.90014,3.46876,3.55235,3.53663,3.43253,3.18537,3.18282,3.13799,3.39116,3.74862,4.43965,5.08123,5.72931,6.16982,6.22422,4.99174,4.01387,3.04087,2.49782,1.1233
gm7,sf_3.0,2.66182,5.00171,5.21834,5.43541,5.63375,5.86766,5.47951,5.05497,4.96137,4.77869,4.83777,4.4569,5.26344,4.04626,3.76965,3.61652,3.41072,3.58054,3.65804,3.94213,4.29013,4.17126,4.10098,4.1841,4.53354,4.7674,5.26468,5.22478,5.1204,4.99937,4.78912,4.51903,4.34648,4.46695,4.51248,4.76731,4.84095,5.10552,4.75037,4.64501,4.36559,4.49944,4.581,4.55618,4.6841,5.15179,6.06158,6.21565,6.22402,6.22239,6.53377,6.98353,7.26792,8.03101,8.86203,10.1544,10.9873,11.5892,11.7894,11.448,9.01272,7.24046,5.45948,4.42246,1.80149
gm8,sf_0.5,0.0414134,0.124748,0.200893,0.258294,0.278657,0.272357,0.294338,0.323456,0.343181,0.312047,0.273421,0.25536,0.347842,0.250981,0.202508,0.160824,0.153853,0.20604,0.240568,0.267852,0.285469,0.224619,0.188761,0.191468,0.211344,0.234267,0.331617,0.328388,0.343897,0.346638,0.309174,0.259163,0.217335,0.196593,0.215011,0.257486,0.297966,0.355131,0.364215,0.336706,0.290053,0.26601,0.244473,0.244113,0.248932,0.270842,0.352995,0.391886,0.40886,0.401004,0.34634,0.311675,0.267305,0.263207,0.266004,0.267266,0.311311,0.385938,0.436309,0.485796,0.39685,0.302716,0.216073,0.196122,0.0975963
gm8,sf_1.0,0.146087,0.395887,0.513809,0.604535,0.634387,0.643593,0.629904,0.61621,0.598413,0.528493,0.468819,0.446359,0.661825,0.532005,0.473747,0.40453,0.360442,0.422551,0.467687,0.527117,0.579536,0.528307,0.533784,0.546518,0.60946,0.660057,0.814792,0.840976,0.846124,0.816447,0.711234,0.600333,0.509111,0.462454,0.394548,0.429839,0.472413,0.53491,0.49929,0.469604,0.473566,0.53449,0.630631,0.648981,0.682188,0.759069,0.864055,0.798723,0.709314,0.639667,0.575411,0.554746,0.530273,0.55804,0.592095,0.610827,0.653412,0.710726,0.737006,0.706081,0.664231,0.560399,0.434994,0.363864,0.176072
gm8,sf_2.0,0.375248,0.86008,1.04815,1.21086,1.2569,1.23017,1.12431,1.06075,1.04328,0.996259,0.960157,0.898391,1.15704,0.875494,0.778473,0.701249,0.69945,0.827281,0.910596,1.01072,1.10985,1.06683,0.993587,0.954414,1.00077,1.10567,1.39626,1.48094,1.55667,1.58407,1.49494,1.33228,1.19556,1.15486,1.01886,1.01714,1.00143,1.05495,0.980797,0.925238,0.849964,0.867534,0.896509,0.912961,0.973,1.11212,1.3537,1.30005,1.1735,1.02447,1.01658,1.0565,1.05694,1.29038,1.51702,1.89448,2.17304,2.39292,2.48587,2.41598,1.93107,1.64216,1.31869,1.12865,0.489239
gm8,sf_3.0,0.565717,1.28689,1.42907,1.49968,1.57628,1.58576,1.53156,1.48983,1.49549,1.40492,1.38248,1.36839,1.7299,1.25814,1.05837,1.01734,1.07513,1.25532,1.35688,1.44485,1.55611,1.51131,1.43353,1.41373,1.5209,1.60563,1.75884,1.73528,1.72344,1.68559,1.55589,1.38705,1.26024,1.25877,1.22779,1.31319,1.3702,1.50841,1.48262,1.4381,1.34825,1.38892,1.46368,1.43591,1.50208,1.67978,1.96385,1.84189,1.6217,1.36033,1.35249,1.41849,1.44202,1.55943,1.64801,2.29964,2.74844,3.12138,3.3154,3.27842,2.61976,2.27738,1.87186,1.63546,0.729723
gm9,sf_0.5,0.104076,0.293136,0.397224,0.470078,0.479992,0.454362,0.441019,0.454922,0.46772,0.422401,0.38034,0.355631,0.467166,0.348043,0.283769,0.223972,0.18981,0.215283,0.230076,0.25179,0.296028,0.337495,0.353183,0.391063,0.469602,0.540275,0.732996,0.786274,0.793297,0.744915,0.597266,0.466107,0.385186,0.376755,0.358831,0.383191,0.399738,0.439468,0.413985,0.375097,0.339818,0.350044,0.358008,0.372824,0.421915,0.523637,0.749047,0.799954,0.798588,0.742406,0.562494,0.448353,0.406338,0.436238,0.506449,0.574411,0.626739,0.696359,0.762916,0.843449,0.730823,0.608656,0.47667,0.404143,0.185681
gm9,sf_1.0,0.377103,1.01921,1.22294,1.36092,1.37352,1.33802,1.28648,1.27516,1.30389,1.22041,1.17413,1.11576,1.42576,1.07232,0.924036,0.790206,0.713637,0.7878,0.829744,0.898115,0.98076,0.976257,0.969329,1.02762,1.19241,1.34414,1.59472,1.59336,1.55681,1.47355,1.30874,1.16285,1.06609,1.0742,1.00999,1.04224,1.05813,1.14598,1.11125,1.06113,0.974503,0.975279,0.938918,0.924926,0.971592,1.11777,1.43185,1.4458,1.35309,1.15185,0.899212,0.957752,0.942787,0.950419,0.986805,1.01508,1.35416,1.66289,1.85194,1.91913,1.42979,1.14579,0.863509,0.694942,0.262243
gm9,sf_2.0,0.75929,1.70027,2.01945,2.2649,2.33843,2.34809,2.23472,2.16007,2.19224,2.12023,2.15568,2.24097,2.88804,2.21102,1.99788,1.81196,1.74241,1.92992,2.00909,2.11387,2.23994,2.01087,1.85025,1.80727,1.95803,2.13367,2.49613,2.54231,2.55675,2.45157,2.16759,1.8808,1.64275,1.57381,1.53241,1.61828,1.6699,1.8223,1.76417,1.67505,1.51758,1.49483,1.50017,1.54307,1.62629,1.80177,1.99457,2.00522,1.99998,2.20879,2.37822,2.42621,2.30072,2.26088,2.18228,2.51585,2.77404,2.94204,2.94985,2.76003,2.14323,1.71898,1.32455,1.17363,0.644945
gm9,sf_3.0,1.1701,2.16981,2.37899,2.49571,2.60319,2.6465,2.7062,2.62809,2.63836,2.48737,2.5538,2.82348,3.6063,2.79451,2.5931,2.42919,2.41291,2.67217,2.7769,2.91723,3.06676,2.63173,2.33412,2.16777,2.36742,2.55374,2.99923,3.15189,3.23551,3.19085,2.95914,2.64789,2.39813,2.49764,2.40528,2.44268,2.38028,2.44198,2.28618,2.21412,2.06246,2.09313,2.17759,2.23289,2.30273,2.47369,2.78017,2.81655,2.97224,3.22803,3.34268,3.37064,3.20423,3.19672,3.24052,3.85545,4.11624,4.20439,4.04917,3.67384,3.04735,2.57488,2.13033,1.91632,0.965146
