Run #, RV_column1, RV_column2, RV_column3, RV_column4, RV_column5, RV_column6, eta1, kappa_k, kappa, sig, lam, mup, sigp, rsmax, n, alpha, alpha1, alpha2, betam1, gamma, eta1.median, kappa_k.median, kappa.median, sig.median, lam.median, mup.median, sigp.median, rsmax.median, n.median, alpha.median, alpha1.median, alpha2.median, betam1.median, gamma.median, eta1.q5, kappa_k.q5, kappa.q5, sig.q5, lam.q5, mup.q5, sigp.q5, rsmax.q5, n.q5, alpha.q5, alpha1.q5, alpha2.q5, betam1.q5, gamma.q5, eta1.q95, kappa_k.q95, kappa.q95, sig.q95, lam.q95, mup.q95, sigp.q95, rsmax.q95, n.q95, alpha.q95, alpha1.q95, alpha2.q95, betam1.q95, gamma.q95, eta1.var, kappa_k.var, kappa.var, sig.var, lam.var, mup.var, sigp.var, rsmax.var, n.var, alpha.var, alpha1.var, alpha2.var, betam1.var, gamma.var, eta1.q5_w_mnoise, kappa_k.q5_w_mnoise, kappa.q5_w_mnoise, sig.q5_w_mnoise, lam.q5_w_mnoise, mup.q5_w_mnoise, sigp.q5_w_mnoise, rsmax.q5_w_mnoise, n.q5_w_mnoise, alpha.q5_w_mnoise, alpha1.q5_w_mnoise, alpha2.q5_w_mnoise, betam1.q5_w_mnoise, gamma.q5_w_mnoise, eta1.q95_w_mnoise, kappa_k.q95_w_mnoise, kappa.q95_w_mnoise, sig.q95_w_mnoise, lam.q95_w_mnoise, mup.q95_w_mnoise, sigp.q95_w_mnoise, rsmax.q95_w_mnoise, n.q95_w_mnoise, alpha.q95_w_mnoise, alpha1.q95_w_mnoise, alpha2.q95_w_mnoise, betam1.q95_w_mnoise, gamma.q95_w_mnoise, eta1.var_w_mnoise, kappa_k.var_w_mnoise, kappa.var_w_mnoise, sig.var_w_mnoise, lam.var_w_mnoise, mup.var_w_mnoise, sigp.var_w_mnoise, rsmax.var_w_mnoise, n.var_w_mnoise, alpha.var_w_mnoise, alpha1.var_w_mnoise, alpha2.var_w_mnoise, betam1.var_w_mnoise, gamma.var_w_mnoise
1, 0.18182, 0.3043, 0.01083, 0.05829, 0.6, 0.42944, 0.86764, 5.3554, 0.99576, 0.27399, 0.85096, 4.2493, 4.6402, 0.67891, 2.337, 0.00318, 3.7137, 0.07078, 0.00441, 0.85111, 1.2486, 1.3262, 1.0066, 0.3214, 0.63906, 2.3833, 2.3871, 0.71351, 3.3341, 0.014819, 2.9414, 0.60399, 0.0090561, 0.5552, 0.86968, -1.3623, 0.97545, 0.26624, 0.47936, 1.2536, 0.51158, 0.39755, 0.86296, 0.010973, 1.7058, 0.18261, 0.0022796, -0.2002, 1.6275, 4.0146, 1.0378, 0.37657, 0.79877, 3.5131, 4.2626, 1.0295, 5.8053, 0.018664, 4.177, 1.0254, 0.015832, 1.3106, 0.053067, 2.6715, 0.00035955, 0.0011246, 0.0094276, 0.47177, 1.3001, 0.036898, 2.2571, 5.4663e-06, 0.56429, 0.065629, 1.6973e-05, 0.21091, 0.56626, -1.5733, 0.96102, -0.017114, 0.33702, 0.18699, 0.050193, 0.39732, 0.24657, 0.0019587, 0.45184, -0.22312, -0.010318, -0.23154, 1.9309, 4.2257, 1.0523, 0.65992, 0.94111, 4.5797, 4.724, 1.0297, 6.4217, 0.027678, 5.431, 1.4311, 0.02843, 1.3419, 0.17208, 3.1073, 0.00076918, 0.042356, 0.03372, 1.783, 2.0185, 0.036952, 3.5235, 6.1124e-05, 2.2908, 0.25285, 0.00013873, 0.22878
2, 0.5, 0.29161, 0.01923, 0.57173, 1.2, 0.53949, 1.1216, 1.4112, 0.95396, 0.493, 0.17025, 0.12367, 0.96745, 0.87296, 1.8696, 0.00207, 8.6309, 0.78397, 0.00229, 1.6231, 1.2486, 1.5125, 1.0066, 0.55112, 0.36818, 2.47, 2.3878, 0.69651, 3.3341, 0.010497, 7.9334, 0.78316, 0.012422, 0.556, 0.86968, -1.3989, 0.97545, 0.31617, 0.13169, 1.2553, 0.51169, 0.38073, 0.86296, 0.0033023, 6.635, 0.28755, 0.0035029, -0.19939, 1.6275, 4.4239, 1.0378, 0.78607, 0.60467, 3.6846, 4.2638, 1.0123, 5.8053, 0.017692, 9.2317, 1.2788, 0.021342, 1.3114, 0.053067, 3.133, 0.00035955, 0.020404, 0.020672, 0.54534, 1.3009, 0.036858, 2.2571, 1.9133e-05, 0.62304, 0.090788, 2.9405e-05, 0.21091, 0.56626, -1.5948, 0.96102, 0.14276, 0.019394, 0.22878, 0.050418, 0.3805, 0.24657, -0.0037279, 5.4121, -0.084113, -0.0078008, -0.23074, 1.9309, 4.6198, 1.0523, 0.95948, 0.71697, 4.7112, 4.7251, 1.0125, 6.4217, 0.024722, 10.455, 1.6504, 0.032646, 1.3427, 0.17208, 3.5688, 0.00076918, 0.061635, 0.044964, 1.8565, 2.0192, 0.036912, 3.5235, 7.4791e-05, 2.3496, 0.27801, 0.00015116, 0.22878
3, 0.5, 0.37205, 0.01455, 0, 0.6, 0.72438, 1.0733, 0.51592, 1.045, 0.18482, 0.24935, 3.6367, 3.3688, 0.67157, 5.082, 0.00527, 2.3231, 0.96931, 0.03738, 0.1804, 1.5945, 1.3602, 1.0139, 0.32037, 0.36719, 2.0227, 2.0589, 0.7134, 2.334, 0.0063754, 2.6003, 0.83547, 0.018437, 0.214, 1.3682, -0.20272, 0.98853, 0.25615, 0.22127, 1.4076, 1.4343, 0.39744, 0.82734, 0.0025512, 1.2667, 0.42375, 0.013746, 0.10219, 1.8208, 2.9232, 1.0393, 0.38459, 0.51311, 2.6378, 2.6835, 1.0294, 3.8407, 0.010199, 3.9339, 1.2472, 0.023129, 0.32582, 0.018928, 0.9029, 0.00023823, 0.0015245, 0.0078702, 0.13984, 0.14418, 0.036898, 0.83906, 5.4052e-06, 0.65733, 0.062654, 8.1352e-06, 0.0046213, 0.98355, -0.5429, 0.97205, -0.019741, 0.072204, 0.041339, 0.53128, 0.39721, -0.052699, -0.006478, 0.060712, 0.013247, -0.00030945, -0.032663, 2.2054, 3.2634, 1.0558, 0.66048, 0.66218, 4.0041, 3.5865, 1.0296, 4.7208, 0.019229, 5.1399, 1.6577, 0.037184, 0.46067, 0.13794, 1.3387, 0.00064786, 0.042755, 0.032163, 1.4511, 0.86253, 0.036951, 2.1055, 6.1063e-05, 2.3839, 0.24988, 0.00012989, 0.022488
4, 0.5, 0.25462, 0.01461, 0, 0.6, 0.49298, 1.5338, 0.52829, 0.99104, 0.22865, 0.66558, 3.7057, 1.4084, 0.51435, 5.6139, 0.0247, 4.4639, 0.33828, 0.00715, 0.26729, 1.5214, 1.4089, 0.99884, 0.31878, 0.59613, 2.359, 2.2065, 0.71399, 4.4511, 0.012663, 3.8878, 0.75939, 0.010201, 0.19146, 1.2951, 0.38225, 0.96911, 0.25457, 0.4392, 1.7118, 1.5343, 0.39804, 2.7181, 0.0090185, 2.4146, 0.27556, 0.0040086, 0.080221, 1.7476, 2.4356, 1.0286, 0.38299, 0.75307, 3.0063, 2.8788, 1.0299, 6.1842, 0.016308, 5.3611, 1.2432, 0.016394, 0.3027, 0.018919, 0.3896, 0.00032663, 0.0015239, 0.0091033, 0.15485, 0.16703, 0.036897, 1.1101, 4.9097e-06, 0.80223, 0.086523, 1.4175e-05, 0.0045737, 0.91047, -0.085449, 0.95421, -0.02133, 0.29554, 0.36743, 0.6588, 0.39781, 1.9154, -0.00013796, 1.2722, -0.10121, -0.008976, -0.054943, 2.1323, 2.9033, 1.0435, 0.65889, 0.89672, 4.3506, 3.7542, 1.0302, 6.9868, 0.025464, 6.5035, 1.62, 0.029379, 0.43787, 0.13794, 0.82541, 0.00073626, 0.042755, 0.033396, 1.4661, 0.88538, 0.036951, 2.3765, 6.0568e-05, 2.5288, 0.27375, 0.00013593, 0.022441
5, 0.5, 0.45595, 0.04408, 0, 0.36364, 0.77836, 1.6724, 0.56338, 0.971, 0.6502, 0.32116, 1.1107, 1.0127, 0.98957, 3.7488, 0.02214, 3.863, 1.0829, 0.0208, 0.32168, 1.2168, 0.79452, 1.0066, 0.31754, 0.30203, 2.2491, 2.3876, 0.7222, 3.3341, 0.0066229, 1.7721, 0.88463, 0.027235, 0.31169, 0.96243, 0.32043, 0.97545, 0.24845, 0.14118, 1.6205, 1.7302, 0.45197, 0.86296, 0.0029078, 0.69653, 0.43068, 0.021331, -0.014785, 1.4712, 1.2686, 1.0378, 0.38662, 0.46288, 2.8777, 3.045, 0.99243, 5.8053, 0.010338, 2.8476, 1.3386, 0.033139, 0.63817, 0.023918, 0.083072, 0.00035955, 0.0017639, 0.0095627, 0.14603, 0.15974, 0.02699, 2.2571, 5.1013e-06, 0.42757, 0.076168, 1.2883e-05, 0.039396, 0.59495, -0.39033, 0.96102, -0.023529, -0.00061977, 0.26349, 0.84631, 0.4517, 0.24657, -0.0061985, -0.64205, 0.040466, 0.0081489, -0.081917, 1.8387, 1.9794, 1.0523, 0.6586, 0.60468, 4.2347, 3.929, 0.9927, 6.4217, 0.019444, 4.1862, 1.7288, 0.046321, 0.7053, 0.14293, 0.51888, 0.00076918, 0.042995, 0.033855, 1.4572, 0.87809, 0.027044, 3.5235, 6.076e-05, 2.1541, 0.26339, 0.00013464, 0.057263
6, 0.5, 0.44862, 0.01598, 0, 0.9, 0.63472, 1.1684, 0.73678, 1.0252, 0.087, 0.23723, 3.5094, 4.4004, 0.86413, 3.3147, 0.01091, 2.4331, 0.52226, 0.0152, 0.2577, 1.2786, 0.84913, 1.0066, 0.32465, 0.36227, 2.1868, 2.4404, 0.71254, 3.3341, 0.0092238, 3.2336, 0.76362, 0.010508, 0.556, 0.90386, 0.3065, 0.97545, 0.26069, 0.13496, 1.5599, 0.83981, 0.39666, 0.86296, 0.0052742, 1.9842, 0.26902, 0.0029342, -0.19939, 1.6532, 1.3918, 1.0378, 0.38862, 0.58959, 2.8137, 4.041, 1.0284, 5.8053, 0.013173, 4.483, 1.2582, 0.018081, 1.3114, 0.051891, 0.10883, 0.00035955, 0.0015122, 0.019098, 0.14525, 0.9469, 0.036881, 2.2571, 5.7656e-06, 0.57696, 0.090419, 2.12e-05, 0.21091, 0.59856, -0.36477, 0.96102, -0.015412, 0.019643, 0.20171, 0.3178, 0.39643, 0.24657, -0.0036675, 0.73721, -0.10308, -0.0091591, -0.23074, 1.9586, 2.063, 1.0523, 0.66472, 0.70491, 4.1719, 4.563, 1.0287, 6.4217, 0.022115, 5.7301, 1.6303, 0.030174, 1.3427, 0.17091, 0.54464, 0.00076918, 0.042743, 0.043391, 1.4565, 1.6653, 0.036935, 3.5235, 6.1424e-05, 2.3035, 0.27764, 0.00014296, 0.22878
7, 0.66667, 0.46352, 0.01624, 0, 0.6, 0.86356, 1.7562, 1.5123, 1.0344, 0.25753, 0.36569, 1.6365, 0.77794, 0.7345, 1.3746, 0.0033, 3.6913, 0.26005, 0.01281, 0.14695, 1.2732, 0.6278, 1.0086, 0.31853, 0.32981, 2.2482, 2.421, 0.71229, 3.2847, 0.0044874, 1.9239, 0.90231, 0.026196, 0.21964, 0.89594, 0.092061, 0.97928, 0.25461, 0.16941, 1.3548, 1.2572, 0.39637, 0.82067, 0.00076112, 1.0547, 0.53895, 0.021881, 0.10029, 1.6504, 1.1635, 1.0379, 0.38245, 0.49022, 3.1416, 3.5847, 1.0282, 5.7487, 0.0082138, 2.793, 1.2657, 0.03051, 0.33899, 0.0526, 0.10608, 0.00031778, 0.0015103, 0.0095102, 0.29501, 0.50059, 0.036888, 2.244, 5.1322e-06, 0.27922, 0.048801, 6.8794e-06, 0.005265, 0.59177, -0.58304, 0.96424, -0.021528, 0.027399, 0.16356, 0.60495, 0.39614, 0.20285, -0.0083372, -0.40566, 0.1032, 0.00754, -0.030532, 1.9546, 1.8386, 1.053, 0.65858, 0.63223, 4.3328, 4.237, 1.0284, 6.3665, 0.017312, 4.2534, 1.7014, 0.044851, 0.46981, 0.17162, 0.5419, 0.00072741, 0.042741, 0.033803, 1.6062, 1.2189, 0.036942, 3.5105, 6.079e-05, 2.0058, 0.23602, 0.00012864, 0.023132
8, 0.5, 0.48597, 0.01861, 0, 0.45, 0.85286, 1.5873, 0.56408, 1.0025, 0.03625, 0.14778, 1.9286, 3.3904, 0.9122, 2.0803, 0.00943, 1.5403, 0.35659, 0.02604, 1.1088, 1.4246, 0.76652, 1.0155, 0.32776, 0.36545, 2.1841, 1.8297, 0.76749, 2.7006, 0.0042147, 2.6674, 0.67343, 0.027007, 1.1718, 1.1933, 0.019278, 0.98758, 0.26414, 0.2224, 1.467, 1.2084, 0.46648, 1.1895, 0.0006245, 1.8405, 0.29187, 0.022804, 0.93391, 1.656, 1.5138, 1.0435, 0.39139, 0.50851, 2.9012, 2.451, 1.0685, 4.2117, 0.0078049, 3.4943, 1.055, 0.03121, 1.4097, 0.019779, 0.20638, 0.00028845, 0.0014961, 0.0075641, 0.19007, 0.14268, 0.03349, 0.84398, 4.7642e-06, 0.25273, 0.05381, 6.529e-06, 0.020921, 0.81183, -0.55161, 0.97206, -0.012235, 0.071871, 0.1687, 0.30344, 0.46624, 0.31113, -0.008571, 0.35334, -0.13412, 0.0083767, 0.84787, 2.0374, 2.0847, 1.059, 0.66776, 0.65903, 4.1995, 3.356, 1.0687, 5.0902, 0.017, 4.9815, 1.481, 0.045637, 1.4958, 0.1388, 0.64219, 0.00069808, 0.042727, 0.031857, 1.5013, 0.86103, 0.033544, 2.1104, 6.0422e-05, 1.9793, 0.24103, 0.00012829, 0.038788
9, 0.5, 0.49951, 0.01887, 0.19991, 1.2, 0.64416, 1.6262, 0.82558, 1.038, 0.29623, 0.60116, 4.8625, 2.7486, 0.87965, 1.2194, 0.01173, 3.3402, 0.34823, 0.00217, 0.1874, 1.2477, 1.1834, 1.0096, 0.42902, 0.33841, 3.24, 2.3479, 0.71512, 3.1929, 0.0086716, 1.8844, 0.72018, 0.012177, 0.556, 0.86875, -0.20285, 0.97875, 0.3544, 0.12873, 2.2659, 0.47467, 0.39919, 0.72886, 0.0041283, 0.5984, 0.27308, 0.0043567, -0.19939, 1.6266, 2.5697, 1.0404, 0.50364, 0.54808, 4.2141, 4.2212, 1.0311, 5.657, 0.013215, 3.1704, 1.1673, 0.019997, 1.3114, 0.053066, 0.7103, 0.00035098, 0.0020581, 0.016249, 0.35069, 1.297, 0.036892, 2.2442, 7.6294e-06, 0.61124, 0.073884, 2.2604e-05, 0.21091, 0.56533, -0.57751, 0.9642, 0.086794, 0.0072152, 1.1195, 0.012839, 0.39896, 0.11105, -0.0044137, -0.63057, -0.12032, -0.0075861, -0.23074, 1.93, 2.9443, 1.0549, 0.77125, 0.6696, 5.3604, 4.683, 1.0313, 6.2748, 0.021757, 4.3993, 1.5607, 0.03194, 1.3427, 0.17208, 1.1461, 0.00076061, 0.043289, 0.040542, 1.6619, 2.0153, 0.036946, 3.5106, 6.3288e-05, 2.3378, 0.26111, 0.00014436, 0.22878
10, 0.5, 0.45949, 0.06678, 0.19996, 0.6, 0.68223, 1.4965, 1.6232, 1.019, 0.89529, 0.58508, 4.4348, 1.9964, 0.34846, 2.6811, 0.00736, 0.95184, 0.46402, 0.00415, 0.2104, 1.1169, 1.8877, 1.0089, 0.43259, 0.29626, 3.476, 1.5654, 0.72529, 3.2159, 0.0099025, 1.5713, 0.7988, 0.018581, 0.53675, 0.75824, 0.64092, 0.97781, 0.35463, 0.075437, 2.5427, 0.39379, 0.40991, 0.78904, 0.0043321, -0.74762, 0.31189, 0.013566, -0.21698, 1.4756, 3.1345, 1.04, 0.51055, 0.51709, 4.4093, 2.7371, 1.0407, 5.6427, 0.015473, 3.8903, 1.2857, 0.023597, 1.2905, 0.047547, 0.57457, 0.00035682, 0.0022465, 0.018024, 0.32195, 0.50739, 0.036764, 2.1768, 1.1469e-05, 1.9876, 0.087627, 9.2977e-06, 0.20998, 0.44561, 0.23436, 0.96335, 0.089616, -0.042099, 1.3739, -0.25563, 0.40968, 0.16367, -0.003574, -1.5986, -0.063531, -0.00024882, -0.24839, 1.7882, 3.5411, 1.0544, 0.77556, 0.63463, 5.578, 3.3865, 1.0409, 6.268, 0.023379, 4.7413, 1.6611, 0.037412, 1.3219, 0.16656, 1.0104, 0.00076645, 0.043477, 0.042317, 1.6332, 1.2257, 0.036817, 3.4432, 6.7127e-05, 3.7141, 0.27485, 0.00013106, 0.22785
11, 0.5, 0.47946, 0.01848, 0.19988, 0.6, 0.84849, 0.51056, 1.3585, 0.98773, 0.06362, 0.3949, 3.7882, 1.065, 0.73644, 2.1031, 0.00333, 2.5942, 0.83891, 0.04545, 0.2542, 1.2942, 1.1951, 1.0008, 0.44038, 0.31603, 3.3304, 2.1476, 0.74993, 3.489, 0.005061, 2.6405, 0.69882, 0.023862, 0.53396, 0.93552, 0.36151, 0.97093, 0.36562, 0.13656, 2.4362, 0.97578, 0.44049, 1.068, 0.0012432, 1.7847, 0.32864, 0.019613, -0.21977, 1.6528, 2.0287, 1.0307, 0.51514, 0.4955, 4.2246, 3.3194, 1.0594, 5.91, 0.0088787, 3.4964, 1.069, 0.028111, 1.2877, 0.047546, 0.25683, 0.00032988, 0.0020658, 0.011905, 0.29555, 0.50754, 0.035392, 2.1664, 5.3872e-06, 0.27074, 0.050648, 6.6742e-06, 0.20998, 0.62288, -0.17383, 0.95608, 0.098122, 0.0030891, 1.2454, 0.32642, 0.44026, 0.4414, -0.0077905, 0.31594, -0.10341, 0.0052213, -0.25118, 1.9655, 2.564, 1.0455, 0.78264, 0.62898, 5.4154, 3.9688, 1.0596, 6.5365, 0.017912, 4.9651, 1.501, 0.042503, 1.3191, 0.16656, 0.69264, 0.00073951, 0.043297, 0.036198, 1.6068, 1.2259, 0.035446, 3.4328, 6.1045e-05, 1.9973, 0.23787, 0.00012843, 0.22785
12, 0.66667, 0.48783, 0.01666, 0.09989, 1.2, 0.71362, 1.1314, 0.7006, 1.0091, 0.55145, 0.35062, 1.9095, 1.4998, 0.92914, 3.1134, 0.00176, 1.8267, 0.78587, 0.01462, 0.30033, 1.2484, 2.1681, 1.0069, 0.334, 0.28843, 2.1262, 2.445, 0.76095, 3.3341, 0.0070508, 2.085, 0.75447, 0.01087, 0.30501, 0.86954, 0.23033, 0.97567, 0.27764, 0.1034, 1.2628, 0.87481, 0.45398, 0.86296, 0.0033851, 0.47959, 0.26033, 0.0025442, 0.083337, 1.6274, 4.1058, 1.038, 0.39036, 0.47347, 2.9897, 4.0152, 1.0679, 5.8053, 0.010716, 3.6904, 1.2486, 0.019195, 0.52669, 0.053067, 1.3878, 0.00035951, 0.001174, 0.012654, 0.27557, 0.9113, 0.034829, 2.2571, 4.9666e-06, 0.95263, 0.090249, 2.5619e-05, 0.018163, 0.56612, -0.053181, 0.96124, -0.0047172, -0.027734, 0.054242, 0.34524, 0.45375, 0.24657, -0.0057563, -0.6073, -0.11197, -0.0090987, -0.0072056, 1.9308, 4.3893, 1.0525, 0.67272, 0.6046, 4.1982, 4.5448, 1.0682, 6.4217, 0.019858, 4.7773, 1.6209, 0.030838, 0.61723, 0.17208, 1.8236, 0.00076914, 0.042405, 0.036947, 1.5868, 1.6297, 0.034883, 3.5235, 6.0625e-05, 2.6792, 0.27747, 0.00014738, 0.03603
13, 0.5, 0.38541, 0.01472, 0.10002, 1.2, 0.62094, 0.88048, 0.65808, 1.0342, 0.35575, 0.09645, 0.70103, 2.8982, 0.61207, 1.0056, 0.01423, 3.9882, 0.52462, 0.01202, 0.28256, 1.2849, 1.1015, 1.0099, 0.33837, 0.37505, 2.4348, 1.8264, 0.71336, 3.2059, 0.0094357, 4.6243, 0.67663, 0.010149, 0.32133, 0.91017, 0.22267, 0.97913, 0.28134, 0.18978, 1.5729, 0.33323, 0.39741, 0.74183, 0.0055124, 2.9987, 0.229, 0.0022658, 0.099648, 1.6596, 1.9803, 1.0408, 0.39541, 0.56032, 3.2966, 3.3196, 1.0293, 5.67, 0.013359, 6.2499, 1.1243, 0.018032, 0.543, 0.051895, 0.28546, 0.00035101, 0.0012024, 0.012687, 0.27453, 0.82409, 0.036898, 2.2442, 5.6891e-06, 0.97672, 0.074062, 2.2969e-05, 0.018163, 0.60487, -0.29545, 0.96458, -0.00045591, 0.058743, 0.36348, -0.21641, 0.39717, 0.12402, -0.0034476, 1.9199, -0.16415, -0.0096391, 0.0091052, 1.9649, 2.4984, 1.0553, 0.6772, 0.69135, 4.5061, 3.8692, 1.0295, 6.2878, 0.022319, 7.3287, 1.5174, 0.029937, 0.63355, 0.17091, 0.72128, 0.00076064, 0.042433, 0.036979, 1.5857, 1.5424, 0.036951, 3.5106, 6.1347e-05, 2.7033, 0.26128, 0.00014473, 0.03603
14, 0.5, 0.40764, 0.01526, 0, 0.6, 0.73839, 1.8466, 1.6272, 1.0204, 0.5578, 0.34711, 0.38441, 2.5318, 0.935, 1.6055, 0.00157, 1.8536, 1.2676, 0.01146, 0.12921, 1.4732, 0.68039, 1.0241, 0.30698, 0.32844, 2.3546, 2.241, 0.85527, 4.5348, 0.0063794, 3.3711, 0.71409, 0.020867, 0.22379, 1.2475, 0.045067, 0.99908, 0.24289, 0.18792, 1.7384, 1.6049, 0.6716, 3.0274, 0.0026307, 2.1625, 0.33771, 0.016279, 0.11481, 1.6989, 1.3157, 1.0491, 0.37107, 0.46896, 2.9708, 2.877, 1.0389, 6.0423, 0.010128, 4.5796, 1.0905, 0.025456, 0.33277, 0.018827, 0.14919, 0.00023113, 0.0015181, 0.0072983, 0.14035, 0.14951, 0.012468, 0.83989, 5.1942e-06, 0.53985, 0.052361, 7.7822e-06, 0.0043897, 0.86252, -0.57768, 0.98245, -0.033107, 0.036082, 0.37287, 0.70862, 0.67121, 2.1476, -0.0064517, 0.89484, -0.091019, 0.0021463, -0.021602, 2.0839, 1.9385, 1.0657, 0.64707, 0.62079, 4.3363, 3.7733, 1.0393, 6.922, 0.019211, 5.8473, 1.5192, 0.039588, 0.46918, 0.13784, 0.585, 0.00064076, 0.042749, 0.031591, 1.4516, 0.86786, 0.012522, 2.1063, 6.0852e-05, 2.2664, 0.23958, 0.00012954, 0.022257
15, 0.5, 0.24055, 0.01502, 0, 0.6, 0.44564, 1.8229, 0.86223, 0.96894, 0.44042, 0.70812, 1.9666, 2.0066, 0.86101, 5.2272, 0.00091, 1.2664, 0.38968, 0.00305, 0.27438, 1.4764, 1.3702, 1.0034, 0.31117, 0.63115, 2.5996, 2.0148, 0.71311, 4.6222, 0.015381, 3.9814, 0.50922, 0.0095314, 0.1889, 1.2505, 0.64579, 0.97368, 0.24704, 0.47686, 1.8907, 1.2811, 0.39717, 2.8865, 0.011673, 2.37, 0.089227, 0.0029352, 0.079939, 1.7023, 2.0947, 1.0331, 0.37531, 0.78545, 3.3085, 2.7484, 1.029, 6.3578, 0.01909, 5.5927, 0.92921, 0.016128, 0.29786, 0.018859, 0.19398, 0.00032663, 0.0015202, 0.0087994, 0.18574, 0.19894, 0.036894, 1.1134, 5.0832e-06, 0.95969, 0.065196, 1.6082e-05, 0.0043882, 0.86564, 0.064888, 0.95878, -0.028922, 0.33193, 0.58714, 0.43942, 0.39694, 2.0847, 0.0025616, 1.2855, -0.31718, -0.0097801, -0.056484, 2.0872, 2.6756, 1.048, 0.65127, 0.93037, 4.6121, 3.5901, 1.0293, 7.1597, 0.0282, 6.6772, 1.3356, 0.028843, 0.43428, 0.13788, 0.62979, 0.00073626, 0.042751, 0.033092, 1.497, 0.91729, 0.036948, 2.3799, 6.0741e-05, 2.6862, 0.25242, 0.00013784, 0.022255
16, 0.5, 0.41772, 0.01533, 0.10007, 0.6, 0.81841, 1.5772, 3.2846, 0.97568, 0.48426, 0.61512, 4.3971, 3.9414, 0.77028, 7.7805, 0.00039, 1.8286, 0.67786, 0.00775, 0.16741, 1.2632, 1.2395, 1.0051, 0.33508, 0.26934, 2.6511, 3.4467, 0.6976, 3.2262, 0.0048566, 2.9407, 0.80263, 0.024739, 0.19535, 0.90584, 0.52479, 0.97532, 0.27825, 0.13825, 1.8248, 2.3682, 0.50855, 0.76653, 0.0014471, 1.5709, 0.3599, 0.020522, 0.042699, 1.6206, 1.9542, 1.0348, 0.3919, 0.40043, 3.4774, 4.5251, 0.88665, 5.6859, 0.0082661, 4.3105, 1.2454, 0.028956, 0.348, 0.047204, 0.18881, 0.00032729, 0.0011935, 0.0063513, 0.25235, 0.42988, 0.01321, 2.2362, 4.2967e-06, 0.69349, 0.072447, 6.5734e-06, 0.0086126, 0.5926, -0.060463, 0.96043, -0.0037155, -0.018598, 0.59435, 1.6841, 0.50816, 0.14784, -0.0078796, 0.3819, -0.035552, 0.0061057, -0.072313, 1.9338, 2.5395, 1.0497, 0.67387, 0.55728, 4.7079, 5.2092, 0.88704, 6.3046, 0.017593, 5.4995, 1.6408, 0.043373, 0.46301, 0.16622, 0.62462, 0.00073692, 0.042424, 0.030644, 1.5636, 1.1482, 0.013264, 3.5026, 5.9955e-05, 2.42, 0.25967, 0.00012833, 0.02648
17, 0.4, 0.40676, 0.01512, 0.09999, 0.6, 0.75656, 0.7226, 2.0213, 1.0385, 0.19699, 0.22341, 4.9674, 4.9206, 0.9917, 2.9003, 0.0027, 5.3963, 0.22553, 0.0093, 0.2179, 1.2423, 1.5669, 1.009, 0.34322, 0.37796, 2.5258, 3.7994, 0.88238, 3.3341, 0.0056616, 2.174, 0.96763, 0.021885, 0.17107, 0.86348, 0.89811, 0.97871, 0.28634, 0.22617, 1.554, 2.6777, 0.63698, 0.86296, 0.0020823, 0.78642, 0.5533, 0.01742, 0.01873, 1.6212, 2.2356, 1.0394, 0.40011, 0.52975, 3.4977, 4.9211, 1.1278, 5.8053, 0.0092409, 3.5615, 1.382, 0.02635, 0.32341, 0.053048, 0.1653, 0.00033994, 0.0011962, 0.0085161, 0.34908, 0.46507, 0.022258, 2.2571, 4.7353e-06, 0.71162, 0.063449, 7.3694e-06, 0.0085776, 0.56003, 0.29159, 0.96401, 0.0044194, 0.080021, 0.40641, 2.01, 0.63668, 0.24657, -0.0071211, -0.39439, 0.1441, 0.0031937, -0.096415, 1.9246, 2.8422, 1.0541, 0.68203, 0.67589, 4.6453, 5.5887, 1.1281, 6.4217, 0.018444, 4.7423, 1.7912, 0.040576, 0.43855, 0.17206, 0.60112, 0.00074957, 0.042427, 0.032809, 1.6603, 1.1834, 0.022312, 3.5235, 6.0393e-05, 2.4381, 0.25067, 0.00012913, 0.026445
18, 0.66667, 0.39863, 0.01497, 0.10004, 0.6, 0.88162, 0.76472, 0.64896, 1.0175, 0.22023, 0.28184, 2.7122, 1.6036, 0.39609, 2.5224, 0.00381, 1.0501, 1.2405, 0.03348, 0.14207, 1.2212, 1.3999, 1.0127, 0.34249, 0.39115, 2.4302, 2.7664, 0.68016, 3.2147, 0.0042141, 1.5728, 0.78765, 0.025567, 0.2075, 0.87227, 0.77667, 0.98338, 0.28554, 0.24665, 1.6462, 1.5226, 0.36826, 0.75073, 0.00061948, 0.40878, 0.38324, 0.021129, 0.054952, 1.5701, 2.0231, 1.042, 0.39944, 0.53566, 3.2143, 4.0101, 0.99206, 5.6787, 0.0078088, 2.7368, 1.192, 0.030005, 0.36005, 0.044991, 0.14355, 0.00031788, 0.0011987, 0.0077183, 0.22724, 0.57177, 0.035956, 2.244, 4.776e-06, 0.5008, 0.060447, 7.2797e-06, 0.0086011, 0.55503, 0.14788, 0.96834, 0.0036725, 0.096861, 0.39007, 0.8981, 0.36803, 0.1329, -0.0085729, -0.88202, -0.030938, 0.0068822, -0.060104, 1.8873, 2.6519, 1.0571, 0.6813, 0.68544, 4.4704, 4.6347, 0.9923, 6.2966, 0.017001, 4.0276, 1.6062, 0.044252, 0.4751, 0.16401, 0.57936, 0.00072751, 0.04243, 0.032011, 1.5384, 1.2901, 0.03601, 3.5105, 6.0434e-05, 2.2273, 0.24767, 0.00012904, 0.026468
19, 0.66667, 0.40558, 0.0151, 0.09993, 0.45, 0.94386, 0.86152, 0.80168, 0.97655, 0.2344, 0.52943, 2.5668, 2.6284, 0.53149, 2.1309, 0.00177, 1.4269, 1.1697, 0.03097, 0.202, 1.2485, 1.6369, 1.007, 0.34209, 0.34082, 2.4557, 2.3176, 0.69773, 3.3341, 0.0044532, 2.1185, 0.89327, 0.027271, 0.56454, 0.90447, 0.99511, 0.97603, 0.2852, 0.17499, 1.5779, 0.97028, 0.39907, 0.86296, 0.00027254, 0.55695, 0.44596, 0.022753, -0.1908, 1.5925, 2.2788, 1.0379, 0.39898, 0.50666, 3.3336, 3.6649, 0.99639, 5.8053, 0.0086339, 3.6801, 1.3406, 0.03179, 1.3199, 0.043736, 0.15226, 0.00035426, 0.0011962, 0.010165, 0.28485, 0.67091, 0.032968, 2.2571, 6.4602e-06, 0.90132, 0.073953, 7.545e-06, 0.21088, 0.58489, 0.37556, 0.96153, 0.0032888, 0.035492, 0.37772, 0.37883, 0.39883, 0.24657, -0.0085107, -0.54788, 0.052661, 0.0085676, -0.22215, 1.912, 2.8983, 1.0524, 0.6809, 0.64615, 4.5338, 4.2563, 0.99663, 6.4217, 0.017417, 4.7849, 1.7339, 0.045975, 1.3512, 0.16275, 0.58807, 0.00076388, 0.042427, 0.034458, 1.5961, 1.3893, 0.033022, 3.5235, 6.2118e-05, 2.6278, 0.26118, 0.0001293, 0.22875
20, 0.57143, 0.42027, 0.01462, 0.17498, 0.45, 0.99222, 1.6078, 5.3749, 1.0108, 0.3869, 0.55024, 0.63724, 4.9088, 0.87318, 2.2379, 0.00179, 2.1456, 0.36896, 0.01854, 0.20577, 1.2879, 4.6712, 1.0041, 0.39524, 0.41196, 3.2024, 4.0387, 0.70307, 3.3341, 0.0049104, 1.1277, 0.84373, 0.027842, 0.55296, 0.91179, 2.4491, 0.97318, 0.32515, 0.22519, 2.2338, 2.8785, 0.50752, 0.86296, 5.9432e-05, -1.1945, 0.36578, 0.022574, -0.20241, 1.6641, 6.8934, 1.0351, 0.46533, 0.59872, 4.1709, 5.1989, 0.89863, 5.8053, 0.0097613, 3.4499, 1.3217, 0.03311, 1.3083, 0.052291, 1.8251, 0.00035426, 0.0018158, 0.012892, 0.34675, 0.4975, 0.014135, 2.2571, 8.6976e-06, 1.9932, 0.084434, 1.0258e-05, 0.2109, 0.60713, 2.198, 0.95868, 0.053972, 0.094774, 1.0844, 2.225, 0.50714, 0.24657, -0.008285, -2.0447, -0.013576, 0.0089433, -0.23376, 1.9687, 7.1445, 1.0496, 0.73651, 0.72914, 5.3203, 5.8524, 0.899, 6.4217, 0.018106, 4.3, 1.701, 0.046741, 1.3397, 0.17131, 2.2609, 0.00076389, 0.043047, 0.037185, 1.658, 1.2158, 0.014188, 3.5235, 6.4356e-05, 3.7197, 0.27166, 0.00013202, 0.22876
21, 0.5, 0.42024, 0.01537, 0, 0.45, 0.83798, 1.6228, 0.80425, 1.0359, 0.29273, 0.42007, 2.5634, 1.7533, 0.70048, 2.3151, 0.0023, 5.2627, 0.72772, 0.04427, 1.2427, 1.4116, 0.91883, 1.0054, 0.3168, 0.28573, 2.0859, 2.136, 0.81982, 2.625, 0.0046633, 2.2491, 0.63607, 0.025747, 1.0626, 1.1765, 0.38379, 0.97744, 0.25273, 0.13901, 1.3958, 1.5313, 0.6679, 1.1172, 0.0010308, 1.2252, 0.23917, 0.021488, 0.8241, 1.6466, 1.4539, 1.0333, 0.38087, 0.43245, 2.776, 2.7407, 0.97173, 4.1328, 0.0082958, 3.2729, 1.033, 0.030007, 1.3011, 0.020423, 0.10581, 0.00028845, 0.0015172, 0.0079566, 0.17602, 0.13515, 0.0085296, 0.84027, 4.8771e-06, 0.38746, 0.058224, 6.7053e-06, 0.021027, 0.79736, -0.2917, 0.96192, -0.023287, -0.0096554, 0.079961, 0.61643, 0.66743, 0.23761, -0.0081344, -0.14246, -0.17883, 0.0071043, 0.73823, 2.0258, 2.1294, 1.0488, 0.65688, 0.58111, 4.0918, 3.6556, 0.97221, 5.0124, 0.017461, 4.6406, 1.451, 0.04439, 1.387, 0.13944, 0.54162, 0.00069808, 0.042748, 0.032249, 1.4872, 0.8535, 0.0085834, 2.1067, 6.0535e-05, 2.114, 0.24545, 0.00012846, 0.038895
22, 0.5, 0.45152, 0.04303, 0, 0.27273, 0.86989, 0.67543, 0.65338, 0.97631, 0.60949, 0.44672, 2.6064, 2.5189, 0.78354, 2.1919, 0.00136, 1.5391, 0.59963, 0.03357, 0.31202, 1.2627, 0.79184, 1.0066, 0.31884, 0.28268, 2.0934, 2.394, 0.86056, 3.3341, 0.0078509, 1.7127, 0.71895, 0.02563, 0.5422, 0.97399, 0.30974, 0.97545, 0.25027, 0.091732, 1.3375, 1.4341, 0.5829, 0.86296, 0.0040048, 0.88856, 0.22916, 0.017825, -0.21256, 1.5515, 1.2739, 1.0378, 0.38741, 0.47363, 2.8493, 3.3539, 1.1382, 5.8053, 0.011697, 2.5368, 1.2087, 0.033435, 1.297, 0.030819, 0.085903, 0.00035955, 0.0017377, 0.013476, 0.21119, 0.34056, 0.028495, 2.2571, 5.4677e-06, 0.25102, 0.088668, 2.2517e-05, 0.21055, 0.62605, -0.39624, 0.96102, -0.02212, -0.036986, 0.063931, 0.70137, 0.58264, 0.24657, -0.005009, -0.60042, -0.14502, 0.0058727, -0.24393, 1.8994, 1.9799, 1.0523, 0.6598, 0.60234, 4.1229, 4.0866, 1.1385, 6.4217, 0.020711, 4.0257, 1.5829, 0.045387, 1.3283, 0.14984, 0.52172, 0.00076918, 0.042969, 0.037769, 1.5224, 1.0589, 0.028549, 3.5235, 6.1126e-05, 1.9775, 0.27589, 0.00014428, 0.22842
23, 0.5, 0.43195, 0.06563, 0, 0.45, 0.625, 1.2625, 0.7659, 0.95664, 0.31006, 0.28207, 3.5037, 2.5846, 0.86599, 5.8697, 0.00571, 6.7958, 1.8967, 0.01364, 0.30023, 1.4433, 0.87718, 1.0066, 0.34575, 0.3606, 2.2012, 1.7751, 0.71344, 3.2689, 0.011681, 2.8439, 0.83494, 0.020403, 0.5778, 1.1424, 0.40963, 0.97545, 0.26203, 0.15256, 1.5897, 1.2113, 0.39749, 0.80465, 0.0060998, 0.67874, 0.3512, 0.014808, -0.17477, 1.7441, 1.3447, 1.0378, 0.42946, 0.56863, 2.8127, 2.3389, 1.0294, 5.7332, 0.017262, 5.0091, 1.3187, 0.025998, 1.3304, 0.033452, 0.080797, 0.00035955, 0.0025904, 0.015995, 0.13821, 0.11749, 0.036898, 2.2445, 1.1514e-05, 1.7328, 0.086492, 1.157e-05, 0.20934, 0.80102, -0.30507, 0.96102, 0.0014219, 0.030441, 0.22095, 0.27127, 0.39726, 0.18688, -0.0017998, -0.21536, -0.025611, 0.0014099, -0.20623, 2.0856, 2.0594, 1.0523, 0.69007, 0.69075, 4.1815, 3.2789, 1.0296, 6.351, 0.025162, 5.9032, 1.6955, 0.039395, 1.3618, 0.15247, 0.51661, 0.00076918, 0.043821, 0.040288, 1.4494, 0.83584, 0.036952, 3.511, 6.7172e-05, 3.4593, 0.27371, 0.00013333, 0.2272
24, 0.5, 0.42151, 0.04158, 0, 0.54545, 0.63979, 1.9082, 0.58049, 1.0493, 0.28453, 0.32085, 1.3044, 1.0109, 0.64332, 8.8623, 0.01274, 1.2015, 1.2207, 0.03669, 0.87175, 1.4674, 0.97313, 1.0066, 0.33165, 0.38493, 2.4076, 2.146, 0.71019, 3.3341, 0.010402, 3.45, 0.86689, 0.01551, 0.556, 1.2202, 0.45072, 0.97545, 0.26376, 0.21066, 1.795, 1.6278, 0.39442, 0.86296, 0.0060373, 2.3566, 0.39093, 0.010265, -0.19939, 1.7145, 1.4955, 1.0378, 0.39955, 0.55921, 3.0201, 2.6643, 1.026, 5.8053, 0.014766, 4.5434, 1.3428, 0.020755, 1.3114, 0.022582, 0.10087, 0.00035955, 0.0017037, 0.011226, 0.13869, 0.099269, 0.036854, 2.2571, 7.0407e-06, 0.44189, 0.08373, 1.0168e-05, 0.21091, 0.84842, -0.23187, 0.96102, -0.0091717, 0.07494, 0.42697, 0.6587, 0.39419, 0.24657, -0.0026226, 1.0279, 0.010688, -0.0033826, -0.23074, 2.0863, 2.1781, 1.0523, 0.67248, 0.69493, 4.3882, 3.6333, 1.0262, 6.4217, 0.023426, 5.8721, 1.7231, 0.034403, 1.3427, 0.1416, 0.53668, 0.00076918, 0.042935, 0.035518, 1.4499, 0.81762, 0.036908, 3.5235, 6.2699e-05, 2.1684, 0.27095, 0.00013193, 0.22878
25, 0.66667, 0.28878, 0, 0, 10, 0.86381, 1.3574, 3.8807, 0.98903, 0.17056, 0.30521, 3.6683, 2.3525, 0.19544, 6.6467, 0.00138, 1.2437, 1.8245, 0.01604, 0.11139, 1.2486, 1.4032, 1.0066, 0.31472, 0.36964, 2.4693, 2.3878, 0.71873, 3.3341, 0.0043065, 2.7039, 0.78553, 0.02432, 0.556, 0.86968, -1.5031, 0.97545, 0.24514, 0.13316, 1.2547, 0.51169, 0.40295, 0.86296, -0.00051814, 1.4044, 0.28982, 0.010141, -0.19939, 1.6275, 4.3095, 1.0378, 0.38429, 0.60613, 3.6838, 4.2638, 1.0345, 5.8053, 0.0091311, 4.0034, 1.2812, 0.038499, 1.3114, 0.053067, 3.122, 0.00035955, 0.0017891, 0.02067, 0.54521, 1.3009, 0.036858, 2.2571, 8.6035e-06, 0.62417, 0.090824, 7.4311e-05, 0.21091, 0.56626, -1.6994, 0.96102, -0.026448, 0.020862, 0.22814, 0.050418, 0.40272, 0.24657, -0.0088792, 0.18201, -0.081801, 0.0012881, -0.23074, 1.9309, 4.5057, 1.0523, 0.65588, 0.71843, 4.7104, 4.7251, 1.0348, 6.4217, 0.017492, 5.2258, 1.6529, 0.047352, 1.3427, 0.17208, 3.5578, 0.00076918, 0.04302, 0.044963, 1.8564, 2.0192, 0.036912, 3.5235, 6.4262e-05, 2.3507, 0.27805, 0.00019607, 0.22878
26, 0.5, 0.41081, 0.01519, 0.38993, 0.55385, 0.92438, 0.50952, 3.0756, 1.0305, 0.75563, 0.43292, 0.17444, 0.1155, 0.8234, 5.7122, 0.00705, 1.4441, 1.8256, 0.03907, 0.8269, 1.2486, 1.5125, 1.0066, 0.55282, 0.41734, 2.3892, 2.3937, 0.88098, 3.3341, 0.0058912, 1.4274, 0.86153, 0.02665, 0.556, 0.86968, -1.3989, 0.97545, 0.39785, 0.18656, 1.3065, 0.51761, 0.66134, 0.86296, 0.00011843, -0.18673, 0.40776, 0.022165, -0.19939, 1.6275, 4.4239, 1.0378, 0.70779, 0.64812, 3.4719, 4.2697, 1.1006, 5.8053, 0.011664, 3.0415, 1.3153, 0.031135, 1.3114, 0.053067, 3.133, 0.00035955, 0.0088764, 0.019685, 0.43327, 1.3009, 0.017831, 2.2571, 1.2317e-05, 0.96296, 0.076105, 7.4351e-06, 0.21091, 0.56626, -1.5948, 0.96102, 0.18462, 0.072402, 0.21671, 0.056335, 0.66101, 0.24657, -0.0076702, -1.2701, 0.017461, 0.0079539, -0.23074, 1.9309, 4.6198, 1.0523, 0.92102, 0.76228, 4.5617, 4.731, 1.101, 6.4217, 0.019453, 4.1249, 1.7056, 0.045346, 1.3427, 0.17208, 3.5688, 0.00076918, 0.050107, 0.043978, 1.7445, 2.0192, 0.017885, 3.5235, 6.7975e-05, 2.6895, 0.26333, 0.00012919, 0.22878
27, 0.34302, 0.12791, 0.02667, 0.09975, 0.48, 0.41399, 0.63714, 0.52735, 1.0254, 0.36593, 0.49147, 2.0607, 4.7616, 0.37925, 1.1251, 0.0345, 7.3978, 0.13789, 0.00726, 1.3878, 1.2432, 1.7331, 1.0066, 0.3459, 0.60503, 2.2723, 3.7243, 0.7135, 3.3341, 0.014411, 2.925, 0.68453, 0.011857, 1.0748, 0.86431, -1.1436, 0.97545, 0.29144, 0.40849, 1.2644, 2.2532, 0.39755, 0.86296, 0.010103, 1.7518, 0.20576, 0.0053542, 0.41718, 1.622, 4.6099, 1.0378, 0.40035, 0.80157, 3.2802, 5.1955, 1.0295, 5.8053, 0.01872, 4.0981, 1.1633, 0.018361, 1.7323, 0.053048, 3.0587, 0.00035955, 0.0010959, 0.014278, 0.37549, 0.79996, 0.036898, 2.2571, 6.8618e-06, 0.5087, 0.084723, 1.5631e-05, 0.15982, 0.56086, -1.3417, 0.96102, 0.0074911, 0.28199, 0.1361, 1.6976, 0.39732, 0.24657, 0.0014057, 0.4658, -0.17323, -0.0074224, 0.3814, 1.9254, 4.808, 1.0523, 0.6843, 0.92807, 4.4085, 5.7511, 1.0297, 6.4217, 0.027417, 5.3841, 1.5423, 0.031137, 1.7681, 0.17206, 3.4946, 0.00076918, 0.042327, 0.03857, 1.6867, 1.5183, 0.036952, 3.5235, 6.252e-05, 2.2352, 0.27195, 0.00013739, 0.17769
28, 1, 0.16347, 0.1781, 0.24754, 1.6182, 0.32643, 0.60727, 0.81744, 0.96959, 0.74805, 0.29482, 1.5838, 1.3912, 0.99438, 2.3255, 0.00129, 4.9544, 1.1836, 0.00242, 0.23179, 1.2486, 1.5126, 1.0066, 0.49223, 0.36813, 2.4734, 2.3878, 0.7135, 3.3341, 0.0085689, 2.9206, 0.78553, 0.016485, 0.556, 0.86968, -1.3988, 0.97545, 0.31428, 0.13164, 1.2591, 0.51169, 0.39755, 0.86296, 0.0010996, -1.2766, 0.28982, 0.0043701, -0.19939, 1.6275, 4.4241, 1.0378, 0.67017, 0.60462, 3.6877, 4.2638, 1.0295, 5.8053, 0.016038, 7.1178, 1.2812, 0.0286, 1.3114, 0.053067, 3.133, 0.00035955, 0.011704, 0.020672, 0.54501, 1.3009, 0.036898, 2.2571, 2.0621e-05, 6.5112, 0.090824, 5.4247e-05, 0.21091, 0.56626, -1.5947, 0.96102, 0.11378, 0.01934, 0.23242, 0.050417, 0.39732, 0.24657, -0.0057969, -1.8003, -0.081801, -0.0053369, -0.23074, 1.9309, 4.62, 1.0523, 0.87067, 0.71692, 4.7144, 4.7251, 1.0297, 6.4217, 0.022935, 7.6416, 1.6529, 0.038307, 1.3427, 0.17208, 3.5688, 0.00076918, 0.052935, 0.044964, 1.8562, 2.0192, 0.036952, 3.5235, 7.6279e-05, 8.2377, 0.27805, 0.00017601, 0.22878
29, 0.91667, 0.51623, 0.0447, 0, 0.36, 1.0397, 1.04, 0.73758, 0.99381, 0.35511, 0.08491, 3.7284, 2.4676, 0.52919, 4.4106, 0.00096, 1.1055, 0.33143, 0.02983, 0.27384, 1.2348, 0.96514, 1.0195, 0.33051, 0.34433, 2.4186, 2.1803, 0.7383, 3.324, 0.0068159, 1.099, 0.96069, 0.024319, 0.35311, 0.85632, -0.075923, 0.99176, 0.26112, 0.13256, 1.2575, 0.41601, 0.4875, 0.85367, 0.0016326, -0.13385, 0.60134, 0.017347, 0.026637, 1.6133, 2.0062, 1.0472, 0.39991, 0.55611, 3.5798, 3.9447, 0.98909, 5.7944, 0.011999, 2.3319, 1.32, 0.031291, 0.67959, 0.052952, 0.40059, 0.0002843, 0.00178, 0.016576, 0.49831, 1.1506, 0.023248, 2.2557, 9.9302e-06, 0.56182, 0.047729, 1.7967e-05, 0.039396, 0.55271, -0.53916, 0.97616, -0.010613, 0.011808, 0.20602, -0.068303, 0.48721, 0.23712, -0.0065052, -1.3892, 0.1634, 0.0048764, -0.040495, 1.9169, 2.4694, 1.0628, 0.67164, 0.67686, 4.6313, 4.429, 0.98938, 6.411, 0.020137, 3.5873, 1.758, 0.043762, 0.74672, 0.17197, 0.8364, 0.00069393, 0.043011, 0.040869, 1.8095, 1.8689, 0.023302, 3.5221, 6.5588e-05, 2.2883, 0.23495, 0.00013972, 0.057263
30, 0.91667, 0.50742, 0.04432, 0, 0.72, 0.80742, 0.70808, 0.92385, 1.0003, 0.24388, 0.38002, 2.7407, 2.778, 0.90202, 1.3445, 0.00699, 2.0607, 1.5461, 0.01059, 0.21662, 1.2431, 0.81603, 1.0065, 0.33507, 0.28253, 2.4284, 2.0409, 0.69313, 3.3485, 0.007826, 1.9419, 0.8015, 0.021726, 0.556, 0.86462, -0.032852, 0.97565, 0.26587, 0.076938, 1.296, 0.31286, 0.3784, 0.87766, 0.0041229, 0.74509, 0.31532, 0.016125, -0.19939, 1.6216, 1.6649, 1.0374, 0.40428, 0.48811, 3.5608, 3.7689, 1.0079, 5.8192, 0.011529, 3.1387, 1.2877, 0.027326, 1.3114, 0.052952, 0.26634, 0.00035205, 0.0017701, 0.015622, 0.47395, 1.1036, 0.036613, 2.2564, 5.0684e-06, 0.5294, 0.087368, 1.1594e-05, 0.21091, 0.56102, -0.56227, 0.96112, -0.0060163, -0.046094, 0.23072, -0.17939, 0.37816, 0.26119, -0.0049919, -0.52864, -0.060424, 0.0027311, -0.23074, 1.9252, 2.1943, 1.0519, 0.67616, 0.61115, 4.6261, 4.2611, 1.0081, 6.4357, 0.020644, 4.4124, 1.6634, 0.04072, 1.3427, 0.17197, 0.70215, 0.00076168, 0.043001, 0.039915, 1.7852, 1.822, 0.036667, 3.5228, 6.0727e-05, 2.2559, 0.27459, 0.00013335, 0.22878
31, 0.91667, 0.51984, 0, 0.12657, 10, 1.3078, 1.0857, 1.8143, 1.0276, 0.29119, 0.25493, 2.1282, 4.3978, 0.99859, 2.6393, 0.00391, 5.111, 0.08298, 0.01585, 0.33968, 1.2487, 1.5204, 1.0003, 0.34801, 0.46347, 2.6868, 2.3878, 0.87576, 3.3364, 0.0073741, 1.7981, 0.90027, 0.033586, 0.54107, 0.86974, -0.77077, 0.96972, 0.2792, 0.28755, 1.4904, 0.51169, 0.72647, 0.86559, 0.0014674, -1.5805, 0.42346, 0.023779, -0.020841, 1.6276, 3.8116, 1.0309, 0.41681, 0.63939, 3.8833, 4.2638, 1.0251, 5.8073, 0.013281, 5.1767, 1.3771, 0.043392, 1.103, 0.053067, 1.9403, 0.00034607, 0.0017497, 0.011439, 0.5291, 1.3009, 0.0082385, 2.2565, 1.2895e-05, 4.219, 0.08403, 3.5546e-05, 0.1167, 0.56632, -1.0151, 0.95511, 0.0069997, 0.15255, 0.45544, 0.050419, 0.72598, 0.24913, -0.0062448, -2.2126, 0.043596, 0.012956, -0.062325, 1.931, 4.0559, 1.0455, 0.68901, 0.77439, 4.9182, 4.7251, 1.0255, 6.4237, 0.020993, 5.8088, 1.7569, 0.054215, 1.1445, 0.17208, 2.3761, 0.0007557, 0.042981, 0.035732, 1.8403, 2.0192, 0.0082923, 3.5229, 6.8554e-05, 5.9455, 0.27125, 0.0001573, 0.13457
32, 0.91667, 0.49891, 0.04394, 0.12147, 0.36, 1.0315, 1.5022, 1.6199, 1.0467, 0.1062, 0.23516, 1.8323, 3.7243, 0.63506, 2.8285, 0.00047, 0.65202, 1.4308, 0.01923, 0.22873, 1.3636, 0.67286, 1.0106, 0.37974, 0.33968, 2.1239, 2.486, 0.72705, 3.3451, 0.0068281, 1.2153, 0.67553, 0.026047, 0.556, 1.0188, -0.13243, 0.98462, 0.32087, 0.15016, 1.2405, 0.6482, 0.41173, 0.87481, 0.0024711, -0.22181, 0.29936, 0.019253, -0.19939, 1.7084, 1.4782, 1.0366, 0.43862, 0.5292, 3.0072, 4.3238, 1.0424, 5.8154, 0.011185, 2.6524, 1.0517, 0.032842, 1.3114, 0.043942, 0.23969, 0.00024958, 0.0012812, 0.013276, 0.2884, 1.2484, 0.036749, 2.2555, 7.0163e-06, 0.76337, 0.052302, 1.7065e-05, 0.21091, 0.69963, -0.67903, 0.96838, 0.040598, 0.020867, 0.04354, 0.17927, 0.4115, 0.25824, -0.0061938, -1.3802, -0.12948, 0.0066672, -0.23074, 2.0276, 2.0248, 1.0528, 0.71889, 0.6585, 4.2042, 4.7927, 1.0426, 6.4319, 0.01985, 3.8108, 1.4805, 0.045428, 1.3427, 0.16296, 0.6755, 0.00065921, 0.042512, 0.037568, 1.5996, 1.9667, 0.036803, 3.5219, 6.2675e-05, 2.4899, 0.23953, 0.00013882, 0.22878
33, 0.91667, 0.51984, 0.04486, 0.12657, 0.72, 0.86469, 1.6032, 0.64473, 1.0036, 0.24641, 0.09142, 2.6087, 1.6392, 0.73862, 4.8644, 0.00597, 1.9743, 1.3958, 0.02819, 1.2178, 1.1682, 1.5651, 1.003, 0.37982, 0.27604, 2.1187, 2.4162, 0.59608, 3.1037, 0.0078463, 1.8535, 0.9713, 0.022664, 1.5302, 0.88898, 0.094206, 0.97445, 0.32021, 0.091369, 1.2542, 0.54047, 0.34496, 0.6628, 0.0046505, 0.96578, 0.53253, 0.016748, 1.0982, 1.4473, 3.036, 1.0316, 0.43942, 0.4607, 2.9831, 4.292, 0.8472, 5.5446, 0.011042, 2.7412, 1.4101, 0.02858, 1.9621, 0.028808, 0.79968, 0.00030197, 0.0013133, 0.012604, 0.27619, 1.3005, 0.023308, 2.2021, 3.7747e-06, 0.29128, 0.071157, 1.2936e-05, 0.068954, 0.53575, -0.26318, 0.95915, 0.040544, -0.039918, 0.046287, 0.079136, 0.34467, 0.040309, -0.0048343, -0.483, 0.13521, 0.0035741, 1.0455, 1.8006, 3.3934, 1.0469, 0.71909, 0.59199, 4.1911, 4.7533, 0.84749, 6.1671, 0.020527, 4.19, 1.8074, 0.041754, 2.0148, 0.14782, 1.2355, 0.0007116, 0.042544, 0.036897, 1.5874, 2.0188, 0.023362, 3.4685, 5.9433e-05, 2.0178, 0.25838, 0.00013469, 0.086821
34, 0.91667, 0.47349, 0.04281, 0.11528, 1.0286, 0.74456, 0.93059, 1.9656, 1.0407, 0.18144, 0.15378, 1.7899, 0.90044, 0.61919, 4.8447, 0.00369, 3.4765, 0.22535, 0.00675, 0.2019, 1.2401, 0.92166, 1.0025, 0.37219, 0.39549, 2.2376, 2.1402, 0.59994, 3.3369, 0.008449, 2.5682, 0.7025, 0.014064, 0.556, 0.86399, 0.1463, 0.97209, 0.31418, 0.18186, 1.3214, 0.27753, 0.54376, 0.86695, 0.0049671, 1.1358, 0.21681, 0.0063062, -0.19939, 1.6163, 1.697, 1.0328, 0.4302, 0.60912, 3.1538, 4.0029, 0.65613, 5.8069, 0.011931, 4.0005, 1.1882, 0.021822, 1.3114, 0.052296, 0.22221, 0.00034096, 0.001244, 0.016869, 0.31024, 1.2824, 0.0011667, 2.255, 4.4811e-06, 0.75833, 0.087192, 2.2245e-05, 0.21091, 0.55934, -0.41261, 0.9574, 0.033195, 0.061779, 0.14312, -0.1864, 0.54248, 0.25032, -0.0043067, -0.024686, -0.15915, -0.0056743, -0.23074, 1.9209, 2.2559, 1.0475, 0.71119, 0.7292, 4.3321, 4.4668, 0.65741, 6.4236, 0.021205, 5.161, 1.5642, 0.033803, 1.3427, 0.17131, 0.65802, 0.00075059, 0.042475, 0.041161, 1.6214, 2.0007, 0.0012205, 3.5214, 6.0139e-05, 2.4849, 0.27441, 0.000144, 0.22878
35, 0.91667, 0.64994, 0.04344, 0.11868, 0.72, 1.0531, 0.83028, 0.74489, 0.95774, 0.67197, 0.32154, 1.1426, 0.48092, 0.64425, 2.0493, 0.00698, 1.8934, 0.1014, 0.02804, 1.6208, 1.3416, 1.2193, 1.0066, 0.35999, 0.30686, 2.2852, 2.6966, 0.7135, 3.4901, 0.0057131, 1.02, 0.78514, 0.026495, 1.6843, 1.0663, -1.5593, 0.97545, 0.3015, 0.087883, 1.369, 1.2243, 0.39755, 1.0378, 0.0010609, -0.53585, 0.28944, 0.016855, 1.4626, 1.6169, 3.9979, 1.0378, 0.41847, 0.52583, 3.2015, 4.1689, 1.0295, 5.9424, 0.010365, 2.5759, 1.2808, 0.036135, 1.906, 0.028016, 2.8537, 0.00035955, 0.0012643, 0.017723, 0.3103, 0.8012, 0.036898, 2.2227, 7.9996e-06, 0.89471, 0.090821, 3.4348e-05, 0.018165, 0.71091, -1.764, 0.96102, 0.020911, -0.030299, 0.19069, 0.669, 0.39732, 0.41766, -0.0074105, -1.6431, -0.082185, 0.0059435, 1.372, 1.9723, 4.2026, 1.0523, 0.69906, 0.64401, 4.3798, 4.7242, 1.0297, 6.5626, 0.018837, 3.6831, 1.6525, 0.047046, 1.9965, 0.14703, 3.2895, 0.00076918, 0.042495, 0.042015, 1.6215, 1.5196, 0.036952, 3.4891, 6.3658e-05, 2.6212, 0.27804, 0.00015611, 0.036032
36, 0.91667, 0.3282, 0.04365, 0.11986, 0.72, 0.6577, 1.227, 0.72236, 1.0223, 0.10435, 0.21017, 1.8133, 3.626, 0.78618, 2.4631, 0.00664, 1.5423, 0.32564, 0.00577, 1.8043, 1.2498, 0.51463, 1.0066, 0.3784, 0.46561, 2.226, 1.6679, 0.7135, 3.435, 0.010445, 1.7327, 0.78229, 0.014579, 1.503, 0.97564, -2.0228, 0.97545, 0.31975, 0.2751, 1.2116, 0.18014, 0.39755, 0.97272, 0.0062961, 0.34903, 0.29814, 0.0085236, 1.3189, 1.524, 3.052, 1.0378, 0.43705, 0.65612, 3.2404, 3.1557, 1.0295, 5.8972, 0.014594, 3.1163, 1.2664, 0.020635, 1.6871, 0.027784, 2.3797, 0.00035955, 0.0012714, 0.013414, 0.38032, 0.81814, 0.036898, 2.2408, 6.3624e-06, 0.7076, 0.086638, 1.3554e-05, 0.012527, 0.6196, -2.2454, 0.96102, 0.039298, 0.14621, 0.086754, -0.37096, 0.39732, 0.35455, -0.0025087, -0.83359, -0.078492, -0.0045543, 1.2162, 1.88, 3.2746, 1.0523, 0.71751, 0.78501, 4.3653, 3.7068, 1.0297, 6.5154, 0.023399, 4.2989, 1.6431, 0.033713, 1.7897, 0.1468, 2.8155, 0.00076918, 0.042502, 0.037707, 1.6915, 1.5365, 0.036952, 3.5073, 6.2021e-05, 2.4341, 0.27386, 0.00013531, 0.030394
37, 0.91667, 0.51803, 0, 0.25225, 10, 1.258, 1.7058, 1.9644, 0.95891, 0.68925, 0.27721, 4.9932, 1.8118, 0.89774, 3.5059, 0.0034, 2.0731, 1.9273, 0.04265, 0.59771, 1.2486, 1.5385, 1.0094, 0.44589, 0.37876, 2.4678, 2.3878, 0.96457, 3.3249, 0.0070918, 1.2792, 0.87585, 0.026066, 0.556, 0.86966, -1.3676, 0.97882, 0.34448, 0.15295, 1.2538, 0.51169, 0.81527, 0.85407, 0.0010898, -0.81936, 0.46168, 0.01646, -0.19939, 1.6275, 4.4447, 1.04, 0.54731, 0.60456, 3.6819, 4.2638, 1.1139, 5.7957, 0.013094, 3.3777, 1.29, 0.035672, 1.3114, 0.053067, 3.1216, 0.00034607, 0.0038015, 0.018845, 0.54477, 1.3009, 0.0082385, 2.2565, 1.3315e-05, 1.6277, 0.063402, 3.4108e-05, 0.21091, 0.56624, -1.5638, 0.9642, 0.09684, 0.037126, 0.22697, 0.050418, 0.81478, 0.23761, -0.0065687, -1.7333, 0.052395, 0.0055305, -0.23074, 1.9309, 4.6409, 1.0546, 0.79494, 0.72039, 4.7087, 4.7251, 1.1143, 6.4122, 0.020752, 4.2916, 1.6993, 0.046601, 1.3427, 0.17208, 3.5574, 0.0007557, 0.045032, 0.043138, 1.856, 2.0192, 0.0082923, 3.5229, 6.8973e-05, 3.3542, 0.25062, 0.00015587, 0.22878
38, 0.91667, 0.5348, 0.0455, 0.26042, 0.36, 1.0484, 1.2419, 2.8108, 1.0429, 0.38114, 0.60286, 3.0421, 1.5698, 0.51321, 1.7542, 0.00151, 0.50549, 0.88613, 0.00782, 0.56395, 1.2556, 1.0527, 1.0159, 0.51558, 0.42867, 2.2855, 2.3878, 0.71355, 3.3305, 0.0075167, 1.4897, 0.80123, 0.027488, 0.556, 0.89299, -1.2734, 0.98666, 0.42454, 0.22406, 1.2339, 0.51169, 0.39759, 0.85938, 0.0025069, 0.16955, 0.42245, 0.020316, -0.19939, 1.6183, 3.3788, 1.0451, 0.60662, 0.63329, 3.3371, 4.2638, 1.0295, 5.8015, 0.012527, 2.8099, 1.18, 0.034661, 1.3114, 0.048609, 1.9999, 0.00031543, 0.0030636, 0.015475, 0.40872, 1.3009, 0.036898, 2.2569, 9.2767e-06, 0.6442, 0.053029, 1.9015e-05, 0.21091, 0.58221, -1.5143, 0.97158, 0.1694, 0.10066, 0.12836, 0.050418, 0.39736, 0.24297, -0.0057378, -1.0429, -0.0050052, 0.0079722, -0.23074, 1.9291, 3.6198, 1.0602, 0.86176, 0.75669, 4.4427, 4.7251, 1.0297, 6.418, 0.020771, 4.0224, 1.6075, 0.047004, 1.3427, 0.16763, 2.4357, 0.00072506, 0.044295, 0.039767, 1.7199, 2.0192, 0.036952, 3.5234, 6.4935e-05, 2.3707, 0.24025, 0.00014077, 0.22878
39, 0.91667, 0.48746, 0.04344, 0.23736, 0.72, 0.88952, 0.90291, 0.68087, 0.99487, 0.29756, 0.19458, 4.1786, 3.7535, 0.68638, 2.7253, 0.00421, 0.88818, 1.5278, 0.03441, 0.6692, 1.2302, 0.76619, 1.0059, 0.49117, 0.35317, 2.171, 2.2923, 0.7114, 3.3865, 0.008107, 1.1375, 0.93799, 0.022904, 0.556, 0.85915, 0.013576, 0.97705, 0.4089, 0.14931, 1.2692, 0.41906, 0.39546, 0.91773, 0.0045865, 0.1677, 0.49381, 0.016728, -0.19939, 1.6012, 1.5188, 1.0349, 0.57345, 0.55703, 3.0728, 4.1656, 1.0273, 5.8552, 0.011628, 2.1072, 1.3822, 0.029081, 1.3114, 0.050886, 0.20936, 0.00030873, 0.0025021, 0.01536, 0.3006, 1.297, 0.036894, 2.2527, 4.581e-06, 0.3476, 0.072924, 1.4099e-05, 0.21091, 0.5522, -0.555, 0.96186, 0.14719, 0.025629, 0.082764, -0.042761, 0.39523, 0.30086, -0.0046594, -1.2314, 0.099041, 0.0037325, -0.23074, 1.9082, 2.0874, 1.05, 0.83515, 0.68071, 4.2593, 4.6275, 1.0276, 6.4721, 0.020873, 3.5064, 1.7769, 0.042077, 1.3427, 0.1699, 0.64517, 0.00071836, 0.043733, 0.039653, 1.6118, 2.0154, 0.036948, 3.5191, 6.0239e-05, 2.0741, 0.26015, 0.00013586, 0.22878
40, 0.91667, 0.475, 0.04288, 0.2313, 1.0286, 0.79126, 0.76366, 0.99464, 0.97977, 0.91265, 0.72428, 2.2434, 2.2054, 0.49675, 3.4476, 0.00273, 0.59339, 0.01855, 0.01416, 1.8501, 1.2312, 0.53347, 1.0119, 0.44781, 0.33564, 2.7374, 2.2867, 0.54167, 3.3715, 0.00831, 2.2942, 0.73, 0.014303, 0.556, 0.85381, -0.36169, 0.98156, 0.36763, 0.11414, 1.7145, 0.41414, 0.47278, 0.90148, 0.0044509, 1.2226, 0.24339, 0.005849, -0.19939, 1.6087, 1.4286, 1.0423, 0.52799, 0.55714, 3.7603, 4.1593, 0.61056, 5.8415, 0.012169, 3.3659, 1.2166, 0.022756, 1.3114, 0.052651, 0.29618, 0.00034096, 0.0023763, 0.018134, 0.38673, 1.296, 0.0017539, 2.255, 5.5047e-06, 0.42449, 0.087518, 2.6414e-05, 0.21091, 0.54973, -0.8738, 0.96687, 0.10433, -0.0031629, 0.59404, -0.047826, 0.47174, 0.28485, -0.0045538, -0.11815, -0.13217, -0.0057195, -0.23074, 1.9127, 1.9408, 1.057, 0.7913, 0.67444, 4.8807, 4.6212, 0.6116, 6.4581, 0.021174, 4.7066, 1.5922, 0.034325, 1.3427, 0.17167, 0.73199, 0.00075059, 0.043607, 0.042427, 1.6979, 2.0144, 0.0018077, 3.5214, 6.1163e-05, 2.151, 0.27474, 0.00014817, 0.22878
41, 0.61111, 0.4608, 0.04391, 0, 0.48, 0.7694, 0.50819, 0.54805, 0.97269, 0.38556, 0.29572, 1.6559, 1.6197, 0.67212, 5.7991, 0.00416, 1.4039, 0.9494, 0.01847, 0.28615, 1.2592, 0.82896, 1.0071, 0.32876, 0.27034, 2.0962, 1.6283, 0.77233, 3.2958, 0.0083398, 2.7254, 0.95677, 0.02484, 0.55699, 0.88037, 0.34501, 0.97662, 0.25977, 0.1199, 1.3581, 0.77088, 0.4664, 0.8515, 0.0046106, 1.592, 0.53938, 0.020394, -0.19837, 1.638, 1.3129, 1.0377, 0.39776, 0.42077, 2.8343, 2.4857, 1.0783, 5.7401, 0.012069, 3.8587, 1.3742, 0.029286, 1.3123, 0.053035, 0.086564, 0.00034452, 0.0017596, 0.0083645, 0.20136, 0.27174, 0.034594, 2.2083, 5.1401e-06, 0.47476, 0.064391, 7.3049e-06, 0.21089, 0.5769, -0.35987, 0.96198, -0.012284, -0.02691, 0.073298, -0.0083637, 0.46616, 0.2297, -0.0044857, 0.28497, 0.13169, 0.0061536, -0.22972, 1.9414, 2.0178, 1.0523, 0.66981, 0.56758, 4.1192, 3.265, 1.0785, 6.3619, 0.021165, 5.1658, 1.7818, 0.043527, 1.3437, 0.17205, 0.52238, 0.00075415, 0.042991, 0.032657, 1.5126, 0.99009, 0.034647, 3.4747, 6.0798e-05, 2.2013, 0.25161, 0.00012906, 0.22875
42, 0.91667, 0.47111, 0.04439, 0.11565, 0.48, 0.9428, 1.7469, 0.53826, 0.99114, 0.56011, 0.15889, 2.1948, 0.893, 0.774, 6.0063, 0.0131, 3.2783, 0.63414, 0.03535, 0.64459, 1.3005, 1.6248, 0.999, 0.36205, 0.25659, 2.1239, 1.6819, 0.77929, 3.3434, 0.0066034, 1.1238, 0.85492, 0.027146, 0.36434, 0.9671, 0.88027, 0.97016, 0.30349, 0.1099, 1.2925, -0.11738, 0.64506, 0.87345, 0.0030349, -0.45755, 0.42425, 0.022717, 0.15368, 1.6339, 2.3694, 1.0278, 0.4206, 0.40328, 2.9552, 3.4811, 0.91351, 5.8134, 0.010172, 2.7051, 1.2856, 0.031575, 0.57499, 0.04108, 0.2049, 0.0003073, 0.0012672, 0.0079532, 0.25544, 1.1966, 0.006659, 2.2549, 4.7068e-06, 0.92422, 0.068555, 7.2507e-06, 0.016402, 0.64234, 0.3082, 0.95495, 0.022961, -0.038781, 0.065082, -0.59427, 0.64452, 0.25681, -0.0061763, -1.5543, 0.023047, 0.0084634, 0.059843, 1.9586, 2.9414, 1.043, 0.70114, 0.55196, 4.1827, 3.958, 0.91405, 6.43, 0.019383, 3.8018, 1.6868, 0.045829, 0.66883, 0.1601, 0.64071, 0.00071693, 0.042498, 0.032246, 1.5666, 1.9149, 0.0067128, 3.5213, 6.0365e-05, 2.6507, 0.25578, 0.00012901, 0.034269
43, 0.61111, 0.47414, 0, 0.11639, 10, 1.2681, 1.292, 1.5896, 1.029, 0.25535, 0.61803, 4.4053, 3.0427, 0.79538, 3.4735, 0.00871, 0.68931, 1.1973, 0.04611, 0.53273, 1.2486, 1.7176, 1.0066, 0.34253, 0.31198, 2.4448, 2.3878, 0.71328, 3.3341, 0.0059446, 2.9133, 1.0427, 0.02512, 0.41719, 0.86968, -0.57126, 0.97545, 0.27539, 0.13441, 1.2478, 0.51169, 0.39753, 0.86296, 0.00014002, 1.1107, 0.6395, 0.015527, -0.14472, 1.6275, 4.0065, 1.0378, 0.40968, 0.48955, 3.6418, 4.2638, 1.029, 5.8053, 0.011749, 4.7159, 1.4459, 0.034713, 0.9791, 0.053067, 1.9364, 0.00035955, 0.0016663, 0.011654, 0.52961, 1.3009, 0.036849, 2.2571, 1.2454e-05, 1.201, 0.060094, 3.4016e-05, 0.1167, 0.56626, -0.81578, 0.96102, 0.0018557, 0.00011907, 0.21313, 0.050423, 0.3973, 0.24657, -0.0076303, 0.09895, 0.22472, 0.0045906, -0.18621, 1.9309, 4.251, 1.0523, 0.68321, 0.62384, 4.6765, 4.7251, 1.0293, 6.4217, 0.01952, 5.7276, 1.8607, 0.045649, 1.0206, 0.17208, 2.3722, 0.00076918, 0.042897, 0.035947, 1.8408, 2.0192, 0.036903, 3.5235, 6.8112e-05, 2.9275, 0.24732, 0.00015577, 0.13457
44, 0.61111, 0.47262, 0.04446, 0.11602, 0.48, 0.83664, 1.7814, 0.94547, 1.0485, 0.32183, 0.12603, 3.2358, 0.3412, 0.55912, 2.0058, 0.01126, 2.6349, 0.14851, 0.02693, 0.32464, 1.3795, 1.5463, 1.0033, 0.36967, 0.21633, 2.7077, 2.0945, 0.71267, 3.7755, 0.0075088, 2.349, 0.77391, 0.026357, 0.64126, 1.0275, 0.67882, 0.97378, 0.31107, 0.082477, 1.947, 0.261, 0.39674, 1.9186, 0.0043436, 1.1704, 0.3763, 0.022338, 0.42911, 1.7315, 2.4139, 1.0329, 0.42828, 0.35017, 3.4685, 3.9281, 1.0286, 5.6324, 0.010674, 3.5276, 1.1715, 0.030375, 0.85341, 0.045789, 0.27817, 0.0003225, 0.0012695, 0.0066218, 0.21389, 1.2426, 0.03689, 1.2745, 3.703e-06, 0.51339, 0.05843, 5.9674e-06, 0.016635, 0.71175, 0.15649, 0.95881, 0.030576, -0.072881, 0.67643, -0.20881, 0.39651, 1.1536, -0.0051642, -0.11275, -0.041341, 0.0077671, 0.33573, 2.0472, 2.9362, 1.0478, 0.70877, 0.50553, 4.7391, 4.3979, 1.0288, 6.3974, 0.020182, 4.8107, 1.5892, 0.044946, 0.94679, 0.1648, 0.71398, 0.00073213, 0.0425, 0.030914, 1.5251, 1.9609, 0.036944, 2.5409, 5.9361e-05, 2.2399, 0.24565, 0.00012773, 0.034502
45, 0.61111, 0.7193, 0.05485, 0.17658, 0.48, 0.89347, 1.4658, 0.56178, 1.0427, 0.08607, 0.31696, 4.2375, 4.949, 0.47936, 8.0079, 0.01544, 0.61594, 0.07094, 0.03705, 0.91686, 1.4488, 1.2307, 1.0072, 0.43937, 0.24616, 2.8835, 3.8711, 0.7135, 5.1578, 0.0081257, 1.1725, 0.65019, 0.026858, 0.47062, 1.1274, -1.4899, 0.97653, 0.37051, 0.098025, 2.0537, 2.5455, 0.39755, 3.4916, 0.004217, -0.026624, 0.27528, 0.022848, -0.063715, 1.7701, 3.9514, 1.0379, 0.50823, 0.3943, 3.7132, 5.1968, 1.0295, 6.8241, 0.012034, 2.3716, 1.0251, 0.030867, 1.0049, 0.038162, 2.7359, 0.00034824, 0.0017527, 0.0081109, 0.25446, 0.64951, 0.036898, 1.0261, 5.647e-06, 0.53144, 0.051952, 5.9425e-06, 0.10553, 0.79666, -1.6986, 0.96194, 0.098348, -0.049929, 0.8253, 1.9474, 0.39732, 2.6673, -0.0047531, -1.2992, -0.15424, 0.0082701, -0.10718, 2.1009, 4.1601, 1.0525, 0.78039, 0.54225, 4.9416, 5.7949, 1.0297, 7.6484, 0.021005, 3.6441, 1.4546, 0.045445, 1.0484, 0.15718, 3.1717, 0.00075787, 0.042984, 0.032404, 1.5657, 1.3679, 0.036952, 2.2926, 6.1305e-05, 2.258, 0.23918, 0.0001277, 0.12339
46, 0.61111, 0.34942, 0.03823, 0.08578, 0.48, 0.78839, 1.7681, 0.67795, 0.98827, 0.69633, 0.1644, 0.47636, 1.5153, 0.94676, 2.5766, 0.01395, 0.6048, 1.3907, 0.02594, 1.8867, 1.3422, 0.7834, 1.001, 0.33777, 0.23962, 2.6283, 2.02, 0.76318, 2.7206, 0.0067973, 2.4109, 0.81139, 0.025044, 0.90631, 0.98763, -0.19889, 0.97077, 0.28306, 0.096124, 1.8397, 0.2872, 0.50041, 0.72766, 0.0037011, 1.3653, 0.40053, 0.020745, 0.22179, 1.6967, 1.7657, 1.0313, 0.39248, 0.38312, 3.417, 3.7528, 1.026, 4.7135, 0.0098936, 3.4566, 1.2222, 0.029344, 1.5908, 0.046462, 0.35663, 0.00033798, 0.0011065, 0.0076111, 0.22989, 1.1098, 0.025521, 1.468, 3.5433e-06, 0.40411, 0.062391, 6.8335e-06, 0.17319, 0.67307, -0.68084, 0.95604, -0.00067747, -0.054174, 0.58638, -0.20398, 0.50014, 0.00064497, -0.0058586, 0.0099893, -0.010404, 0.006392, 0.18734, 2.0113, 2.2476, 1.046, 0.67621, 0.53342, 4.6702, 4.244, 1.0262, 5.4406, 0.019453, 4.8119, 1.6332, 0.043697, 1.6253, 0.16548, 0.79245, 0.00074761, 0.042337, 0.031904, 1.5411, 1.8282, 0.025574, 2.7344, 5.9201e-05, 2.1306, 0.24961, 0.00012859, 0.19106
47, 0.91667, 0.47414, 0.04454, 0.23278, 0.48, 0.9695, 1.2997, 0.55273, 0.97731, 0.49496, 0.54703, 0.43542, 0.20424, 0.5704, 3.7031, 0.01119, 0.85068, 0.82968, 0.02871, 0.73844, 1.2157, 0.76404, 1.0026, 0.47477, 0.3681, 2.9064, 2.4379, 0.56448, 3.4013, 0.0069438, 2.6698, 0.76001, 0.027464, 0.98775, 0.85931, -0.077499, 0.97377, 0.39402, 0.21429, 1.981, 0.56804, 0.51065, 0.9313, 0.0030388, 0.8216, 0.31792, 0.022627, 0.4006, 1.5721, 1.6056, 1.0314, 0.55552, 0.52191, 3.8318, 4.3078, 0.61832, 5.8712, 0.010849, 4.518, 1.2021, 0.032301, 1.5749, 0.04695, 0.26175, 0.0003073, 0.0024102, 0.008744, 0.31651, 1.2923, 0.0010711, 2.2549, 5.6363e-06, 1.2626, 0.072238, 8.649e-06, 0.12742, 0.54562, -0.60975, 0.95856, 0.13115, 0.069127, 0.80784, 0.10554, 0.50932, 0.31467, -0.0059339, -0.17396, -0.077833, 0.0086804, 0.36078, 1.8858, 2.1378, 1.0466, 0.81838, 0.66707, 5.0049, 4.7703, 0.61965, 6.4879, 0.019821, 5.5136, 1.5979, 0.046248, 1.6147, 0.16597, 0.69757, 0.00071693, 0.043641, 0.033037, 1.6277, 2.0107, 0.0011249, 3.5213, 6.1295e-05, 2.9891, 0.25946, 0.00013041, 0.14529
48, 0.61111, 0.49648, 0.04557, 0.24376, 0.48, 0.87843, 1.2882, 0.57528, 1.026, 0.296, 0.25407, 3.4852, 2.2894, 0.81461, 7.2291, 0.0205, 1.3812, 0.08394, 0.03374, 1.2707, 1.2679, 1.276, 1.0127, 0.50083, 0.40422, 2.8939, 2.3898, 0.71476, 4.519, 0.0070292, 1.3717, 0.60475, 0.026831, 0.66621, 0.88997, 0.067622, 0.98247, 0.41617, 0.24744, 1.8206, 0.51371, 0.39885, 2.1689, 0.0034231, 0.5183, 0.24483, 0.022865, 0.079061, 1.6458, 2.4844, 1.0429, 0.58549, 0.561, 3.9672, 4.2658, 1.0307, 6.8692, 0.010635, 2.2251, 0.96467, 0.030797, 1.2534, 0.052794, 0.53971, 0.00033795, 0.0026492, 0.0090849, 0.4258, 1.3009, 0.036889, 2.0414, 4.8066e-06, 0.26917, 0.047881, 5.8137e-06, 0.12742, 0.58612, -0.34858, 0.96774, 0.15627, 0.10371, 0.72608, 0.052436, 0.39862, 1.5275, -0.005761, -0.95199, -0.1928, 0.0082527, 0.039245, 1.9497, 2.9006, 1.0577, 0.84539, 0.70473, 5.0618, 4.7271, 1.0309, 7.5106, 0.019819, 3.6954, 1.4023, 0.045409, 1.2932, 0.17181, 0.97552, 0.00074758, 0.04388, 0.033378, 1.737, 2.0192, 0.036942, 3.3078, 6.0465e-05, 1.9957, 0.2351, 0.00012757, 0.14529
49, 0.61111, 0.78019, 0.05713, 0.38305, 0.48, 0.88483, 0.89004, 1.0701, 1.0103, 0.87042, 0.72485, 2.1305, 4.1998, 0.99681, 2.1409, 0.00907, 0.71753, 0.68399, 0.03505, 1.0176, 1.2486, 1.5125, 1.011, 0.55224, 0.38769, 1.9156, 2.3804, 0.7135, 3.3542, 0.0092942, 1.2923, 0.45987, 0.026855, 0.556, 0.86968, -1.3989, 0.9803, 0.40205, 0.16152, 0.83305, 0.5043, 0.39755, 0.88308, 0.0039239, 0.18904, 0.092073, 0.022875, -0.19939, 1.6275, 4.4239, 1.0417, 0.70243, 0.61387, 2.9981, 4.2564, 1.0295, 5.8252, 0.014664, 2.3955, 0.82767, 0.030835, 1.3114, 0.053067, 3.133, 0.00034828, 0.0083373, 0.018908, 0.43315, 1.3009, 0.036898, 2.2569, 1.066e-05, 0.44985, 0.049999, 5.8551e-06, 0.21091, 0.56626, -1.5948, 0.96572, 0.18603, 0.045815, -0.25683, 0.043025, 0.39732, 0.26667, -0.0041008, -1.1343, -0.34126, 0.0082736, -0.23074, 1.9309, 4.6198, 1.0563, 0.91845, 0.72957, 4.088, 4.7177, 1.0297, 6.4417, 0.022689, 3.7188, 1.261, 0.045436, 1.3427, 0.17208, 3.5688, 0.00075791, 0.049568, 0.043201, 1.7444, 2.0192, 0.036952, 3.5234, 6.6318e-05, 2.1764, 0.23722, 0.00012761, 0.22878
50, 0.61111, 0.35704, 0.03865, 0.17529, 0.48, 0.84857, 1.8516, 8.0676, 0.97788, 0.37152, 0.08372, 3.9569, 4.6585, 0.81777, 6.1436, 0.0007, 2.4079, 0.86926, 0.00211, 0.42885, 1.3474, 3.5995, 1.0113, 0.41365, 0.2964, 3.1539, 4.3629, 0.73944, 5.8899, 0.0075469, 2.3961, 0.47346, 0.027816, 0.79898, 1.0272, 1.1654, 0.9811, 0.34839, 0.161, 2.3186, 3.3329, 0.42535, 4.2612, 0.0044024, 1.4652, 0.11829, 0.023836, 0.26466, 1.6676, 6.0336, 1.0414, 0.47891, 0.43179, 3.9893, 5.3928, 1.0535, 7.5185, 0.010691, 3.327, 0.82864, 0.031797, 1.3333, 0.037895, 2.1899, 0.00033617, 0.0015742, 0.0067756, 0.25791, 0.39209, 0.036463, 0.98039, 3.6548e-06, 0.32029, 0.046626, 5.8557e-06, 0.10552, 0.69583, 0.93417, 0.96634, 0.07334, 0.006474, 1.0935, 2.6296, 0.42512, 3.4244, -0.0051209, 0.042854, -0.32195, 0.009235, 0.2212, 1.9989, 6.2648, 1.0562, 0.75396, 0.58632, 5.2143, 6.0962, 1.0538, 8.3554, 0.020215, 4.7493, 1.2689, 0.046398, 1.3768, 0.15691, 2.6257, 0.0007458, 0.042805, 0.031068, 1.5691, 1.1104, 0.036517, 2.2468, 5.9313e-05, 2.0468, 0.23385, 0.00012761, 0.12339
51, 0.66703, 0.0801, 0.00808, 0.05737, 0.50394, 0.32326, 1.7819, 6.8344, 0.99722, 0.08226, 0.82884, 1.86, 2.582, 0.51998, 2.2647, 0.00221, 0.78569, 1.2897, 0.00133, 0.25544, 1.2736, 1.1862, 1.0066, 0.32509, 0.52225, 2.0489, 1.5415, 0.7135, 3.3341, 0.013769, 4.4041, 0.77712, 0.0108, 0.55757, 0.92058, -1.4942, 0.97545, 0.26874, 0.34404, 0.95936, -0.0013216, 0.39755, 0.86296, 0.0086223, 0.3328, 0.28149, 0.0028468, -0.19782, 1.6267, 3.8667, 1.0378, 0.38144, 0.70047, 3.1384, 3.0844, 1.0295, 5.8053, 0.018915, 8.4755, 1.2727, 0.018754, 1.313, 0.046067, 2.6557, 0.00035955, 0.0011736, 0.011739, 0.43875, 0.87981, 0.036898, 2.2571, 9.7895e-06, 6.1266, 0.090795, 2.3381e-05, 0.21091, 0.60531, -1.7058, 0.96102, -0.013622, 0.21003, -0.12703, -0.53788, 0.39732, 0.24657, 0.00046196, -0.2053, -0.090172, -0.0090159, -0.22917, 1.9419, 4.0783, 1.0523, 0.66381, 0.83448, 4.2248, 3.6209, 1.0297, 6.4217, 0.027076, 9.0136, 1.6444, 0.030616, 1.3443, 0.16508, 3.0915, 0.00076918, 0.042405, 0.036032, 1.75, 1.5982, 0.036952, 3.5235, 6.5448e-05, 7.8531, 0.27802, 0.00014514, 0.22878
52, 0.66703, 0.16021, 0.00808, 0.05737, 0.30236, 0.50529, 1.8126, 0.95506, 0.99843, 0.79143, 0.41256, 1.2142, 0.4606, 0.76453, 3.6919, 0.03009, 4.2161, 0.99262, 0.03117, 0.19445, 1.2988, 3.4939, 1.0066, 0.30491, 0.31881, 1.8443, 2.4804, 0.71354, 3.3341, 0.011046, 5.0473, 0.66843, 0.020426, 0.556, 0.93527, 0.82534, 0.97545, 0.24856, 0.15605, 0.8618, 0.93716, 0.39759, 0.86296, 0.0072866, 3.8019, 0.27312, 0.014038, -0.1994, 1.6623, 6.1624, 1.0378, 0.36126, 0.48156, 2.8269, 4.0236, 1.0295, 5.8053, 0.014806, 6.2926, 1.0637, 0.026815, 1.3114, 0.048847, 2.632, 0.00035955, 0.0011736, 0.0097908, 0.35681, 0.88024, 0.036898, 2.2571, 5.2247e-06, 0.57321, 0.057758, 1.5084e-05, 0.21091, 0.62489, 0.61287, 0.96102, -0.033807, 0.015141, -0.28003, 0.40071, 0.39736, 0.24657, -0.001788, 2.5529, -0.1457, 0.0011851, -0.23074, 1.9727, 6.3748, 1.0523, 0.64362, 0.62248, 3.9687, 4.5601, 1.0297, 6.4217, 0.023881, 7.5417, 1.4826, 0.039668, 1.3427, 0.16786, 3.0678, 0.00076918, 0.042405, 0.034084, 1.668, 1.5986, 0.036951, 3.5235, 6.0883e-05, 2.2997, 0.24498, 0.00013684, 0.22878
53, 0.5022, 0.26402, 0.03736, 0.0986, 0.95, 0.42686, 1.6846, 0.55557, 1.0217, 0.23469, 0.17361, 0.66103, 1.472, 0.86844, 1.9322, 0.03395, 2.5338, 0.75521, 0.01981, 0.83381, 1.2263, 1.1631, 1.0066, 0.3562, 0.42596, 1.9548, 2.741, 0.71297, 3.3341, 0.015098, 4.802, 0.78444, 0.0080237, 0.556, 0.85727, -1.4704, 0.97545, 0.30094, 0.19668, 1.0573, 1.0755, 0.39702, 0.86296, 0.010269, 3.6286, 0.28873, -0.0025336, -0.19939, 1.5953, 3.7967, 1.0378, 0.41147, 0.65524, 2.8523, 4.4065, 1.0289, 5.8053, 0.019926, 5.9753, 1.2801, 0.018581, 1.3114, 0.050333, 2.5635, 0.00035955, 0.001129, 0.019431, 0.29773, 1.0253, 0.036897, 2.2571, 8.616e-06, 0.50891, 0.090823, 4.1196e-05, 0.21091, 0.5494, -1.6855, 0.96102, 0.017667, 0.082019, -0.13162, 0.56903, 0.39679, 0.24657, 0.0019105, 2.3427, -0.082894, -0.012973, -0.23074, 1.9032, 4.0118, 1.0523, 0.69474, 0.7699, 4.0412, 4.913, 1.0292, 6.4217, 0.028284, 7.2612, 1.6518, 0.029021, 1.3427, 0.16935, 2.9993, 0.00076918, 0.04236, 0.043723, 1.6089, 1.7436, 0.036951, 3.5235, 6.4274e-05, 2.2354, 0.27805, 0.00016295, 0.22878
54, 0.5022, 0.69368, 0.07249, 0.14806, 1.6933, 0.45189, 1.0537, 0.54094, 1.033, 0.46773, 0.5484, 2.4149, 3.8017, 0.43074, 1.2976, 0.02309, 7.5424, 0.98804, 0.01251, 0.31937, 1.2486, 1.0265, 1.0066, 0.40936, 0.3681, 2.2665, 2.3878, 0.7135, 3.3341, 0.012444, 2.9096, 0.78553, 0.013096, 0.556, 0.86966, -1.5905, 0.97545, 0.3337, 0.13161, 1.1996, 0.51169, 0.39755, 0.86296, 0.0058285, 0.32917, 0.28982, 0.00096225, -0.19939, 1.6275, 3.6436, 1.0378, 0.48502, 0.60459, 3.3333, 4.2638, 1.0295, 5.8053, 0.019059, 5.49, 1.2812, 0.025229, 1.3114, 0.053067, 2.5315, 0.00035955, 0.0021158, 0.020672, 0.42066, 1.3009, 0.036898, 2.2571, 1.6174e-05, 2.4611, 0.090824, 5.4414e-05, 0.21091, 0.56624, -1.8069, 0.96102, 0.066908, 0.019315, 0.10183, 0.050418, 0.39732, 0.24657, -0.0014972, -0.45638, -0.081801, -0.0087365, -0.23074, 1.9309, 3.8599, 1.0523, 0.75182, 0.71689, 4.4311, 4.7251, 1.0297, 6.4217, 0.026384, 6.2756, 1.6529, 0.034928, 1.3427, 0.17208, 2.9673, 0.00076918, 0.043347, 0.044964, 1.7319, 2.0192, 0.036952, 3.5235, 7.1832e-05, 4.1876, 0.27805, 0.00017617, 0.22878
55, 0.5022, 0.34905, 0.04108, 0.08487, 0.7125, 0.52514, 1.3067, 0.77134, 0.98176, 0.43496, 0.93604, 1.2427, 1.1923, 0.78909, 1.9466, 0.01112, 7.7017, 1.0995, 0.00716, 0.25823, 1.3543, 0.99489, 1.0066, 0.34625, 0.37952, 1.8416, 2.1194, 0.84067, 3.3341, 0.016116, 6.9722, 0.75848, 0.0096004, 0.57143, 1.0023, 0.0030773, 0.97545, 0.29065, 0.184, 0.9941, 0.38656, 0.57667, 0.86296, 0.011459, 5.1656, 0.2659, 0.0027434, -0.18384, 1.7063, 1.9867, 1.0378, 0.40184, 0.57505, 2.6891, 3.8522, 1.1047, 5.8053, 0.020772, 8.7788, 1.2511, 0.016457, 1.3267, 0.045794, 0.36358, 0.00035955, 0.0011423, 0.014131, 0.26547, 1.1098, 0.02576, 2.2571, 8.0154e-06, 1.2064, 0.089682, 1.7379e-05, 0.21084, 0.68657, -0.47576, 0.96102, 0.0076565, 0.057102, -0.22378, -0.10463, 0.57639, 0.24657, 0.0029904, 4.1553, -0.10707, -0.0098017, -0.21519, 2.0221, 2.4655, 1.0523, 0.68483, 0.70195, 3.907, 4.3434, 1.1049, 6.4217, 0.029241, 9.7891, 1.624, 0.029002, 1.3581, 0.16481, 0.79939, 0.00076918, 0.042373, 0.038424, 1.5767, 1.8282, 0.025814, 3.5235, 6.3674e-05, 2.9329, 0.27691, 0.00013914, 0.22871
56, 0.38786, 0.18065, 0.01599, 0, 0.15753, 0.41111, 1.7415, 2.8458, 0.96208, 0.27946, 0.04235, 3.6143, 4.7075, 0.31881, 1.7451, 0.00058, 2.9589, 1.7136, 0.04205, 0.71901, 1.1292, 1.1626, 1.0085, 0.3176, 0.31049, 2.4578, 2.4181, 0.33014, 2.3232, 0.0157, 3.7963, 0.73244, 0.019815, 0.23445, 0.81626, 0.54014, 0.9857, 0.25364, 0.14722, 1.6656, 1.4117, 0.31808, 0.84171, 0.011777, 2.5347, 0.32568, 0.011054, 0.023346, 1.4421, 1.7851, 1.0312, 0.38156, 0.47377, 3.2499, 3.4246, 0.3422, 3.8047, 0.019623, 5.0578, 1.1392, 0.028576, 0.44556, 0.036194, 0.14321, 0.00019148, 0.0015122, 0.0098533, 0.23193, 0.37439, 5.3723e-05, 0.81125, 5.6886e-06, 0.58822, 0.061152, 2.837e-05, 0.016472, 0.48117, -0.089022, 0.96813, -0.022466, 0.0065484, 0.41446, 0.6987, 0.31308, -0.047693, 0.0028168, 1.2937, -0.087312, -0.000339, -0.070354, 1.7772, 2.4142, 1.0488, 0.65766, 0.61444, 4.501, 4.1376, 0.3472, 4.6941, 0.028583, 6.2988, 1.5522, 0.039969, 0.53926, 0.15521, 0.57902, 0.00060111, 0.042743, 0.034146, 1.5431, 1.0927, 0.00010752, 2.0777, 6.1347e-05, 2.3148, 0.24838, 0.00015013, 0.034339
57, 0.38786, 0.18065, 0.01599, 0, 0.15753, 0.41111, 0.84434, 1.06, 1.0105, 0.45324, 0.24489, 1.4649, 2.7925, 0.32958, 1.756, 0.02912, 2.4084, 0.62819, 0.0129, 0.20721, 1.402, 1.7494, 0.98581, 0.31122, 0.22834, 2.838, 3.4162, 0.31939, 2.3163, 0.012783, 3.9838, 1.087, 0.026607, 0.70628, 1.0891, 1.127, 0.96305, 0.24726, 0.065069, 2.0458, 2.4097, 0.30733, 0.83475, 0.0088599, 2.7223, 0.68021, 0.017846, 0.49517, 1.715, 2.3719, 1.0086, 0.37519, 0.39162, 3.6301, 4.4226, 0.33144, 3.7978, 0.016706, 5.2454, 1.4937, 0.035368, 0.91738, 0.036194, 0.14321, 0.00019148, 0.0015122, 0.0098533, 0.23193, 0.37439, 5.3723e-05, 0.81125, 5.6886e-06, 0.58822, 0.061152, 2.837e-05, 0.016472, 0.75402, 0.4978, 0.94548, -0.028839, -0.075603, 0.79466, 1.6967, 0.30233, -0.054656, -0.00010018, 1.4813, 0.26722, 0.006453, 0.40147, 2.0501, 3.0011, 1.0261, 0.65129, 0.53229, 4.8812, 5.1356, 0.33644, 4.6872, 0.025666, 6.4864, 1.9067, 0.046761, 1.0111, 0.15521, 0.57902, 0.00060111, 0.042743, 0.034146, 1.5431, 1.0927, 0.00010752, 2.0777, 6.1347e-05, 2.3148, 0.24838, 0.00015013, 0.034339
58, 0.38786, 0.15178, 0.01583, 0, 0.4252, 0.24306, 1.3134, 0.93144, 1.0036, 0.06397, 0.39276, 2.3692, 1.1397, 0.74281, 3.1396, 0.01706, 9.5298, 0.16453, 0.00271, 0.22839, 1.2531, 1.8452, 1.0066, 0.32543, 0.48963, 2.5498, 2.5226, 0.71357, 3.3341, 0.010078, 2.634, 0.79036, 0.013822, 0.58954, 0.88003, 0.50695, 0.97545, 0.26144, 0.2779, 1.4883, 1.2961, 0.39761, 0.86296, 0.003848, -1.5252, 0.29471, 0.0038523, -0.16475, 1.6263, 3.1834, 1.0378, 0.38942, 0.70136, 3.6113, 3.749, 1.0295, 5.8053, 0.016308, 6.7932, 1.286, 0.023791, 1.3438, 0.051454, 0.66193, 0.00035955, 0.0015134, 0.01657, 0.41651, 0.55594, 0.036898, 2.2571, 1.4347e-05, 6.3939, 0.090799, 3.6734e-05, 0.21029, 0.57401, 0.12183, 0.96102, -0.014642, 0.15713, 0.38776, 0.66577, 0.39738, 0.24657, -0.0036841, -2.0533, -0.07694, -0.0068861, -0.19614, 1.9323, 3.5686, 1.0523, 0.6655, 0.82213, 4.7118, 4.3793, 1.0298, 6.4217, 0.023841, 7.3212, 1.6577, 0.034529, 1.3752, 0.17047, 1.0977, 0.00076918, 0.042744, 0.040863, 1.7277, 1.2743, 0.036951, 3.5235, 7.0005e-05, 8.1204, 0.27802, 0.00015849, 0.22816
59, 0.5, 0.20729, 0.00268, 0.00216, 0.28937, 0.53531, 0.70526, 0.80771, 1.0454, 0.15852, 0.25075, 1.7056, 1.5986, 0.865, 3.3482, 0.0065, 7.5427, 0.19883, 0.00654, 0.27058, 1.2181, 1.8849, 1.0238, 0.31602, 0.29973, 2.5215, 1.9619, 0.71351, 1.9909, 0.01156, 7.4854, 0.7688, 0.025095, 0.20568, 0.96768, 1.2462, 1.0006, 0.24857, 0.16789, 1.905, 1.131, 0.39755, 0.79307, 0.007435, 6.1388, 0.36524, 0.018551, 0.053325, 1.4686, 2.5237, 1.047, 0.38348, 0.43157, 3.138, 2.7928, 1.0295, 3.1888, 0.015685, 8.8319, 1.1724, 0.031638, 0.35804, 0.023186, 0.1508, 0.00019892, 0.0016817, 0.0064248, 0.14047, 0.25517, 0.036898, 0.53033, 6.2889e-06, 0.6702, 0.060196, 1.5826e-05, 0.0085798, 0.59788, 0.6251, 0.98324, -0.024714, 0.011448, 0.53967, 0.339, 0.39732, -0.21389, -0.0013862, 4.9389, -0.049372, 0.0058012, -0.061812, 1.8384, 3.1447, 1.0644, 0.65676, 0.58802, 4.5033, 3.5849, 1.0297, 4.1957, 0.024506, 10.032, 1.587, 0.044388, 0.47318, 0.1422, 0.58661, 0.00060855, 0.042913, 0.030718, 1.4517, 0.97352, 0.036952, 1.7968, 6.1947e-05, 2.3967, 0.24742, 0.00013758, 0.026447
60, 0.5, 0.23049, 0.00283, 0.0024, 0.28937, 0.56103, 0.92296, 2.6697, 1.0365, 0.37604, 0.04605, 0.94362, 1.1988, 0.68365, 1.4465, 0.00723, 9.7024, 0.65292, 0.03386, 0.18662, 1.1756, 0.94145, 1.0207, 0.30723, 0.35376, 2.5626, 2.1071, 0.71497, 2.9437, 0.010881, 7.6325, 0.654, 0.022276, 0.24604, 0.92536, 0.25763, 0.99397, 0.23993, 0.21126, 1.9516, 1.2105, 0.39903, 1.5195, 0.0066701, 5.5403, 0.20231, 0.015614, 0.092584, 1.4259, 1.6253, 1.0473, 0.37453, 0.49626, 3.1735, 3.0036, 1.0309, 4.3679, 0.015092, 9.7247, 1.1057, 0.028937, 0.39949, 0.023154, 0.17284, 0.00026311, 0.0016739, 0.0075052, 0.13796, 0.29709, 0.036894, 0.74972, 6.5536e-06, 1.6179, 0.07541, 1.6401e-05, 0.0087037, 0.55545, -0.3418, 0.97799, -0.033479, 0.06045, 0.58248, 0.44956, 0.3988, 0.60814, -0.0020927, 4.6244, -0.18895, 0.002942, -0.022083, 1.7958, 2.2247, 1.0633, 0.64793, 0.64707, 4.5427, 3.7646, 1.0311, 5.2792, 0.023855, 10.641, 1.497, 0.04161, 0.51416, 0.14217, 0.60865, 0.00067274, 0.042905, 0.031798, 1.4492, 1.0154, 0.036948, 2.0161, 6.2212e-05, 3.3444, 0.26263, 0.00013816, 0.026571
61, 0.5, 0.19083, 0.00262, 0.00206, 0.28937, 0.50593, 1.3543, 1.4614, 1.0335, 0.49574, 0.4723, 4.043, 2.4362, 0.8491, 1.8543, 0.00653, 4.1898, 0.67527, 0.03515, 0.1958, 1.0917, 1.6477, 1.02, 0.30223, 0.25601, 2.2955, 1.6822, 0.71181, 2.8277, 0.012069, 4.9378, 0.75296, 0.020482, 0.24187, 0.84115, 1.0238, 0.9929, 0.23471, 0.12419, 1.6632, 0.8578, 0.39586, 1.3793, 0.0079971, 3.6106, 0.36152, 0.013999, 0.08891, 1.3422, 2.2716, 1.0472, 0.36975, 0.38783, 2.9279, 2.5067, 1.0278, 4.2762, 0.016141, 6.265, 1.1444, 0.026965, 0.39483, 0.0232, 0.14388, 0.00027228, 0.0016849, 0.0064223, 0.14779, 0.25122, 0.036897, 0.77541, 6.1281e-06, 0.65104, 0.056632, 1.5534e-05, 0.0086479, 0.47139, 0.39536, 0.97709, -0.038521, -0.032264, 0.30871, 0.062596, 0.39563, 0.47737, -0.00086037, 2.4016, -0.0593, 0.0012087, -0.025968, 1.712, 2.9001, 1.063, 0.64298, 0.54428, 4.2823, 3.3019, 1.028, 5.1781, 0.024998, 7.4741, 1.5652, 0.039755, 0.50971, 0.14222, 0.57969, 0.00068191, 0.042916, 0.030715, 1.459, 0.96957, 0.036951, 2.0418, 6.1786e-05, 2.3776, 0.24386, 0.00013729, 0.026515
