,id,name,type,testcf,pd,ft,axl,diam,l,fpc,fyl,fsul,fyt,fsut,dlb,nlb,cc,dsp,s,ar,lrr,srr,alr,sdr,smr
0,254,"Davey 1975, No. 1",0,Cantilever with Hammer Head,Feff provided,0,380.0,500.0,2750.0,33.2,373.0,564.0,312.0,0,18.4,20.0,20.2,6.5,65.0,0.18181818181818182,0.3042960963855421,0.010830592738562177,0.058292894819200226,0.3532608695652174,0.4294391247424021
1,255,"Davey 1975, No. 2",0,Cantilever with Hammer Head,Feff provided,0,380.0,500.0,1750.0,34.8,371.0,562.0,312.0,0,18.4,20.0,20.2,6.5,65.0,0.2857142857142857,0.2887488735632184,0.010578684023220614,0.05561276172406458,0.3532608695652174,0.5283890120372289
2,256,"Davey 1975, No. 3",0,Cantilever with Hammer Head,Feff provided,0,380.0,500.0,3250.0,33.8,373.0,563.0,342.0,0,18.4,20.0,20.2,6.5,65.0,0.15384615384615385,0.29889439053254435,0.01176615131422704,0.057258109704066494,0.3532608695652174,0.3690104172266724
3,257,"Munro et al. 1976, No. 1",0,Cantilever with Hammer Head,Feff provided,0,26.4,500.0,2730.0,40.0,305.0,411.0,389.0,0,18.4,20.0,20.2,8.0,34.0,0.18315018315018314,0.20652159999999994,0.018635435207297973,0.00336135239810083,0.4347826086956522,0.11561458849614054
4,258,"Ng et al. 1978, No. 2",0,Cantilever with Hammer Head,Feff provided,0,16.9,250.0,1340.0,35.1,305.0,411.0,263.0,0,13.0,10.0,10.8,4.4,14.0,0.1865671641791045,0.23496296296296298,0.016474617649673673,0.009808660196478289,0.3384615384615385,0.12380991462724546
5,259,"Ng et al. 1978, No. 3",0,Cantilever with Hammer Head,Feff provided,0,550.0,250.0,930.0,33.0,294.0,396.0,207.0,0,12.0,10.0,10.2,4.3,10.0,0.26881720430107525,0.20526545454545456,0.012638819723107993,0.33953054526271004,0.35833333333333334,0.3196310056969385
6,260,"Ang et al. 1981, No. 1",0,Double Ended,Shear provided,0,680.0,400.0,1600.0,26.0,308.0,465.0,308.0,0,16.0,16.0,16.0,6.0,40.0,0.25,0.3032615384615384,0.01605724027064763,0.2081256948124785,0.375,0.41679431112184095
7,261,"Ang et al 1981, No. 2",0,Double Ended,Shear provided,0,2111.0,400.0,1600.0,28.5,308.0,465.0,280.0,0,16.0,16.0,18.0,10.0,55.0,0.25,0.276659649122807,0.03958519913701158,0.5894317278368264,0.625,0.35315042005629926
8,262,"Potangaroa et al. 1979, No. 1",0,Double Ended,Shear provided,0,1920.0,600.0,1200.0,28.4,303.0,409.0,300.0,0,24.0,16.0,25.0,10.0,75.0,0.5,0.27312676056338026,0.01860958574481326,0.23910601779064086,0.4166666666666667,0.6022991727022895
9,263,"Potangaroa et al. 1979, No. 3",0,Double Ended,Shear provided,1,4300.0,600.0,1200.0,26.6,303.0,409.0,300.0,0,24.0,16.0,25.0,10.0,50.0,0.5,0.29160902255639093,0.019228927297425154,0.5717345491187551,0.4166666666666667,0.5394903375974002
10,264,"Potangaroa et al. 1979, No. 4",0,Double Ended,Shear provided,0,3785.0,600.0,1200.0,32.9,303.0,409.0,423.0,0,24.0,16.0,25.0,10.0,70.0,0.5,0.2357689969604863,0.024379064670092068,0.40689055022142784,0.4166666666666667,0.5801514935746354
11,265,"Potangaroa et al. 1979, No. 5A",0,Double Ended,Shear provided,0,3385.0,600.0,1200.0,32.5,307.0,414.0,280.0,0,24.0,16.0,28.0,16.0,55.0,0.5,0.24182153846153845,0.042487239689613876,0.36836887683149794,0.6666666666666666,0.3984847181782266
12,266,"Potangaroa et al. 1979, No. 5B",0,Double Ended,Shear provided,0,6770.0,600.0,1200.0,32.5,307.0,414.0,280.0,0,24.0,16.0,28.0,16.0,55.0,0.5,0.24182153846153845,0.042487239689613876,0.7367377536629959,0.6666666666666666,0.37436140554609665
13,267,"Ang et al. 1985, No. 1",0,Cantilever with Flexible Base,Shear provided,1,0.0,400.0,800.0,37.5,436.0,674.0,328.0,0,16.0,20.0,18.0,6.0,60.0,0.5,0.37205333333333335,0.014553181420713969,0.0,0.375,0.7243750499280002
14,268,"Ang et al. 1985, No. 2",0,Cantilever with Flexible Base,Shear provided,1,0.0,400.0,800.0,37.2,296.0,457.0,328.0,0,16.0,20.0,18.0,6.0,60.0,0.5,0.25462365591397845,0.014611745767677735,0.0,0.375,0.4929803483531119
15,269,"Ang et al. 1985, No. 3",0,Cantilever with Flexible Base,Shear provided,1,0.0,400.0,1000.0,36.0,436.0,674.0,328.0,0,16.0,20.0,18.0,6.0,60.0,0.4,0.38755555555555554,0.014853278589542327,0.0,0.375,0.6673089133089132
16,270,"Ang et al. 1985, No. 4",0,Cantilever with Flexible Base,Shear provided,2,0.0,400.0,800.0,30.6,436.0,674.0,316.0,0,16.0,20.0,20.0,10.0,165.0,0.5,0.4559477124183006,0.04407794796212407,0.0,0.625,0.7783582794756119
17,271,"Ang et al. 1985, No. 5",0,Cantilever with Flexible Base,Shear provided,1,0.0,400.0,800.0,31.1,436.0,674.0,328.0,0,16.0,20.0,18.0,6.0,40.0,0.5,0.44861736334405145,0.015980611096762905,0.0,0.375,0.6347164891131942
18,272,"Ang et al. 1985, No. 6",0,Cantilever with Flexible Base,Shear provided,2,0.0,400.0,600.0,30.1,436.0,674.0,328.0,0,16.0,20.0,18.0,6.0,60.0,0.6666666666666666,0.46352159468438536,0.016243900828204597,0.0,0.375,0.8635593678789127
19,273,"Ang et al. 1985, No. 7",0,Cantilever with Flexible Base,Shear provided,2,0.0,400.0,800.0,29.5,448.0,693.0,372.0,0,16.0,20.0,18.0,6.0,80.0,0.5,0.4859661016949153,0.018609369766474985,0.0,0.375,0.8528580144943229
20,274,"Ang et al. 1985, No. 8",0,Cantilever with Flexible Base,Shear provided,1,721.0,400.0,800.0,28.7,448.0,693.0,372.0,0,16.0,20.0,18.0,6.0,30.0,0.5,0.4995121951219512,0.018866951150110754,0.19991413583494172,0.375,0.6441612029721202
21,275,"Ang et al. 1985, No. 9",0,Cantilever with Flexible Base,Shear provided,0,751.0,400.0,1000.0,29.9,448.0,693.0,372.0,0,16.0,20.0,18.0,6.0,30.0,0.4,0.4794648829431438,0.018484473256190796,0.1998751877291194,0.375,0.576906034032295
22,276,"Ang et al. 1985, No. 10",0,Cantilever with Flexible Base,Shear provided,1,784.0,400.0,800.0,31.2,448.0,693.0,332.0,0,16.0,20.0,21.0,12.0,120.0,0.5,0.4594871794871795,0.06678166235853518,0.19996390285904797,0.75,0.682230797687543
23,277,"Ang et al. 1985, No. 11",0,Cantilever with Flexible Base,Shear provided,1,751.0,400.0,800.0,29.9,448.0,693.0,372.0,0,16.0,20.0,18.0,6.0,60.0,0.5,0.4794648829431438,0.018484473256190796,0.1998751877291194,0.375,0.8484867223777279
24,278,"Ang et al. 1985, No. 12",0,Cantilever with Flexible Base,Shear provided,1,359.0,400.0,600.0,28.6,436.0,674.0,328.0,0,16.0,20.0,18.0,6.0,30.0,0.6666666666666666,0.4878321678321678,0.016664433730859594,0.09988920379368955,0.375,0.7136185673364089
25,279,"Ang et al. 1985, No. 13",0,Cantilever with Flexible Base,Shear provided,1,455.0,400.0,800.0,36.2,436.0,679.0,326.0,0,16.0,20.0,18.0,6.0,30.0,0.5,0.38541436464088397,0.014721872367866515,0.10002140760609445,0.375,0.620939556188632
26,280,"Ang et al. 1985, No. 14",0,Cantilever with Flexible Base,Shear provided,1,0.0,400.0,800.0,33.7,424.0,671.0,326.0,0,24.0,9.0,18.0,6.0,60.0,0.5,0.4076439169139465,0.015258167673895009,0.0,0.25,0.7383871970091468
27,281,"Ang et al. 1985, No. 15",0,Cantilever with Flexible Base,Shear provided,1,0.0,400.0,800.0,34.8,436.0,679.0,326.0,0,16.0,12.0,18.0,6.0,60.0,0.5,0.24055172413793105,0.015015082112844599,0.0,0.375,0.4456365353860116
28,282,"Ang et al. 1985, No. 16",0,Cantilever with Flexible Base,Shear provided,2,420.0,400.0,800.0,33.4,436.0,679.0,326.0,0,16.0,20.0,18.0,6.0,60.0,0.5,0.4177245508982036,0.015326539193366996,0.10006747918951504,0.375,0.8184139320397075
29,283,"Ang et al. 1985, No. 17",0,Cantilever with Flexible Base,Shear provided,1,431.0,400.0,1000.0,34.3,436.0,679.0,326.0,0,16.0,20.0,18.0,6.0,60.0,0.4,0.4067638483965015,0.015124125536025285,0.0999938490854328,0.375,0.7565568201355242
30,284,"Ang et al. 1985, No. 18",0,Cantilever with Flexible Base,Shear provided,2,440.0,400.0,600.0,35.0,436.0,674.0,326.0,0,16.0,20.0,18.0,6.0,60.0,0.6666666666666666,0.39862857142857144,0.014972120416456151,0.10004024994347706,0.375,0.8816241769480264
31,285,"Ang et al. 1985, No. 19",0,Cantilever with Flexible Base,Shear provided,2,432.0,400.0,600.0,34.4,436.0,679.0,326.0,0,16.0,20.0,18.0,6.0,80.0,0.6666666666666666,0.40558139534883725,0.015102126796328713,0.09993449915072498,0.375,0.9438649780755111
32,286,"Ang et al. 1985, No. 20",0,Cantilever with Flexible Base,Shear provided,2,807.0,400.0,700.0,36.7,482.0,758.0,326.0,0,16.0,20.0,18.0,6.0,80.0,0.5714285714285714,0.42027247956403263,0.014621243216011064,0.1749837044620702,0.375,0.9922216289082927
33,287,"Ang et al. 1985, No. 21",0,Cantilever with Flexible Base,Shear provided,2,0.0,400.0,800.0,33.2,436.0,679.0,326.0,0,16.0,20.0,18.0,6.0,80.0,0.5,0.42024096385542165,0.015372634152161793,0.0,0.375,0.837978399565385
34,288,"Ang et al. 1985, No. 22",0,Cantilever with Flexible Base,Shear provided,2,0.0,400.0,800.0,30.9,436.0,679.0,310.0,0,16.0,20.0,20.0,10.0,220.0,0.5,0.45152103559870554,0.04303060503818632,0.0,0.625,0.8698877035575824
35,289,"Ang et al. 1985, No. 23",0,Cantilever with Flexible Base,Shear provided,1,0.0,400.0,800.0,32.3,436.0,679.0,332.0,0,16.0,20.0,21.0,12.0,160.0,0.5,0.43195046439628487,0.06563466324760237,0.0,0.75,0.6249953062173014
36,290,"Ang et al. 1985, No. 24",0,Cantilever with Flexible Base,Shear provided,1,0.0,400.0,800.0,33.1,436.0,679.0,310.0,0,16.0,20.0,20.0,10.0,110.0,0.5,0.42151057401812686,0.041575999195565094,0.0,0.625,0.6397940442004048
37,291,"Ang et al. 1985, No. 25",0,Cantilever with Flexible Base,Shear provided,2,0.0,400.0,600.0,32.8,296.0,457.0,0.0,0,16.0,20.0,0.0,0.0,0.0,0.6666666666666666,0.2887804878048781,0.0,0.0,0.0,0.8638092774038707
38,292,"Zahn et al. 1986, No. 5",0,Double Ended,Shear provided,0,555.0,400.0,1600.0,32.3,337.0,491.0,466.0,0,16.0,16.0,18.0,10.0,135.0,0.25,0.26709597523219814,0.06188450026307373,0.13673528392569959,0.625,0.3607825889791264
39,293,"Zahn et al. 1986, No. 6",0,Double Ended,Shear provided,0,2080.0,400.0,1600.0,27.0,337.0,491.0,466.0,0,16.0,16.0,18.0,10.0,75.0,0.25,0.3195259259259259,0.06768637680693898,0.6130412622798932,0.625,0.31132415043963113
40,294,"Watson and Park 1989, No 10",0,Double Ended,Shear provided,0,2652.0,400.0,1600.0,40.0,474.0,633.3,372.0,0,16.0,12.0,17.0,8.0,84.0,0.25,0.22752,0.02810158056872733,0.527598636349633,0.5,0.5618544728729904
41,295,"Watson and Park 1989, No 11",0,Double Ended,Shear provided,0,3620.0,400.0,1600.0,39.0,474.0,633.3,338.0,0,16.0,12.0,18.0,10.0,57.0,0.25,0.23335384615384613,0.04084901882782835,0.738642171785463,0.625,0.35494057700923765
42,296,"Wong et al. 1990, No. 1",0,Cantilever,Shear provided,0,907.0,400.0,800.0,38.0,423.0,577.0,300.0,0,16.0,20.0,20.0,10.0,60.0,0.5,0.3562105263157895,0.037551254891380226,0.18993885971624877,0.625,0.6016545613584422
43,297,"Wong et al. 1990, No. 2",0,Cantilever,Shear provided,1,1813.0,400.0,800.0,37.0,475.0,625.0,340.0,0,16.0,20.0,18.0,6.0,65.0,0.5,0.41081081081081083,0.015187202667382963,0.3899296105751435,0.375,0.9243782778322838
44,298,"Wong et al. 1990, No. 3",0,Cantilever,Shear provided,0,1813.0,400.0,800.0,37.0,475.0,625.0,300.0,0,16.0,20.0,20.0,10.0,60.0,0.5,0.41081081081081083,0.03805532113549938,0.3899296105751435,0.625,0.6899229944739176
45,299,"Petrovski and Ristic 1984, M1E1",0,Cantilever,Not defined in report,0,145.0,307.0,1910.0,38.8,240.0,0.0,240.0,0,12.0,12.0,36.0,6.0,75.0,0.16073298429319371,0.11340873424454831,0.025116675527147865,0.05048584671099866,0.5,0.23969236027743807
46,300,"Petrovsky and Ristic 1984, M1E2",0,Cantilever,Not defined in report,0,254.0,307.0,1910.0,36.2,240.0,0.0,240.0,0,12.0,12.0,36.0,6.0,75.0,0.16073298429319371,0.1215541129471954,0.026003016566399143,0.09478912488211733,0.5,0.2979639871938227
47,301,"Petrovsky and Ristic 1984, M2E1",0,Cantilever,Not defined in report,1,145.0,307.0,900.0,35.9,240.0,0.0,240.0,0,12.0,12.0,36.0,6.0,75.0,0.3411111111111111,0.12256988547878758,0.026111438231511633,0.05456409059573114,0.5,0.34155435831489495
48,302,"Petrovsky and Ristic 1984, M2E2",0,Cantilever,Not defined in report,1,254.0,307.0,895.0,34.4,240.0,0.0,240.0,0,12.0,12.0,36.0,6.0,75.0,0.34301675977653634,0.12791450257815332,0.0266746541105699,0.09974902095153047,0.5,0.41399108231087045
49,303,"Lim et al. 1990, Con1",0,Cantilever,Feff provided,0,151.0,152.0,1140.0,34.5,448.0,0.0,620.0,0,12.7,8.0,10.2,3.7,22.0,0.13333333333333333,0.7252189971496247,0.08343990703354215,0.2412019391271849,0.2913385826771654,0.21516097717318783
50,304,"Lim et al. 1990, Con2",0,Cantilever,Feff provided,0,151.0,152.0,570.0,34.5,448.0,0.0,620.0,0,12.7,8.0,10.2,3.7,22.0,0.26666666666666666,0.7252189971496247,0.08343990703354215,0.2412019391271849,0.2913385826771654,0.38040819809344445
51,305,"Lim et al. 1990, Con3",0,Cantilever,Feff provided,0,220.0,152.0,570.0,34.5,448.0,0.0,620.0,0,12.7,8.0,10.2,3.7,22.0,0.26666666666666666,0.7252189971496247,0.08343990703354215,0.35142004376146146,0.2913385826771654,0.39776638369112427
52,306,"NIST, Full Scale Flexure",0,Cantilever,Shear provided,0,4450.0,1520.0,9140.0,35.8,475.0,0.0,493.0,0,43.0,25.0,58.7,15.9,89.0,0.16630196936542668,0.26546075602763897,0.010588440133285276,0.06850147564560484,0.3697674418604651,0.2375592340036756
53,307,"NIST, Full Scale Shear",0,Cantilever,Shear provided,0,4450.0,1520.0,4570.0,34.3,475.0,0.0,435.0,0,43.0,25.0,60.3,19.1,54.0,0.33260393873085337,0.2770698269909468,0.013836466383329414,0.0714971670003689,0.44418604651162796,0.2299267504200819
54,308,"NIST, Model N1",0,Cantilever,Shear provided,0,120.0,250.0,750.0,24.1,446.0,0.0,441.0,0,7.0,25.0,9.9,3.1,9.0,0.3333333333333333,0.3627219917012448,0.0162908152041431,0.10143651144778058,0.4428571428571429,0.2260097790668242
55,309,"NIST, Model N2",0,Cantilever,Shear provided,0,239.0,250.0,750.0,23.1,446.0,0.0,441.0,0,7.0,25.0,9.9,3.1,9.0,0.3333333333333333,0.3784242424242424,0.016639694503697653,0.2107735073189291,0.4428571428571429,0.2690601804692829
56,310,"NIST, Model N3",0,Cantilever,Shear provided,0,120.0,250.0,1500.0,25.4,446.0,0.0,476.0,0,7.0,25.0,9.7,2.7,14.0,0.16666666666666666,0.34415748031496063,0.012947890466701448,0.09624487897210679,0.38571428571428573,0.2168245575199555
57,311,"NIST, Model N4",0,Cantilever,Shear provided,0,120.0,250.0,750.0,24.4,446.0,0.0,441.0,0,7.0,25.0,9.9,3.1,9.0,0.3333333333333333,0.3582622950819672,0.016190357009569497,0.100189341225062,0.4428571428571429,0.22590200708370067
58,312,"NIST, Model N5",0,Cantilever,Shear provided,0,239.0,250.0,750.0,24.3,446.0,0.0,441.0,0,7.0,25.0,9.9,3.1,9.0,0.3333333333333333,0.3597366255144033,0.016223636298559038,0.20036493905626593,0.4428571428571429,0.2695809240411106
59,313,"NIST, Model N6",0,Cantilever,Shear provided,0,120.0,250.0,1500.0,23.3,446.0,0.0,476.0,0,7.0,25.0,9.7,2.7,14.0,0.16666666666666666,0.37517596566523603,0.013518792889102006,0.10491931012409926,0.38571428571428573,0.21748766555741914
60,314,"BRI No. 2 (Japan), spbaa1",0,Double Cantilever,Shear provided,0,184.0,250.0,375.0,26.5,399.0,0.0,355.0,0,9.6,4.0,40.0,8.9,50.0,0.6666666666666666,0.08880746264150945,0.18901122055950317,0.14144970640378562,0.9270833333333334,0.20877757038960182
61,315,"BRI No. 3 (Japan), ws21bs",0,Double Cantilever,Shear provided,1,322.0,250.0,250.0,26.5,375.0,0.0,334.5,0,9.5,8.0,40.0,8.9,33.0,1.0,0.16347169811320755,0.17809648810465864,0.24753698620662484,0.9368421052631579,0.32642662584890536
62,316,"BRI No. 3 (Japan), ws22bs",0,Double Cantilever,Shear provided,0,322.0,250.0,500.0,31.6,375.0,0.0,366.0,0,9.5,8.0,38.0,5.9,63.0,0.5,0.13708860759493668,0.07485883616100716,0.20758639666061893,0.6210526315789474,0.4538325729809085
63,317,"BRI No. 3 (Japan), ws25bs",0,Double Cantilever,Shear provided,1,161.0,250.0,250.0,26.5,382.0,0.0,334.5,0,12.7,8.0,40.0,8.9,46.0,1.0,0.2976013524528302,0.17809648810465864,0.12376849310331242,0.7007874015748032,0.4078208604662262
64,318,"BRI No. 3 (Japan), ws26bs",0,Double Cantilever,Shear provided,1,161.0,250.0,500.0,31.6,382.0,0.0,386.5,0,12.7,8.0,37.0,3.9,37.0,0.5,0.24957075443037974,0.03376057504506508,0.10379319833030946,0.30708661417322836,0.5240605929959721
65,319,"BRI No. 3 (Japan), ws27bs",0,Double Cantilever,Shear provided,0,322.0,250.0,500.0,31.6,345.0,0.0,334.5,0,15.9,8.0,40.0,8.9,42.0,0.5,0.3532939746835443,0.16309278592078544,0.20758639666061893,0.559748427672956,0.3594574375285378
66,320,"Arakawa et al. 1987, No. 1",0,Double Cantilever,Feff provided,2,0.0,275.0,300.0,28.8,366.0,0.0,368.0,0,16.0,12.0,20.0,6.0,100.0,0.9166666666666666,0.5162314049586777,0.044701114480032014,0.0,0.375,1.039689191766905
67,321,"Arakawa et al. 1987, No. 2",0,Double Cantilever,Feff provided,2,0.0,275.0,300.0,29.3,366.0,0.0,368.0,0,16.0,12.0,20.0,6.0,50.0,0.9166666666666666,0.5074219953177446,0.04431806444907008,0.0,0.375,0.8074174538636124
68,322,"Arakawa et al. 1987, No. 3",0,Double Cantilever,Feff provided,2,215.0,275.0,300.0,28.6,366.0,0.0,0.0,0,16.0,12.0,23.0,0.0,0.0,0.9166666666666666,0.5198414147835635,0.0,0.1265660299915899,0.0,1.3077802781762395
69,323,"Arakawa et al. 1987, No. 4",0,Double Cantilever,Feff provided,2,215.0,275.0,300.0,29.8,366.0,0.0,368.0,0,16.0,12.0,20.0,6.0,100.0,0.9166666666666666,0.4989082034499972,0.04394469583778173,0.12146941133421044,0.375,1.0314753029560915
70,324,"Arakawa et al. 1987, No. 6",0,Double Cantilever,Feff provided,2,215.0,275.0,300.0,28.6,366.0,0.0,368.0,0,16.0,12.0,20.0,6.0,50.0,0.9166666666666666,0.5198414147835635,0.044857139786806846,0.1265660299915899,0.375,0.8646875766903411
71,325,"Arakawa et al. 1987, No. 8",0,Double Cantilever,Feff provided,2,215.0,275.0,300.0,31.4,366.0,0.0,368.0,0,16.0,12.0,20.0,6.0,35.0,0.9166666666666666,0.4734861293888509,0.04281044782511911,0.11527988718979207,0.375,0.7445583362621556
72,326,"Arakawa et al. 1987, No. 9",0,Double Cantilever,Feff provided,2,215.0,275.0,300.0,30.5,366.0,0.0,368.0,0,16.0,16.0,20.0,6.0,50.0,0.9166666666666666,0.6499438016528926,0.04343748532625751,0.11868158877899905,0.375,1.053114918673528
73,327,"Arakawa et al. 1987, No. 10",0,Double Cantilever,Feff provided,1,215.0,275.0,300.0,30.2,366.0,0.0,368.0,0,16.0,8.0,20.0,6.0,50.0,0.9166666666666666,0.32820009851677523,0.04365270126967009,0.11986054495892288,0.375,0.6577001052409631
74,328,"Arakawa et al. 1987, No. 11",0,Double Cantilever,Feff provided,2,430.0,275.0,300.0,28.7,366.0,0.0,0.0,0,16.0,12.0,23.0,0.0,0.0,0.9166666666666666,0.5180301206553978,0.0,0.2522500667428203,0.0,1.2580437994459532
75,329,"Arakawa et al. 1987, No. 12",0,Double Cantilever,Feff provided,2,430.0,275.0,300.0,27.8,366.0,0.0,368.0,0,16.0,12.0,20.0,6.0,100.0,0.9166666666666666,0.5348008799571913,0.04549798853558425,0.2604164358100339,0.375,1.0483979235540424
76,330,"Arakawa et al. 1987, No. 13",0,Double Cantilever,Feff provided,2,430.0,275.0,300.0,30.5,366.0,0.0,368.0,0,16.0,12.0,20.0,6.0,50.0,0.9166666666666666,0.4874578512396694,0.04343748532625751,0.2373631775579981,0.375,0.8895234945129971
77,331,"Arakawa et al. 1987, No. 14",0,Double Cantilever,Feff provided,2,430.0,275.0,300.0,31.3,366.0,0.0,368.0,0,16.0,12.0,20.0,6.0,35.0,0.9166666666666666,0.4749988646265149,0.04287878058660523,0.23129638707728248,0.375,0.7912649916489607
78,332,"Arakawa et al. 1988, No. 15",0,Double Cantilever,Feff provided,1,0.0,275.0,450.0,32.0,363.0,0.0,381.0,0,16.0,12.0,20.0,6.0,75.0,0.6111111111111112,0.4608,0.04390528117136571,0.0,0.375,0.7694040372681877
79,333,"Arakawa et al. 1988, No. 16",0,Double Cantilever,Feff provided,0,0.0,275.0,450.0,31.3,363.0,0.0,381.0,0,16.0,12.0,20.0,6.0,35.0,0.6111111111111112,0.4711054313099041,0.044393520118197256,0.0,0.375,0.5161115985806239
80,334,"Arakawa et al. 1988, No. 17",0,Double Cantilever,Feff provided,2,215.0,275.0,300.0,31.3,363.0,0.0,381.0,0,16.0,12.0,20.0,6.0,75.0,0.9166666666666666,0.4711054313099041,0.044393520118197256,0.11564819353864124,0.375,0.9428038963691178
81,335,"Arakawa et al. 1988, No. 18",0,Double Cantilever,Feff provided,2,215.0,275.0,450.0,31.1,363.0,0.0,0.0,0,16.0,12.0,23.0,0.0,0.0,0.6111111111111112,0.4741350482315112,0.0,0.11639191182506337,0.0,1.2681390161984856
82,336,"Arakawa et al. 1988, No. 19",0,Double Cantilever,Feff provided,2,215.0,275.0,450.0,31.2,363.0,0.0,381.0,0,16.0,12.0,20.0,6.0,75.0,0.6111111111111112,0.4726153846153846,0.04446460666511934,0.11601886082562408,0.375,0.8366382664877919
83,337,"Arakawa et al. 1988, No. 20",0,Double Cantilever,Feff provided,0,215.0,275.0,450.0,29.3,363.0,0.0,381.0,0,16.0,12.0,20.0,6.0,35.0,0.6111111111111112,0.5032627986348123,0.04588364824754266,0.1235422681829171,0.375,0.6069454007359018
84,338,"Arakawa et al. 1988, No. 21",0,Double Cantilever,Feff provided,0,215.0,275.0,600.0,30.5,363.0,0.0,381.0,0,16.0,12.0,20.0,6.0,75.0,0.4583333333333333,0.4834622950819672,0.04497196171006552,0.11868158877899905,0.375,0.7542196317905766
85,339,"Arakawa et al. 1988, No. 22",0,Double Cantilever,Feff provided,2,215.0,275.0,450.0,20.5,363.0,0.0,381.0,0,16.0,12.0,20.0,6.0,75.0,0.6111111111111112,0.7192975609756097,0.054854823418473336,0.17657504671997418,0.375,0.8934662803166977
86,340,"Arakawa et al. 1988, No. 23",0,Double Cantilever,Feff provided,1,215.0,275.0,450.0,42.2,363.0,0.0,381.0,0,16.0,12.0,20.0,6.0,75.0,0.6111111111111112,0.3494218009478673,0.03823274906702534,0.08577697767202537,0.375,0.7883885378995759
87,341,"Arakawa et al. 1988, No. 24",0,Double Cantilever,Feff provided,2,430.0,275.0,300.0,31.1,363.0,0.0,381.0,0,16.0,12.0,20.0,6.0,75.0,0.9166666666666666,0.4741350482315112,0.044536035798177186,0.23278382365012673,0.375,0.9694982511169117
88,342,"Arakawa et al. 1988, No. 25",0,Double Cantilever,Feff provided,2,430.0,275.0,450.0,29.7,363.0,0.0,381.0,0,16.0,12.0,20.0,6.0,75.0,0.6111111111111112,0.4964848484848485,0.045573620046697336,0.2437567985023213,0.375,0.8784263309578729
89,343,"Arakawa et al. 1988, No. 26",0,Double Cantilever,Feff provided,0,430.0,275.0,600.0,30.9,363.0,0.0,381.0,0,16.0,12.0,20.0,6.0,75.0,0.4583333333333333,0.47720388349514564,0.044679932896220895,0.23429051506533796,0.375,0.798056254749984
90,344,"Arakawa et al. 1988, No. 27",0,Double Cantilever,Feff provided,2,430.0,275.0,450.0,18.9,363.0,0.0,381.0,0,16.0,12.0,20.0,6.0,75.0,0.6111111111111112,0.7801904761904762,0.057129556130615544,0.3830463976465049,0.375,0.8848315580592906
91,345,"Arakawa et al. 1988, No. 28",0,Double Cantilever,Feff provided,2,430.0,275.0,450.0,41.3,363.0,0.0,381.0,0,16.0,12.0,20.0,6.0,75.0,0.6111111111111112,0.3570363196125908,0.03864708355242765,0.17529241926195988,0.375,0.8485746846735115
92,346,"Kunnath et al. 1997, A2",0,Cantilever,Shear provided,0,200.0,305.0,1372.0,29.0,448.0,690.0,434.0,0,9.5,21.0,14.5,4.0,19.0,0.22230320699708456,0.31473630559082194,0.016927489344431952,0.09439357567840774,0.42105263157894735,0.2453304651331764
93,347,"Kunnath et al. 1997, A3",0,Cantilever,Shear provided,0,200.0,305.0,1372.0,29.0,448.0,690.0,434.0,0,9.5,21.0,14.5,4.0,19.0,0.22230320699708456,0.31473630559082194,0.016927489344431952,0.09439357567840774,0.42105263157894735,0.2453304651331764
94,348,"Kunnath et al. 1997, A4",0,Cantilever,Shear provided,0,222.0,305.0,1372.0,35.5,448.0,690.0,434.0,0,9.5,21.0,14.5,4.0,19.0,0.22230320699708456,0.2571085313277137,0.015299504704925986,0.08559237186163227,0.42105263157894735,0.24901869589800824
95,349,"Kunnath et al. 1997, A5",0,Cantilever,Shear provided,0,222.0,305.0,1372.0,35.5,448.0,690.0,434.0,0,9.5,21.0,14.5,4.0,19.0,0.22230320699708456,0.2571085313277137,0.015299504704925986,0.08559237186163227,0.42105263157894735,0.24901869589800824
96,350,"Kunnath et al. 1997, A6",0,Cantilever,Shear provided,0,222.0,305.0,1372.0,35.5,448.0,690.0,434.0,0,9.5,21.0,14.5,4.0,19.0,0.22230320699708456,0.2571085313277137,0.015299504704925986,0.08559237186163227,0.42105263157894735,0.24901869589800824
97,351,"Kunnath et al. 1997, A7",0,Cantilever,Shear provided,0,222.0,305.0,1372.0,32.8,448.0,690.0,434.0,0,9.5,21.0,14.5,4.0,19.0,0.22230320699708456,0.2782729531138365,0.015916758473219755,0.09263808539902273,0.42105263157894735,0.25016855631807633
98,352,"Kunnath et al. 1997, A8",0,Cantilever,Shear provided,0,222.0,305.0,1372.0,32.8,448.0,690.0,434.0,0,9.5,21.0,14.5,4.0,19.0,0.22230320699708456,0.2782729531138365,0.015916758473219755,0.09263808539902273,0.42105263157894735,0.25016855631807633
99,353,"Kunnath et al. 1997, A9",0,Cantilever,Shear provided,0,222.0,305.0,1372.0,32.5,448.0,690.0,434.0,0,9.5,21.0,14.5,4.0,19.0,0.22230320699708456,0.28084162652719497,0.015990051685748824,0.09349320618732139,0.42105263157894735,0.25029382392021876
100,354,"Kunnath et al. 1997, A10",0,Cantilever,Shear provided,0,200.0,305.0,1372.0,27.0,448.0,690.0,434.0,0,9.5,21.0,14.5,4.0,19.0,0.22230320699708456,0.3380501060049569,0.01754323439251541,0.10138569239532684,0.42105263157894735,0.2461657413952742
101,355,"Kunnath et al. 1997, A11",0,Cantilever,Shear provided,0,200.0,305.0,1372.0,27.0,448.0,690.0,434.0,0,9.5,21.0,14.5,4.0,19.0,0.22230320699708456,0.3380501060049569,0.01754323439251541,0.10138569239532684,0.42105263157894735,0.2461657413952742
102,356,"Kunnath et al. 1997, A12",0,Cantilever,Shear provided,0,200.0,305.0,1372.0,27.0,448.0,690.0,434.0,0,9.5,21.0,14.5,4.0,19.0,0.22230320699708456,0.3380501060049569,0.01754323439251541,0.10138569239532684,0.42105263157894735,0.2461657413952742
103,357,"Benzoni and Priestley 1994, NR1",0,Cantilever,Feff provided,1,503.0,610.0,914.5,30.0,462.0,0.0,361.0,0,12.7,12.0,15.9,6.4,76.2,0.6670311645708037,0.08010317656543939,0.008075145342764501,0.05737162868420558,0.5039370078740159,0.3232615848738929
104,358,"Benzoni and Priestley 1994, NR2",0,Cantilever,Feff provided,1,503.0,610.0,914.5,30.0,462.0,0.0,361.0,0,12.7,24.0,15.9,6.4,127.0,0.6670311645708037,0.16020635313087878,0.008075145342764501,0.05737162868420558,0.5039370078740159,0.50528928547542
105,359,"Hose et al., 1997, SRPH1",0,Cantilever,Feff provided,0,1780.0,610.0,3660.0,41.1,455.0,746.0,414.0,0,22.2,20.0,27.8,9.5,57.0,0.16666666666666666,0.2932552861349178,0.018961827769357006,0.14819332045375327,0.42792792792792794,0.3102844219111448
106,360,"Vu et al. 1998, NH1",0,Double Cantilever,Feff provided,0,1928.0,457.0,910.0,38.3,427.5,0.0,430.2,0,15.9,20.0,24.8,9.5,60.0,0.5021978021978022,0.27022727965150584,0.03779864053703313,0.30689228733303275,0.5974842767295597,0.5551391647093903
107,361,"Vu et al. 1998, NH2",0,Double Cantilever,Feff provided,1,634.0,457.0,910.0,39.2,427.5,0.0,430.2,0,15.9,20.0,24.8,9.5,60.0,0.5021978021978022,0.2640230819044049,0.03736220799209683,0.09860090687555792,0.5974842767295597,0.42686089075829337
108,362,"Vu et al. 1998, NH3",0,Double Cantilever,Feff provided,0,970.0,457.0,910.0,39.4,427.5,0.0,430.2,0,15.9,20.0,24.8,9.5,60.0,0.5021978021978022,0.2626828632145349,0.03726725940660241,0.15009050917693695,0.5974842767295597,0.4727317684915021
109,363,"Vu et al. 1998, NH4",0,Double Cantilever,Feff provided,1,850.0,457.0,910.0,35.0,468.2,0.0,434.4,0,19.0,30.0,26.4,12.7,45.0,0.5021978021978022,0.6936803965681287,0.072488751191777,0.14805688224847185,0.6684210526315789,0.45189277328745153
110,364,"Vu et al. 1998, NH5",0,Double Cantilever,Feff provided,1,490.0,457.0,910.0,35.2,507.5,0.0,448.2,0,15.9,20.0,24.8,9.5,80.0,0.5021978021978022,0.34904805897170593,0.041077658655194416,0.08486549233159398,0.5974842767295597,0.5251420937266751
111,365,"Vu et al. 1998, NH6",0,Double Cantilever,Feff provided,0,1914.0,457.0,910.0,35.0,486.2,0.0,434.4,0,19.0,30.0,26.4,12.7,40.0,0.5021978021978022,0.720349014975276,0.072488751191777,0.3333892619100884,0.6684210526315789,0.467809061090123
112,366,"Kowalsky et al. 1996, FL1",0,Cantilever,Feff provided,0,1780.0,457.0,3656.0,36.6,477.0,0.0,445.0,0,15.9,30.0,30.2,9.5,76.0,0.125,0.47328244604365105,0.04220474291116247,0.2964944957917003,0.5974842767295597,0.33101426738583883
113,367,"Kowalsky et al. 1996, FL2",0,Cantilever,Feff provided,0,1780.0,457.0,3656.0,40.0,477.0,0.0,437.0,0,15.9,30.0,30.2,6.4,51.0,0.125,0.43305343812994074,0.017993099001541182,0.27129246364940574,0.4025157232704403,0.44400309039989794
114,368,"Kowalsky et al. 1996, FL3",0,Cantilever,Feff provided,0,1780.0,457.0,3656.0,38.6,477.0,0.0,445.0,0,15.9,30.0,30.2,9.5,76.0,0.125,0.44876003951289195,0.04109681349472554,0.281132086683322,0.5974842767295597,0.333086854485856
115,369,"Lehman et al. 1998, 415",0,Cantilever,P Ram rotation decreases V,0,653.86,609.6,2438.4,31.0,462.0,630.0,606.8,0,15.9,22.0,22.2,6.4,31.8,0.25,0.2230526023552047,0.013973988027000735,0.07226754112540634,0.4025157232704403,0.2016726676825454
116,370,"Lehman et al. 1998, 815",0,Cantilever,P Ram rotation decreases V,0,653.86,609.6,4876.8,31.0,462.0,630.0,606.8,0,15.9,22.0,22.2,6.4,31.8,0.125,0.2230526023552047,0.013973988027000735,0.07226754112540634,0.4025157232704403,0.11638492492387584
117,371,"Lehman et al. 1998, 1015",0,Cantilever,P Ram rotation decreases V,0,653.86,609.6,6096.0,31.0,462.0,630.0,606.8,0,15.9,22.0,22.2,6.4,31.8,0.1,0.2230526023552047,0.013973988027000735,0.07226754112540634,0.4025157232704403,0.09607068918689102
118,372,"Lehman et al. 1998, 407",0,Cantilever,P Ram rotation decreases V,0,653.86,609.6,2438.4,31.0,462.0,630.0,606.8,0,15.9,11.0,22.2,6.4,31.8,0.25,0.11152630117760234,0.013973988027000735,0.07226754112540634,0.4025157232704403,0.13853691745737104
119,373,"Lehman et al. 1998, 430",0,Cantilever,P Ram rotation decreases V,0,653.86,609.6,2438.4,31.0,462.0,630.0,606.8,0,15.9,44.0,22.2,6.4,31.8,0.25,0.4461052047104094,0.013973988027000735,0.07226754112540634,0.4025157232704403,0.32794416813289423
120,374,"Calderone et al. 2000, 328",0,Cantilever,P Ram rotation decreases V,0,911.84,609.6,1828.8,34.5,441.3,602.0,606.8,0,19.0,28.0,28.6,6.4,25.4,0.33333333333333337,0.3479286155432214,0.013867195322606602,0.09055652456265319,0.3368421052631579,0.32492495651378284
121,375,"Calderone et al. 2000, 828",0,Cantilever,P Ram rotation decreases V,0,911.84,609.6,4876.8,34.5,441.3,602.0,606.8,0,19.0,28.0,28.6,6.4,25.4,0.125,0.3479286155432214,0.013867195322606602,0.09055652456265319,0.3368421052631579,0.15050015473055126
122,376,"Calderone et al. 2000, 1028",0,Cantilever,P Ram rotation decreases V,0,911.84,609.6,6096.0,34.5,441.3,602.0,606.8,0,19.0,28.0,28.6,6.4,25.4,0.1,0.3479286155432214,0.013867195322606602,0.09055652456265319,0.3368421052631579,0.12389635400058191
123,377,"Sritharan et al. 1995, IC1",0,Cantilever,Feff provided,0,400.0,600.0,1800.0,31.4,448.0,739.0,431.0,0,22.2,14.0,30.2,9.5,97.0,0.3333333333333333,0.2734512101910828,0.023840522792553838,0.04505447787456343,0.42792792792792794,0.38866964389491526
124,378,"Sritharan et al. 1995, B105IC2",0,Cantilever,Feff provided,0,400.0,600.0,1800.0,34.6,448.0,739.0,431.0,0,22.2,14.0,30.2,9.5,97.0,0.3333333333333333,0.24816092485549132,0.022711329039042178,0.04088758974743618,0.42792792792792794,0.3820640293913762
125,379,"Sritharan et al. 1995, IC3",0,Cantilever,Feff provided,0,400.0,600.0,1800.0,33.0,461.0,775.0,434.0,0,22.2,14.0,30.2,9.5,64.0,0.3333333333333333,0.2677432121212121,0.023417260552461336,0.042870018341251266,0.42792792792792794,0.30754770378257545
126,380,"Saatcioglu and Baingo 1999, RC1",0,Cantilever,P Ram rotation decreases V,0,1000.0,250.0,1645.0,65.0,419.0,0.0,1000.0,0,16.0,8.0,13.8,7.5,50.0,0.1519756838905775,0.21122756923076924,0.1410575325391368,0.3134128110117324,0.46875,0.15747541776040638
127,381,"Saatcioglu and Baingo 1999, RC2",0,Cantilever,P Ram rotation decreases V,0,1000.0,250.0,1645.0,65.0,419.0,0.0,420.0,0,16.0,8.0,15.6,11.3,50.0,0.1519756838905775,0.21122756923076924,0.13894882024505303,0.3134128110117324,0.70625,0.1640196370836531
128,382,"Saatcioglu and Baingo 1999, RC3",0,Cantilever,P Ram rotation decreases V,0,1850.0,250.0,1645.0,90.0,419.0,0.0,1000.0,0,16.0,8.0,13.8,7.5,50.0,0.1519756838905775,0.15255324444444443,0.11987585182605129,0.4187543391573424,0.46875,0.21354721157540185
129,383,"Saatcioglu and Baingo 1999, RC4",0,Cantilever,P Ram rotation decreases V,0,1850.0,250.0,1645.0,90.0,419.0,0.0,580.0,0,16.0,8.0,14.0,8.0,50.0,0.1519756838905775,0.15255324444444443,0.07939273513070519,0.4187543391573424,0.5,0.29428883866640093
130,384,"Saatcioglu and Baingo 1999, RC6",0,Cantilever,P Ram rotation decreases V,0,1850.0,250.0,1645.0,90.0,419.0,0.0,420.0,0,16.0,8.0,15.6,11.3,100.0,0.1519756838905775,0.15255324444444443,0.11808379097003693,0.4187543391573424,0.70625,0.3695593849924295
131,385,"Saatcioglu and Baingo 1999, RC7",0,Cantilever,P Ram rotation decreases V,0,925.0,250.0,1645.0,90.0,419.0,0.0,1000.0,0,16.0,8.0,13.8,7.5,50.0,0.1519756838905775,0.15255324444444443,0.11987585182605129,0.2093771695786712,0.46875,0.1605910078561415
132,386,"Saatcioglu and Baingo 1999, RC8",0,Cantilever,P Ram rotation decreases V,0,1850.0,250.0,1645.0,90.0,419.0,0.0,1000.0,0,16.0,8.0,13.8,7.5,50.0,0.1519756838905775,0.15255324444444443,0.11987585182605129,0.4187543391573424,0.46875,0.21354721157540185
133,387,"Saatcioglu and Baingo 1999, RC9",0,Cantilever,P Ram rotation decreases V,0,1850.0,250.0,1645.0,90.0,419.0,0.0,420.0,0,16.0,8.0,13.8,11.3,50.0,0.1519756838905775,0.15255324444444443,0.11429187481352472,0.4187543391573424,0.70625,0.22188540398626258
134,388,"Nelson and Price 2000, Col1",0,Cantilever,P Ram rotation decreases V,0,1450.0,508.0,1524.0,56.2,455.0,723.5,455.0,0,16.0,10.0,21.3,4.5,102.0,0.3333333333333333,0.08031332788644224,0.0056743420101622736,0.12729588968040384,0.28125,0.5827987706700913
135,389,"Nelson and Price 2000, Col2",0,Cantilever,P Ram rotation decreases V,0,1243.0,508.0,1524.0,56.3,455.0,723.5,455.0,0,16.0,10.0,21.3,4.5,102.0,0.3333333333333333,0.08017067543904181,0.005669300390321738,0.10892947935380778,0.28125,0.5505734542028798
136,390,"Nelson and Price 2000, Col3",0,Cantilever,P Ram rotation decreases V,0,1139.0,508.0,1524.0,57.0,455.0,723.5,455.0,0,16.0,10.0,21.3,4.5,102.0,0.3333333333333333,0.07918612328452727,0.005634381357958732,0.0985897039448769,0.28125,0.5315821634156231
137,391,"Nelson and Price 2000, Col4",0,Cantilever,P Ram rotation decreases V,0,1139.0,508.0,1524.0,52.7,455.0,723.5,455.0,0,16.0,10.0,21.3,4.5,102.0,0.3333333333333333,0.08564723011798964,0.005859740163906724,0.10663402513962017,0.28125,0.5410096357620993
138,392,"Henry 1998, 415p",0,Cantilever,P Ram rotation decreases V,0,1308.0,609.6,2438.4,37.2,462.0,0.0,606.8,0,15.9,22.0,22.2,6.4,31.8,0.25,0.18587716862933723,0.012756447434492352,0.12047169092266373,0.4025157232704403,0.2502866200044551
139,393,"Henry 1998, 415s",0,Cantilever,P Ram rotation decreases V,0,654.0,609.6,2438.4,37.2,462.0,0.0,606.8,0,15.9,22.0,22.2,6.4,63.5,0.25,0.18587716862933723,0.012756447434492352,0.060235845461331865,0.4025157232704403,0.31029294498805826
140,394,"Chai, Priestley, and Seible 1991, Test 3",0,Cantilever,P Ram rotation decreases V,0,1779.0,609.6,3657.0,32.6,315.1,497.8,351.6,0,19.0,26.0,20.0,6.4,127.0,0.16669401148482363,0.24413016031638746,0.007774277759973079,0.18697285086660614,0.3368421052631579,0.6252610767311799
141,395,"Soderstrom 2001,C1",0,Cantilever,Shear provided,0,0.0,419.0,1968.5,60.6,429.5,717.0,413.7,0,22.2,8.0,55.6,9.5,50.8,0.2128524257048514,0.15916898027770773,0.050624318333324626,0.0,0.42792792792792794,0.12363297203526878
142,396,"Soderstrom 2001,C2",0,Cantilever,Shear provided,0,0.0,419.0,1968.5,62.6,429.5,717.0,413.7,0,22.2,8.0,55.6,9.5,50.8,0.2128524257048514,0.15408370934231772,0.04980905863549563,0.0,0.42792792792792794,0.12324758904785041
143,397,"Soderstrom 2001,C3",0,Cantilever,Shear provided,0,0.0,419.0,1968.5,69.6,429.5,717.0,413.7,0,22.2,8.0,55.8,10.0,50.8,0.2128524257048514,0.1385867845521421,0.0524775045263101,0.0,0.45045045045045046,0.1122823714346669
144,398,"Soderstrom 2001,C4",0,Cantilever,Shear provided,0,987.5,419.0,1968.5,69.6,429.5,717.0,413.7,0,22.2,8.0,55.8,10.0,50.8,0.2128524257048514,0.1385867845521421,0.0524775045263101,0.10289871169856125,0.45045045045045046,0.22789844846855242
145,399,"Graff, 2001,C5",0,Cantilever,Shear provided,0,987.5,419.0,1968.5,69.6,491.6,820.5,413.7,0,22.2,8.0,55.8,10.0,50.8,0.2128524257048514,0.15862459437912235,0.0524775045263101,0.10289871169856125,0.45045045045045046,0.24194885702609345
146,400,"Graff, 2001,C6",0,Cantilever,Shear provided,0,987.5,419.0,1968.5,69.6,506.0,710.2,413.7,0,22.2,8.0,55.8,10.0,50.8,0.2128524257048514,0.163271043034654,0.0524775045263101,0.10289871169856125,0.45045045045045046,0.2452069227785667
147,401,"Graff, 2001,C7",0,Cantilever,Shear provided,0,987.5,419.0,1968.5,69.6,506.0,710.2,413.7,0,22.2,8.0,55.8,10.0,50.8,0.2128524257048514,0.163271043034654,0.0524775045263101,0.10289871169856125,0.45045045045045046,0.2452069227785667
148,402,"Graff, 2001,C8",0,Cantilever,Shear provided,0,987.5,419.0,1968.5,69.6,491.6,820.5,413.7,0,22.2,8.0,55.8,10.0,50.8,0.2128524257048514,0.15862459437912235,0.0524775045263101,0.10289871169856125,0.45045045045045046,0.24194885702609345
149,403,"Kowalsky and Moyer, 2001, 1",0,Cantilever,Feff provided,0,231.3,457.2,2438.4,32.7,565.4,696.4,434.4,0,19.0,12.0,12.7,9.5,76.2,0.1875,0.358330731385667,0.03677035940602731,0.04308494623150069,0.5,0.2388509801140561
150,404,"Kowalsky and Moyer, 2001, 2",0,Cantilever,Feff provided,0,231.3,457.2,2438.4,34.2,565.4,696.4,434.4,0,19.0,12.0,12.7,9.5,76.2,0.1875,0.34261447123717287,0.035954950744010096,0.04119525560731206,0.5,0.23801365061227361
151,405,"Kowalsky and Moyer, 2001, 3",0,Cantilever,Feff provided,0,231.3,457.2,2438.4,31.7,565.4,696.4,434.4,0,19.0,12.0,12.7,9.5,76.2,0.1875,0.3696345399467291,0.03734583035300342,0.04444409280031775,0.5,0.23941731985996798
152,406,"Kowalsky and Moyer, 2001, 4",0,Cantilever,Feff provided,0,231.3,457.2,2438.4,33.9,565.4,696.4,434.4,0,19.0,12.0,12.7,9.5,76.2,0.1875,0.3456464577082983,0.03611369302026243,0.041559815391447576,0.5,0.2381799421496389
153,407,"Coffman et al. 1993, Column 1",0,Cantilever,P Ram rotation decreases V,0,700.0,457.2,2863.9,22.0,379.0,0.0,379.0,0,19.0,9.0,38.1,9.5,305.0,0.15964244561611787,0.26776499260069225,0.05023716564893164,0.19380859553493118,0.5,0.46393979828146564
154,408,"Hamilton, 2002, UCI1",0,Cantilever,Feff provided,0,0.0,406.4,1854.2,36.5,458.5,646.0,691.5,0,12.7,12.0,15.0,4.5,31.8,0.2191780821917808,0.14720676369863014,0.016359557414787673,0.0,0.35433070866141736,0.10870491328975593
155,409,"Hamilton, 2002, UCI2",0,Cantilever,Feff provided,0,0.0,406.4,1854.2,36.5,458.5,646.0,691.5,0,12.7,12.0,15.0,4.5,31.8,0.2191780821917808,0.14720676369863014,0.016359557414787673,0.0,0.35433070866141736,0.10870491328975593
156,410,"Hamilton, 2002, UCI3",0,Cantilever,Feff provided,1,0.0,406.4,1047.8,34.7,458.5,646.0,691.5,0,12.7,14.0,10.4,4.5,171.4,0.38786027867913725,0.1806499909942363,0.015987421466161156,0.0,0.35433070866141736,0.41110931335468043
157,411,"Hamilton, 2002, UCI4",0,Cantilever,Feff provided,1,0.0,406.4,1047.8,34.7,458.5,646.0,691.5,0,12.7,14.0,10.4,4.5,171.4,0.38786027867913725,0.1806499909942363,0.015987421466161156,0.0,0.35433070866141736,0.41110931335468043
158,412,"Hamilton, 2002, UCI5",0,Cantilever,Feff provided,1,0.0,406.4,1047.8,35.4,458.5,646.0,691.5,0,12.7,12.0,10.4,4.5,63.5,0.38786027867913725,0.15178098516949154,0.01582856450893855,0.0,0.35433070866141736,0.243058963627258
159,413,"Hamilton, 2002, UCI6",0,Cantilever,Feff provided,0,0.0,406.4,1854.2,35.6,458.5,646.0,691.5,0,12.7,12.0,15.0,4.5,31.8,0.2191780821917808,0.15092828300561797,0.016565058864431697,0.0,0.35433070866141736,0.10902142928189804
160,414,"McDaniel, 1997, S1",0,Cantilever,Shear provided,2,18.8,609.6,1219.2,29.8,454.0,729.6,200.0,0,15.9,20.0,18.6,4.9,101.6,0.5,0.2072878831160347,0.002684817522007872,0.002161532586347159,0.30817610062893086,0.5353114254661003
161,415,"McDaniel, 1997, S1-2",0,Cantilever,Shear provided,2,18.8,609.6,1219.2,26.8,454.0,729.6,200.0,0,15.9,20.0,18.6,4.9,101.6,0.5,0.23049175062902363,0.002831101947591023,0.002403495189296468,0.30817610062893086,0.5610337396339302
162,416,"McDaniel, 1997, S2",0,Cantilever,Shear provided,2,18.8,609.6,1219.2,31.2,437.6,688.0,200.0,0,15.9,20.0,18.6,4.9,101.6,0.5,0.1908345683678547,0.0026238899042794164,0.0020645407395238893,0.30817610062893086,0.505927609680524
