Run #, RV_column1, RV_column2, RV_column3, RV_column4, RV_column5, RV_column6, gamma, kappa, eta1, sig, lam, mup, sigp, rsmax, alpha, alpha1, alpha2, betam1, n, kappa_k, res_min, gamma.median, kappa.median, eta1.median, sig.median, lam.median, mup.median, sigp.median, rsmax.median, alpha.median, alpha1.median, alpha2.median, betam1.median, n.median, kappa_k.median, res_min.median, gamma.q5, kappa.q5, eta1.q5, sig.q5, lam.q5, mup.q5, sigp.q5, rsmax.q5, alpha.q5, alpha1.q5, alpha2.q5, betam1.q5, n.q5, kappa_k.q5, res_min.q5, gamma.q95, kappa.q95, eta1.q95, sig.q95, lam.q95, mup.q95, sigp.q95, rsmax.q95, alpha.q95, alpha1.q95, alpha2.q95, betam1.q95, n.q95, kappa_k.q95, res_min.q95, gamma.var, kappa.var, eta1.var, sig.var, lam.var, mup.var, sigp.var, rsmax.var, alpha.var, alpha1.var, alpha2.var, betam1.var, n.var, kappa_k.var, res_min.var, gamma.q5_w_mnoise, kappa.q5_w_mnoise, eta1.q5_w_mnoise, sig.q5_w_mnoise, lam.q5_w_mnoise, mup.q5_w_mnoise, sigp.q5_w_mnoise, rsmax.q5_w_mnoise, alpha.q5_w_mnoise, alpha1.q5_w_mnoise, alpha2.q5_w_mnoise, betam1.q5_w_mnoise, n.q5_w_mnoise, kappa_k.q5_w_mnoise, res_min.q5_w_mnoise, gamma.q95_w_mnoise, kappa.q95_w_mnoise, eta1.q95_w_mnoise, sig.q95_w_mnoise, lam.q95_w_mnoise, mup.q95_w_mnoise, sigp.q95_w_mnoise, rsmax.q95_w_mnoise, alpha.q95_w_mnoise, alpha1.q95_w_mnoise, alpha2.q95_w_mnoise, betam1.q95_w_mnoise, n.q95_w_mnoise, kappa_k.q95_w_mnoise, res_min.q95_w_mnoise, gamma.var_w_mnoise, kappa.var_w_mnoise, eta1.var_w_mnoise, sig.var_w_mnoise, lam.var_w_mnoise, mup.var_w_mnoise, sigp.var_w_mnoise, rsmax.var_w_mnoise, alpha.var_w_mnoise, alpha1.var_w_mnoise, alpha2.var_w_mnoise, betam1.var_w_mnoise, n.var_w_mnoise, kappa_k.var_w_mnoise, res_min.var_w_mnoise
1, 1.5, 0.48783, 0.05404, 0.09989, 0.83333, 1.3517, 0.32323, 1.0317, 0.92638, 0.14396, 0.09301, 2.0667, 1.2362, 0.7095, 0.00192, 4.0389, 0.07557, 0.04766, 3.5821, 0.18124, 0.03535, 0.23292, 1.0429, 1.341, 0.15739, 0.20787, 2.4414, 1.9675, 0.86264, 0.0043747, 7.5528, 0.86227, 0.02272, 3.1152, 1.1037, 0.056284, -0.12718, 1.0429, 1.3409, 0.057885, 0.20768, 2.4408, 1.9652, 0.86255, 0.0043653, 2.0469, 0.86161, 0.016757, 0.9976, -0.020401, 0.056273, 0.59303, 1.0429, 1.3411, 0.25689, 0.20806, 2.4419, 1.9698, 0.86272, 0.0043841, 13.059, 0.86294, 0.028684, 5.2328, 2.2278, 0.056295, 0.04793, 2.8484e-11, 3.0606e-09, 0.0036595, 1.3202e-08, 1.1835e-07, 1.9364e-06, 2.6232e-09, 3.2534e-11, 11.205, 1.6401e-07, 1.3144e-05, 1.6574, 0.46703, 4.4286e-11, -0.27578, 0.95214, 0.72382, -0.070155, -0.083735, -0.61332, -0.90713, 0.50999, -0.010089, 1.8236, -0.10762, -0.0019808, 0.46596, -0.39186, 0.031222, 0.74163, 1.1337, 1.9582, 0.38493, 0.49947, 5.4961, 4.8422, 1.2153, 0.018838, 13.282, 1.8322, 0.047422, 5.7644, 2.5992, 0.081346, 0.095648, 0.0030462, 0.14079, 0.019137, 0.031429, 3.4489, 3.0543, 0.045966, 7.7321e-05, 12.132, 0.34769, 0.00022552, 2.5941, 0.8267, 0.00023215
2, 1.9912, 0.69368, 0.1529, 0.14806, 0.59055, 0.71532, 1.2623, 1.0776, 1.803, 0.40894, 0.5592, 0.48774, 0.46421, 0.95278, 0.00093, 5.5612, 1.6885, 0.00505, 3.5875, 0.38922, 0.041, 0.66467, 1.0518, 1.3254, 0.11028, 0.21428, 1.7072, 0.49021, 0.98909, -2.4661e-05, 8.5163, 0.93195, 0.018078, 3.8814, 0.69279, 0.051668, -0.21611, 1.0518, 1.3254, -0.068819, 0.21409, 1.7066, 0.48792, 0.989, -3.4043e-05, 1.0008, 0.93128, 0.011895, 1.1938, -0.86266, 0.051658, 1.5454, 1.0518, 1.3255, 0.28938, 0.21447, 1.7078, 0.4925, 0.98917, -1.5279e-05, 16.032, 0.93261, 0.024262, 6.5691, 2.2482, 0.051679, 0.28674, 2.8484e-11, 3.0606e-09, 0.011856, 1.3202e-08, 1.1835e-07, 1.9364e-06, 2.6232e-09, 3.2534e-11, 20.876, 1.6401e-07, 1.4134e-05, 2.6698, 0.89425, 4.4286e-11, -0.28659, 0.96098, 0.70828, -0.16166, -0.063685, -1.3475, -2.5267, 0.63644, -0.014488, 0.83035, 0.028201, -0.006677, 0.75774, -1.1491, 0.026607, 1.6159, 1.1425, 1.9426, 0.38222, 0.49225, 4.7619, 3.5071, 1.3417, 0.014439, 16.202, 1.8357, 0.042834, 7.0052, 2.5347, 0.07673, 0.33445, 0.0030462, 0.14079, 0.027333, 0.028558, 3.4489, 3.3641, 0.045966, 7.7321e-05, 21.834, 0.30188, 0.00022651, 3.6065, 1.2539, 0.00023215
3, 2, 0.44862, 0.03727, 0, 1.1111, 1.1928, 0.17854, 1.0277, 1.7032, 0.02947, 0.09528, 1.9833, 1.4707, 0.73324, 0.01883, 3.454, 0.04084, 0.02937, 2.221, 0.26556, 0.03909, 0.63866, 1.0268, 1.3592, 0.16752, 0.20097, 2.6294, 2.2353, 0.85513, 0.0078088, 7.1088, 0.88832, 0.023878, 3.0675, 0.53711, 0.054295, 0.33346, 1.0268, 1.3592, 0.087184, 0.20079, 2.6289, 2.233, 0.85505, 0.0077994, 4.4226, 0.88766, 0.018353, 1.7249, -0.08703, 0.054284, 0.94385, 1.0268, 1.3593, 0.24786, 0.20116, 2.63, 2.2376, 0.85521, 0.0078182, 9.7951, 0.88899, 0.029403, 4.4101, 1.1613, 0.054306, 0.034427, 2.8484e-11, 3.0606e-09, 0.0023854, 1.3202e-08, 1.1835e-07, 1.9364e-06, 2.6232e-09, 3.2534e-11, 2.6671, 1.6401e-07, 1.1283e-05, 0.66623, 0.14398, 4.4286e-11, 0.16723, 0.936, 0.74208, -0.052318, -0.076371, -0.42526, -0.78275, 0.50248, -0.0066548, 3.977, -0.015126, -0.00072136, 0.98501, -0.63021, 0.029233, 1.1101, 1.1176, 1.9764, 0.38736, 0.47832, 5.6841, 5.2534, 1.2078, 0.022272, 10.241, 1.7918, 0.048477, 5.15, 1.7044, 0.079357, 0.082146, 0.0030462, 0.14079, 0.017863, 0.028431, 3.4489, 3.3667, 0.045966, 7.7321e-05, 3.6252, 0.30169, 0.00022366, 1.6029, 0.50365, 0.00023215
4, 2, 0.38541, 0.04244, 0.10002, 0.83333, 0.98555, 0.20516, 1.0764, 1.3249, 0.43952, 0.29568, 1.5072, 0.80097, 0.82841, 0.00013, 7.9011, 1.8402, 0.00415, 1.0302, 1.4668, 0.06281, 0.52811, 1.0266, 1.4041, 0.2251, 0.23763, 2.1262, 1.9405, 0.81257, 0.0080794, 2.7032, 0.84212, 0.021906, 3.1456, 0.40613, 0.059217, 0.24302, 1.0266, 1.404, 0.15109, 0.23744, 2.1257, 1.9382, 0.81248, 0.00807, -0.25935, 0.84146, 0.016324, 1.7622, -0.22827, 0.059206, 0.81321, 1.0267, 1.4042, 0.29911, 0.23782, 2.1268, 1.9428, 0.81265, 0.0080888, 5.6658, 0.84279, 0.027488, 4.5289, 1.0405, 0.059228, 0.030042, 2.8484e-11, 3.0606e-09, 0.0020244, 1.3202e-08, 1.1835e-07, 1.9364e-06, 2.6232e-09, 3.2534e-11, 3.244, 1.6401e-07, 1.1516e-05, 0.70732, 0.14875, 4.4286e-11, 0.069433, 0.93586, 0.78697, 0.0074956, -0.06544, -0.92846, -0.82687, 0.45992, -0.0063842, -0.64691, -0.17338, -0.0027058, 1.0365, -0.7667, 0.034155, 0.98679, 1.1174, 2.0213, 0.44271, 0.5407, 5.1809, 4.7079, 1.1652, 0.022543, 6.0533, 1.8576, 0.046518, 5.2546, 1.579, 0.084279, 0.077761, 0.0030462, 0.14079, 0.017502, 0.033949, 3.4489, 2.8307, 0.045966, 7.7321e-05, 4.1483, 0.38116, 0.00022389, 1.644, 0.50842, 0.00023215
5, 1.4992, 0.0801, 0.01666, 0.05737, 1.9844, 0.55652, 0.99605, 1.0185, 0.6666, 0.36728, 0.12933, 0.96556, 0.78901, 0.66703, 0.00318, 2.3292, 1.998, 0.00272, 2.2582, 0.38454, 0.06665, 1.0642, 1.065, 1.1983, 0.31749, 0.28236, 1.8674, 0.55934, 0.77957, 0.014685, 2.8275, 0.89813, 0.019274, 3.8742, -0.010015, 0.059003, 0.54298, 1.065, 1.1982, 0.18812, 0.28218, 1.8668, 0.55705, 0.77949, 0.014676, -4.2238, 0.89747, 0.013134, 1.3055, -1.4334, 0.058992, 1.5855, 1.065, 1.1984, 0.44686, 0.28255, 1.868, 0.56162, 0.77966, 0.014695, 9.8787, 0.8988, 0.025414, 6.443, 1.4134, 0.059014, 0.10043, 2.8484e-11, 3.0606e-09, 0.0061861, 1.3202e-08, 1.1835e-07, 1.9364e-06, 2.6232e-09, 3.2534e-11, 18.377, 1.6401e-07, 1.3934e-05, 2.439, 0.74882, 4.4286e-11, 0.43113, 0.97418, 0.58109, 0.07539, 0.0046023, -1.1873, -2.4607, 0.42692, 0.00022172, -4.4054, -0.0046357, -0.0054702, 0.85216, -1.7418, 0.033941, 1.6973, 1.1557, 1.8154, 0.55959, 0.56013, 4.9221, 3.5793, 1.1322, 0.029149, 10.06, 1.8009, 0.044019, 6.8963, 1.7218, 0.084065, 0.14814, 0.0030462, 0.14079, 0.021664, 0.028516, 3.4489, 3.371, 0.045966, 7.7321e-05, 19.336, 0.30123, 0.00022631, 3.3757, 1.1085, 0.00023215
6, 2.5, 0.40676, 0.02239, 0.09999, 1.6667, 1.2244, 0.27604, 1.0993, 1.0333, 0.13156, 0.08957, 5.7613, 6.7531, 0.96533, 4e-05, 1.6708, 0.37848, 0.00531, 1.8544, 2.0371, 0.04489, 0.32137, 1.0051, 1.5075, 0.27483, 0.22612, 2.6089, 2.7774, 0.77475, 0.0089445, 6.168, 0.79859, 0.021532, 4.4725, 1.3721, 0.057749, -0.0090728, 1.0051, 1.5074, 0.20052, 0.22593, 2.6084, 2.7751, 0.77467, 0.0089351, 2.7556, 0.79792, 0.015776, 2.862, 0.58494, 0.057738, 0.65182, 1.0051, 1.5076, 0.34913, 0.22631, 2.6095, 2.7797, 0.77484, 0.0089538, 9.5805, 0.79925, 0.027287, 6.0829, 2.1593, 0.05776, 0.04036, 2.8484e-11, 3.0606e-09, 0.0020407, 1.3202e-08, 1.1835e-07, 1.9364e-06, 2.6232e-09, 3.2534e-11, 4.3041, 1.6401e-07, 1.2245e-05, 0.95865, 0.22902, 4.4286e-11, -0.17077, 0.91428, 0.89035, 0.057119, 0.0039248, -0.44576, -0.66273, 0.4221, -0.0055191, 2.362, 0.13325, -0.0031203, 2.1953, 0.11892, 0.032687, 0.81352, 1.0958, 2.1247, 0.49253, 0.44832, 5.6636, 6.2175, 1.1274, 0.023408, 9.974, 1.4639, 0.046184, 6.7496, 2.6253, 0.082811, 0.089523, 0.0030462, 0.14079, 0.017518, 0.018249, 3.4489, 4.3741, 0.045966, 7.7321e-05, 5.3541, 0.16362, 0.00022462, 1.9166, 0.58046, 0.00023215
7, 2, 0.45152, 0.01791, 0, 3.6667, 1.6696, 0.20329, 1.0274, 1.4025, 0.1762, 0.09344, 3.056, 0.78372, 0.79487, 5e-05, 8.3204, 1.1808, 0.02177, 1.2557, 0.77889, 0.04754, 0.22327, 1.0433, 1.3184, 0.14515, 0.16633, 3.5424, 2.3775, 0.86357, 0.0078439, 6.5854, 0.8719, 0.028073, 2.4613, 1.5554, 0.046669, -0.27198, 1.0433, 1.3183, 0.05378, 0.16614, 3.5418, 2.3752, 0.86348, 0.0078345, 2.6499, 0.87124, 0.022173, 0.61346, 0.49954, 0.046658, 0.71853, 1.0433, 1.3185, 0.23653, 0.16652, 3.543, 2.3798, 0.86365, 0.0078532, 10.521, 0.87257, 0.033974, 4.3091, 2.6113, 0.04668, 0.090657, 2.8484e-11, 3.0606e-09, 0.003086, 1.3202e-08, 1.1835e-07, 1.9364e-06, 2.6232e-09, 3.2534e-11, 5.7247, 1.6401e-07, 1.287e-05, 1.262, 0.41207, 4.4286e-11, -0.38859, 0.95253, 0.70124, -0.078953, -0.11103, 0.4877, -0.64043, 0.51092, -0.0066197, 2.3332, -0.031568, 0.0033871, 0.022276, 0.11044, 0.021607, 0.83514, 1.1341, 1.9356, 0.36926, 0.44368, 6.5971, 5.3954, 1.2162, 0.022307, 10.838, 1.7754, 0.05276, 4.9003, 3.0004, 0.071731, 0.13838, 0.0030462, 0.14079, 0.018563, 0.028433, 3.4489, 3.3664, 0.045966, 7.7321e-05, 6.6828, 0.3017, 0.00022524, 2.1987, 0.77174, 0.00023215
8, 3.2222, 0.39456, 0.02712, 0.28366, 5.3474, 1.1459, 0.63332, 1.0605, 0.80239, 0.49119, 0.1134, 3.0095, 0.89656, 0.71427, 0.00498, 4.3114, 1.641, 0.01965, 1.0031, 1.9897, 0.05774, 0.61836, 1.0272, 1.5968, 0.47818, 0.20577, 2.6488, 1.9323, 0.78421, 0.008415, 6.3927, 0.66518, 0.021155, 2.2346, 1.5929, 0.05379, 0.42785, 1.0272, 1.5968, 0.37435, 0.20558, 2.6482, 1.93, 0.78412, 0.0084057, 4.188, 0.66452, 0.01523, 1.2557, 0.73775, 0.053779, 0.80887, 1.0273, 1.5969, 0.582, 0.20596, 2.6493, 1.9346, 0.78429, 0.0084244, 8.5973, 0.66585, 0.02708, 3.2134, 2.448, 0.053801, 0.013414, 2.8484e-11, 3.0606e-09, 0.0039842, 1.3202e-08, 1.1835e-07, 1.9364e-06, 2.6232e-09, 3.2534e-11, 1.7965, 1.6401e-07, 1.2974e-05, 0.35415, 0.27029, 4.4286e-11, 0.35588, 0.93646, 0.97968, 0.24871, -0.072196, -0.40593, -1.0847, 0.43155, -0.0060322, 3.6628, -0.23855, -0.003537, 0.87651, -0.30711, 0.028728, 0.88084, 1.118, 2.214, 0.70764, 0.48373, 5.7035, 4.9492, 1.1369, 0.022862, 9.1226, 1.5689, 0.045847, 3.5926, 3.4929, 0.078852, 0.025465, 0.0030462, 0.14079, 0.019462, 0.028557, 3.4489, 3.3642, 0.045966, 7.7146e-05, 2.7544, 0.30188, 0.00022535, 0.68169, 1.3343, 0.00023215
9, 1.4984, 0.37675, 0.01222, 0.10354, 5.8333, 2.2134, 0.20309, 1.0727, 0.90803, 0.16488, 0.24723, 3.6461, 3.7001, 0.84247, 0.03474, 0.51528, 0.25225, 0.0357, 2.3685, 0.35004, 0.03355, 0.80506, 1.0645, 1.2462, 0.24433, 0.19949, 4.2925, 2.3317, 0.8022, 0.0077114, 2.5969, 0.86278, 0.03304, 3.1256, 1.7091, 0.042258, -0.07296, 1.0645, 1.2462, 0.1266, 0.1993, 4.2919, 2.3294, 0.80211, 0.007702, -4.8332, 0.86211, 0.02686, 0.45554, 0.14717, 0.042247, 1.6831, 1.0645, 1.2463, 0.36206, 0.19968, 4.2931, 2.334, 0.80228, 0.0077208, 10.027, 0.86345, 0.03922, 5.7956, 3.2709, 0.042269, 0.28494, 2.8484e-11, 3.0606e-09, 0.0051228, 1.3202e-08, 1.1835e-07, 1.9364e-06, 2.6232e-09, 3.2534e-11, 20.405, 1.6401e-07, 1.4116e-05, 2.635, 0.90166, 4.4286e-11, -0.14364, 0.97371, 0.62907, 0.0082504, -0.030591, 1.2378, -0.99933, 0.44954, -0.0067522, -5.0179, 0.1552, 0.0082858, 0.01698, -0.13826, 0.017196, 1.7538, 1.1553, 1.8634, 0.48042, 0.42957, 7.3472, 5.6627, 1.1548, 0.022175, 10.212, 1.5704, 0.057795, 6.2342, 3.5564, 0.06732, 0.33266, 0.0030462, 0.14079, 0.0206, 0.019566, 3.4489, 4.1011, 0.045966, 7.7321e-05, 21.432, 0.18505, 0.00022649, 3.5717, 1.2613, 0.00023215
10, 1.0909, 0.3282, 0.05011, 0.11986, 1.3889, 1.4271, 0.58651, 1.0295, 1.0921, 0.22082, 0.14672, 1.7562, 1.3135, 0.71944, 0.00089, 2.2154, 0.77883, 0.03284, 7.5943, 0.24783, 0.05328, 0.4336, 1.0491, 1.2461, 0.19345, 0.27839, 2.6937, 1.7715, 0.77983, 0.0076225, 5.6782, 0.91551, 0.024704, 3.8814, 1.6482, 0.055484, 0.0030318, 1.0491, 1.246, 0.07994, 0.2782, 2.6931, 1.7692, 0.77974, 0.0076131, -0.83174, 0.91484, 0.018618, 1.4826, 0.42938, 0.055474, 0.86417, 1.0491, 1.2462, 0.30695, 0.27858, 2.6943, 1.7738, 0.77991, 0.0076318, 12.188, 0.91618, 0.030789, 6.2802, 2.867, 0.055495, 0.068521, 2.8484e-11, 3.0606e-09, 0.0047619, 1.3202e-08, 1.1835e-07, 1.9364e-06, 2.6232e-09, 3.2534e-11, 15.664, 1.6401e-07, 1.3688e-05, 2.1268, 0.54904, 4.4286e-11, -0.1272, 0.95836, 0.6289, -0.040559, -0.071837, -0.361, -0.55546, 0.42718, -0.0068411, -0.99691, -0.39299, -2.7363e-05, 1.0025, 0.080202, 0.030423, 0.99439, 1.1399, 1.8632, 0.42745, 0.62861, 5.7484, 4.0985, 1.1325, 0.022086, 12.353, 2.224, 0.049435, 6.7604, 3.2162, 0.080546, 0.11624, 0.0030462, 0.14079, 0.020239, 0.045336, 3.4489, 2.0014, 0.045966, 7.7321e-05, 16.469, 0.63284, 0.00022606, 3.0635, 0.90871, 0.00023215
11, 1.0909, 0.51623, 0.02628, 0, 2.7778, 2.9346, 1.1927, 0.90051, 1.8917, 0.60723, 0.59987, 9.4649, 8.8804, 0.16602, 0.00175, 0.03318, 0.80873, 0.01319, 3.7514, 1.3474, 0.09672, 0.54271, 1.0066, 1.2825, 0.16359, 0.25573, 5.1638, 4.512, 0.71534, 0.0059344, 5.9821, 0.98914, 0.033818, 4.0899, 1.0728, 0.042436, -0.1929, 1.0066, 1.2824, 0.0063478, 0.25554, 5.1632, 4.5097, 0.71525, 0.005925, -0.30911, 0.98848, 0.027719, 1.718, -0.039805, 0.042425, 1.2783, 1.0066, 1.2825, 0.32084, 0.25591, 5.1643, 4.5143, 0.71542, 0.0059437, 12.273, 0.98981, 0.039917, 6.4618, 2.1853, 0.042447, 0.2, 2.8484e-11, 3.0606e-09, 0.009139, 1.3202e-08, 1.1835e-07, 1.9364e-06, 2.6232e-09, 3.2534e-11, 14.629, 1.6401e-07, 1.3749e-05, 2.0793, 0.4575, 4.4286e-11, -0.27596, 0.91582, 0.66528, -0.094479, -0.02201, 2.1091, 1.4946, 0.36269, -0.0085292, -0.51185, 0.085531, 0.0090838, 1.2333, -0.41415, 0.017374, 1.3614, 1.0974, 1.8996, 0.42166, 0.53346, 8.2185, 7.5294, 1.068, 0.020398, 12.476, 1.8928, 0.058552, 6.9465, 2.5597, 0.067498, 0.24772, 0.0030462, 0.14079, 0.024616, 0.028511, 3.4489, 3.3652, 0.045966, 7.7321e-05, 15.587, 0.30179, 0.00022612, 3.016, 0.81717, 0.00023215
12, 1.0909, 0.51803, 0, 0.25225, 2, 3.5851, 0.7267, 0.96689, 1.1191, 0.29869, 0.2606, 2.737, 6.9372, 0.78436, 0.00176, 0.7303, 0.50897, 0.04638, 2.7797, 1.614, 0.03219, 1.0886, 0.96461, 1.5594, 0.38794, 0.31298, 5.255, 6.3405, 0.53515, 0.003275, -0.61048, 0.80955, 0.034828, 5.1496, 1.9314, 0.053549, 0.21498, 0.9646, 1.5593, 0.21225, 0.31279, 5.2545, 6.3382, 0.53507, 0.0032656, -7.8276, 0.80888, 0.028667, 2.5449, 0.46846, 0.053538, 1.9623, 0.96462, 1.5594, 0.56362, 0.31316, 5.2556, 6.3428, 0.53524, 0.0032843, 6.6066, 0.81021, 0.04099, 7.7544, 3.3944, 0.05356, 0.28212, 2.8484e-11, 3.0606e-09, 0.011408, 1.3203e-08, 1.1835e-07, 1.9364e-06, 2.6232e-09, 3.2534e-11, 19.252, 1.6401e-07, 1.4031e-05, 2.5077, 0.79107, 4.4286e-11, 0.14398, 0.87383, 0.94219, 0.11823, 0.035012, 2.2003, 3.3236, 0.1825, -0.011189, -8.0049, -0.094188, 0.010079, 2.0969, 0.16696, 0.028487, 2.0333, 1.0554, 2.1765, 0.65764, 0.59094, 8.3097, 9.3575, 0.8878, 0.017739, 6.784, 1.7133, 0.059578, 8.2023, 3.6959, 0.078611, 0.32984, 0.0030462, 0.14079, 0.026886, 0.028558, 3.4489, 3.3642, 0.045966, 7.7321e-05, 20.21, 0.30188, 0.00022641, 3.4444, 1.1507, 0.00023215
13, 2, 0.23049, 0.00454, 0.0024, 3.4558, 1.0966, 0.21195, 1.0918, 1.2928, 0.3173, 0.19726, 0.69045, 0.08094, 0.78845, 0.00019, 8.1903, 1.4205, 0.01604, 2.607, 3.0047, 0.04762, 0.21657, 1.0493, 1.2714, 0.23219, 0.22143, 2.8855, 1.589, 0.80814, 0.013083, 3.1424, 0.8814, 0.02378, 1.6827, 0.90335, 0.051444, -0.083906, 1.0493, 1.2713, 0.12975, 0.22124, 2.885, 1.5867, 0.80806, 0.013074, 0.48178, 0.88073, 0.017874, 0.19447, 0.11417, 0.051433, 0.51705, 1.0493, 1.2715, 0.33462, 0.22162, 2.8861, 1.5913, 0.80823, 0.013092, 5.8029, 0.88207, 0.029686, 3.171, 1.6925, 0.051455, 0.033371, 2.8484e-11, 3.0606e-09, 0.0038782, 1.3202e-08, 1.1835e-07, 1.9364e-06, 2.6232e-09, 3.2534e-11, 2.6164, 1.6401e-07, 1.2892e-05, 0.81867, 0.2302, 4.4286e-11, -0.25182, 0.95853, 0.65424, 0.0033474, -0.056184, -0.16917, -1.4286, 0.45549, -0.0013806, 0.032566, -0.022152, -0.0009075, -0.49653, -0.35994, 0.026382, 0.68497, 1.1401, 1.8886, 0.46103, 0.49905, 5.9402, 4.6067, 1.1608, 0.027547, 6.2521, 1.785, 0.048467, 3.862, 2.1666, 0.076506, 0.08109, 0.0030462, 0.14079, 0.019356, 0.028486, 3.4489, 3.3657, 0.045966, 7.7321e-05, 3.5744, 0.30175, 0.00022527, 1.7554, 0.58986, 0.00023215
14, 2, 0.14601, 0.0389, 0.19249, 1.3281, 0.83741, 0.53676, 0.97922, 1.3901, 0.51401, 0.56997, 0.25885, 0.45564, 0.22664, 0.02041, 0.41249, 0.19998, 0.01, 7.2552, 0.45812, 0.05132, 0.84827, 1.0124, 1.4038, 0.42308, 0.36163, 2.0962, 1.8762, 0.65015, 0.013626, -1.0091, 0.8597, 0.017536, 3.8686, 0.27195, 0.062289, 0.49793, 1.0124, 1.4037, 0.30174, 0.36144, 2.0956, 1.8739, 0.65006, 0.013617, -5.4306, 0.85903, 0.011607, 1.9472, -0.53518, 0.062278, 1.1986, 1.0124, 1.4039, 0.54443, 0.36182, 2.0968, 1.8785, 0.65023, 0.013636, 3.4123, 0.86036, 0.023464, 5.79, 1.0791, 0.0623, 0.045364, 2.8484e-11, 3.0606e-09, 0.005442, 1.3202e-08, 1.1835e-07, 1.9364e-06, 2.6232e-09, 3.2534e-11, 7.2256, 1.6401e-07, 1.2989e-05, 1.3645, 0.24079, 4.4286e-11, 0.34643, 0.92161, 0.78663, 0.18518, 0.083578, -0.95849, -1.1407, 0.2975, -0.00083728, -5.7145, -0.044089, -0.0071571, 1.3734, -1.0026, 0.037227, 1.3501, 1.1032, 2.021, 0.66099, 0.63969, 5.1509, 4.893, 1.0028, 0.02809, 3.6963, 1.7635, 0.042228, 6.3638, 1.5465, 0.087351, 0.093083, 0.0030462, 0.14079, 0.020919, 0.028576, 3.4489, 3.3639, 0.045966, 7.7321e-05, 8.1836, 0.30191, 0.00022536, 2.3012, 0.60046, 0.00023215
15, 2.5783, 0.15178, 0.02408, 0, 2.3519, 0.45835, 0.26919, 1.084, 1.4742, 0.28675, 0.30692, 0.56337, 1.1756, 0.89418, 0.01149, 3.6797, 0.50204, 0.00545, 2.6292, 0.47964, 0.03537, 0.59361, 1.0222, 1.334, 0.30363, 0.28757, 2.2159, 1.3421, 0.75687, 0.016681, 2.9404, 0.91126, 0.016366, 2.7126, 0.24055, 0.055578, -0.0062275, 1.0222, 1.3339, 0.17559, 0.28738, 2.2153, 1.3399, 0.75679, 0.016671, -4.1231, 0.9106, 0.010236, 0.14626, -1.1351, 0.055567, 1.1934, 1.0222, 1.3341, 0.43167, 0.28776, 2.2164, 1.3444, 0.75696, 0.01669, 10.004, 0.91193, 0.022495, 5.2789, 1.6162, 0.055589, 0.13299, 2.8484e-11, 3.0606e-09, 0.0060594, 1.3202e-08, 1.1835e-07, 1.9364e-06, 2.6232e-09, 3.2534e-11, 18.441, 1.6401e-07, 1.3886e-05, 2.4342, 0.69943, 4.4286e-11, -0.10615, 0.93144, 0.71684, 0.062239, 0.0097074, -0.83882, -1.6751, 0.40422, 0.0022173, -4.3042, 0.0075941, -0.0083763, -0.30944, -1.4508, 0.030516, 1.2934, 1.113, 1.9512, 0.54502, 0.56543, 5.2706, 4.3593, 1.1095, 0.031144, 10.185, 1.8149, 0.041107, 5.7346, 1.9319, 0.08064, 0.18098, 0.0030462, 0.14079, 0.021537, 0.028536, 3.4489, 3.3647, 0.045966, 7.7321e-05, 19.399, 0.30183, 0.00022626, 3.3755, 1.0574, 0.00023215
16, 2, 0.3285, 0.05022, 0.15301, 1.5151, 0.98508, 0.2512, 1.0703, 1.9631, 0.1836, 0.13901, 1.6749, 2.4542, 0.92403, 0.00095, 2.2387, 0.05425, 0.04783, 3.9475, 0.49555, 0.04296, 0.81255, 1.0279, 1.3933, 0.32464, 0.27642, 2.2071, 1.7535, 0.77054, 0.0091416, 3.4019, 0.8481, 0.019774, 3.0754, 0.56991, 0.058422, 0.58186, 1.0279, 1.3932, 0.24366, 0.27623, 2.2065, 1.7512, 0.77045, 0.0091322, 0.62021, 0.84743, 0.014165, 1.6821, -0.00084232, 0.058411, 1.0432, 1.0279, 1.3934, 0.40562, 0.27661, 2.2076, 1.7558, 0.77062, 0.0091509, 6.1835, 0.84877, 0.025382, 4.4687, 1.1407, 0.058433, 0.019669, 2.8484e-11, 3.0606e-09, 0.0024239, 1.3202e-08, 1.1835e-07, 1.9364e-06, 2.6232e-09, 3.2534e-11, 2.8599, 1.6401e-07, 1.1626e-05, 0.71755, 0.1204, 4.4286e-11, 0.38556, 0.93712, 0.7761, 0.10457, -0.026408, -0.84761, -1.1644, 0.41789, -0.005322, 0.19687, -0.099782, -0.0048442, 0.95981, -0.56976, 0.03336, 1.2395, 1.1187, 2.0104, 0.54472, 0.57925, 5.2618, 4.6714, 1.1232, 0.023605, 6.6068, 1.796, 0.044392, 5.191, 1.7096, 0.083484, 0.067388, 0.0030462, 0.14079, 0.017901, 0.033895, 3.4489, 3.1469, 0.045966, 7.7321e-05, 3.7966, 0.33209, 0.000224, 1.6543, 0.48007, 0.00023215
17, 2.5, 0.38756, 0.02147, 0, 1.6667, 1.2635, 0.11779, 0.90398, 1.9621, 0.31618, 0.51634, 3.619, 7.321, 0.01256, 0.02109, 8.4884, 1.6325, 0.04196, 6.4418, 1.5027, 0.09342, 0.34941, 0.99847, 1.444, 0.18027, 0.23604, 2.9908, 2.9514, 0.77126, 0.01098, 2.2693, 0.87775, 0.020629, 2.1054, 1.2372, 0.054003, 0.019154, 0.99847, 1.4439, 0.10162, 0.23585, 2.9902, 2.9491, 0.77117, 0.010971, -1.3876, 0.87708, 0.014851, 0.43624, 0.43177, 0.053992, 0.67966, 0.99848, 1.444, 0.25891, 0.23623, 2.9914, 2.9536, 0.77134, 0.01099, 5.9263, 0.87841, 0.026407, 3.7747, 2.0427, 0.054014, 0.040313, 2.8484e-11, 3.0606e-09, 0.0022861, 1.3202e-08, 1.1835e-07, 1.9364e-06, 2.6232e-09, 3.2534e-11, 4.9429, 1.6401e-07, 1.2339e-05, 1.0298, 0.2398, 4.4286e-11, -0.14261, 0.90769, 0.82679, -0.038958, -0.040955, -0.063899, -0.067089, 0.4186, -0.0034832, -1.7264, -0.025596, -0.0040279, -0.2146, -0.027179, 0.028941, 0.84143, 1.0893, 2.0611, 0.39949, 0.51303, 6.0455, 5.9698, 1.1239, 0.025444, 6.265, 1.7811, 0.045286, 4.4255, 2.5017, 0.079065, 0.089478, 0.0030462, 0.14079, 0.017764, 0.028358, 3.4489, 3.3675, 0.045966, 7.732e-05, 5.9012, 0.30161, 0.00022471, 1.9895, 0.59092, 0.00023215
18, 2.8721, 0.36112, 0.03316, 0.11427, 3.3598, 1.0993, 0.28017, 0.94069, 1.6221, 0.37469, 0.22903, 1.5631, 0.79059, 0.57778, 0.01654, 4.5912, 0.60532, 0.0097, 2.5923, 0.57872, 0.02923, 0.54702, 1.0092, 1.4868, 0.2894, 0.24592, 2.8322, 2.3203, 0.76516, 0.011036, 1.5088, 0.81742, 0.019847, 2.8385, 0.75869, 0.052913, 0.055983, 1.0092, 1.4868, 0.21469, 0.24573, 2.8316, 2.318, 0.76508, 0.011027, -0.87108, 0.81676, 0.013947, 0.95471, 0.24931, 0.052902, 1.0381, 1.0092, 1.4869, 0.36411, 0.24611, 2.8328, 2.3226, 0.76525, 0.011046, 3.8886, 0.81809, 0.025746, 4.7222, 1.2681, 0.052924, 0.089119, 2.8484e-11, 3.0606e-09, 0.0020631, 1.3202e-08, 1.1835e-07, 1.9364e-06, 2.6232e-09, 3.2534e-11, 2.0934, 1.6401e-07, 1.2863e-05, 1.3116, 0.095905, 4.4286e-11, -0.39298, 0.91843, 0.86967, 0.071553, -0.052807, -0.22249, -0.32104, 0.41251, -0.020641, -1.3261, -0.24245, -0.0048392, -0.62539, 0.023231, 0.027851, 1.487, 1.1, 2.104, 0.50724, 0.54464, 5.8869, 4.9617, 1.1178, 0.042713, 4.3437, 1.8773, 0.044532, 6.3023, 1.4942, 0.077975, 0.32659, 0.0030462, 0.14079, 0.017541, 0.032983, 3.4489, 2.5787, 0.045966, 0.00037088, 2.9705, 0.4152, 0.00022524, 4.4347, 0.19992, 0.00023215
19, 2, 0.48597, 0.02228, 0, 2.2222, 1.6281, 0.338, 1.0242, 1.8398, 0.14759, 0.09165, 1.2465, 1.3611, 0.98868, 0.00091, 7.291, 0.11541, 0.04633, 2.6866, 0.28146, 0.04124, 0.24715, 1.0265, 1.372, 0.1545, 0.17764, 3.2909, 2.7788, 0.8479, 0.0070514, 3.3928, 0.86951, 0.026299, 2.5057, 0.84382, 0.050574, -0.045611, 1.0265, 1.3719, 0.063244, 0.17745, 3.2903, 2.7765, 0.84782, 0.007042, 0.38904, 0.86884, 0.020676, 1.065, 0.10695, 0.050563, 0.5399, 1.0265, 1.3721, 0.24576, 0.17782, 3.2914, 2.7811, 0.84799, 0.0070608, 6.3966, 0.87018, 0.031922, 3.9465, 1.5807, 0.050585, 0.031678, 2.8484e-11, 3.0606e-09, 0.003078, 1.3202e-08, 1.1835e-07, 1.9364e-06, 2.6232e-09, 3.2534e-11, 3.3348, 1.6401e-07, 1.1687e-05, 0.76724, 0.20069, 4.4286e-11, -0.21633, 0.93568, 0.75485, -0.069559, -0.099901, 0.23619, -0.23893, 0.49525, -0.0074122, -0.015239, -0.034025, 0.0016778, 0.35864, -0.38747, 0.025512, 0.71063, 1.1172, 1.9892, 0.37856, 0.45517, 6.3456, 5.7965, 1.2006, 0.021515, 6.8008, 1.773, 0.05092, 4.6529, 2.0751, 0.075636, 0.079397, 0.0030462, 0.14079, 0.018555, 0.02847, 3.4489, 3.3659, 0.045966, 7.7321e-05, 4.2929, 0.30174, 0.00022406, 1.7039, 0.56035, 0.00023215
20, 1.25, 0.32226, 0.01638, 0.44519, 2.6792, 2.0709, 0.64276, 1.0263, 1.8153, 0.38616, 0.72177, 3.4355, 6.1002, 0.13914, 0.00423, 0.20414, 0.0198, 0.02896, 3.9292, 0.96127, 0.04628, 1.3817, 1.0339, 1.5249, 0.48791, 0.29569, 2.7958, 2.946, 0.63953, 0.0041612, -0.4882, 0.66043, 0.027388, 3.8411, 1.3988, 0.064108, 0.59385, 1.0339, 1.5248, 0.31913, 0.29551, 2.7952, 2.9437, 0.63944, 0.0041518, -7.3402, 0.65976, 0.021241, 1.3159, 0.32668, 0.064097, 2.1695, 1.0339, 1.525, 0.6567, 0.29588, 2.7964, 2.9483, 0.63961, 0.0041705, 6.3638, 0.6611, 0.033536, 6.3662, 2.4709, 0.064119, 0.22941, 2.8484e-11, 3.0606e-09, 0.01053, 1.3202e-08, 1.1835e-07, 1.9364e-06, 2.6232e-09, 3.2534e-11, 17.353, 1.6401e-07, 1.3967e-05, 2.3567, 0.42483, 4.4286e-11, 0.51578, 0.94308, 0.90771, 0.22265, 0.017732, -0.2589, -0.070969, 0.28688, -0.010302, -7.5268, -0.2433, 0.0026422, 0.85602, -0.058092, 0.039046, 2.2476, 1.1247, 2.1421, 0.75318, 0.57366, 5.8505, 5.9629, 0.99218, 0.018625, 6.5504, 1.5642, 0.052135, 6.8261, 2.8557, 0.08917, 0.27713, 0.0030462, 0.14079, 0.026007, 0.028557, 3.4489, 3.3642, 0.045966, 7.7321e-05, 18.311, 0.30188, 0.00022634, 3.2934, 0.7845, 0.00023215
21, 2, 0.35798, 0.27635, 0.89973, 1.3333, 0.32515, 1.5782, 1.0085, 1.2003, 0.29945, 0.58438, 0.19657, 0.16131, 0.60496, 0.00139, 3.3053, 0.65189, 0.02433, 8.7087, 0.33442, 0.06448, 1.6559, 1.0145, 1.5497, 0.52645, 0.62965, 0.49856, -0.51177, 0.54674, 0.001691, 1.8249, 0.83897, 0.014117, 7.2971, 0.45253, 0.066465, 0.74134, 1.0145, 1.5496, 0.34575, 0.62946, 0.49799, -0.51406, 0.54666, 0.0016816, -5.7279, 0.83831, 0.007932, 4.6007, -1.1317, 0.066454, 2.5705, 1.0145, 1.5498, 0.70714, 0.62984, 0.49912, -0.50948, 0.54682, 0.0017003, 9.3776, 0.83964, 0.020303, 9.9935, 2.0367, 0.066476, 0.30917, 2.8484e-11, 3.0606e-09, 0.012068, 1.3203e-08, 1.1835e-07, 1.9364e-06, 2.6232e-09, 3.2534e-11, 21.084, 1.6401e-07, 1.4141e-05, 2.6873, 0.92759, 4.4286e-11, 0.67329, 0.92368, 0.9325, 0.25346, 0.35168, -2.5561, -3.5287, 0.19409, -0.012773, -5.8975, -0.064763, -0.010638, 4.1658, -1.4137, 0.041403, 2.6386, 1.1052, 2.1668, 0.79944, 0.90761, 3.5532, 2.5052, 0.89939, 0.016155, 9.5473, 1.7427, 0.038873, 10.428, 2.3187, 0.091527, 0.35689, 0.0030462, 0.14079, 0.027545, 0.028557, 3.4489, 3.3642, 0.045966, 7.7321e-05, 22.042, 0.30188, 0.00022652, 3.624, 1.2873, 0.00023215
22, 1.0909, 0.5348, 0.02722, 0.26042, 2.7778, 2.531, 1.9837, 1.0164, 1.3649, 0.24098, 0.19673, 1.9762, 3.3331, 0.88062, 9e-05, 1.3004, 0.43418, 0.04711, 7.5541, 0.41746, 0.05992, 1.1502, 1.0391, 1.423, 0.32952, 0.2122, 3.7159, 3.4048, 0.7627, 0.0009238, 5.1502, 0.765, 0.029377, 2.4346, 2.9112, 0.053754, 0.62208, 1.0391, 1.4229, 0.19281, 0.21201, 3.7154, 3.4025, 0.76261, 0.00091442, -0.71173, 0.76433, 0.023346, 0.2406, 1.9761, 0.053743, 1.6783, 1.0391, 1.4231, 0.46623, 0.21239, 3.7165, 3.4071, 0.76278, 0.00093318, 11.012, 0.76566, 0.035407, 4.6286, 3.8463, 0.053765, 0.10308, 2.8484e-11, 3.0606e-09, 0.0069075, 1.3202e-08, 1.1835e-07, 1.9364e-06, 2.6232e-09, 3.2534e-11, 12.701, 1.6401e-07, 1.3442e-05, 1.7792, 0.3232, 4.4286e-11, 0.51144, 0.94834, 0.80584, 0.083424, -0.065767, 0.66126, 0.38785, 0.41004, -0.01354, -0.92878, -0.13874, 0.004659, -0.2761, 1.5519, 0.028692, 1.7889, 1.1299, 2.0402, 0.57562, 0.49016, 6.7706, 6.4217, 1.1153, 0.015387, 11.229, 1.6687, 0.054094, 5.1453, 4.2704, 0.078816, 0.1508, 0.0030462, 0.14079, 0.022385, 0.028558, 3.4489, 3.3642, 0.045966, 7.7321e-05, 13.659, 0.30188, 0.00022582, 2.7159, 0.68287, 0.00023215
23, 3.2222, 0.25172, 0.01064, 0.28366, 8.0211, 1.102, 0.91395, 0.95172, 1.4745, 0.8379, 0.44171, 0.16887, 0.92549, 0.57554, 0.03074, 0.26259, 0.46662, 0.00478, 1.3805, 2.8794, 0.03739, 0.55657, 1.0574, 1.4881, 0.48254, 0.20628, 3.0044, 1.0865, 0.78234, 0.01185, 1.9937, 0.67191, 0.02432, 1.6511, 2.7763, 0.047994, 0.10565, 1.0574, 1.4881, 0.35193, 0.20609, 3.0038, 1.0842, 0.78226, 0.011841, -3.9867, 0.67125, 0.018232, -0.52421, 1.4739, 0.047984, 1.0075, 1.0575, 1.4882, 0.61314, 0.20647, 3.005, 1.0888, 0.78243, 0.011859, 7.9741, 0.67258, 0.030409, 3.8265, 4.0787, 0.048005, 0.075152, 2.8484e-11, 3.0606e-09, 0.0063045, 1.3202e-08, 1.1835e-07, 1.9364e-06, 2.6232e-09, 3.2534e-11, 13.219, 1.6401e-07, 1.3702e-05, 1.7491, 0.62692, 4.4286e-11, 0.0088583, 0.96666, 0.87097, 0.23978, -0.071681, -0.050288, -1.9304, 0.42969, -0.0026136, -4.1996, -0.23182, -0.0004116, -0.95035, 1.0678, 0.022933, 1.1043, 1.1482, 2.1053, 0.7253, 0.48425, 6.0591, 4.1035, 1.135, 0.026314, 8.187, 1.5756, 0.049052, 4.2526, 4.4847, 0.073056, 0.11088, 0.0030462, 0.14079, 0.021782, 0.028557, 3.4489, 3.3642, 0.045966, 7.7321e-05, 14.177, 0.30188, 0.00022608, 2.5014, 1.0788, 0.00023215
24, 2, 0.23185, 0.04692, 0.14297, 1.5151, 0.80426, 0.93097, 1.0446, 1.1509, 0.15038, 0.11253, 3.9546, 2.4829, 0.99683, 0.00197, 1.0517, 0.05563, 0.01107, 3.6278, 0.19128, 0.05302, 0.85154, 1.0266, 1.3637, 0.40171, 0.3107, 2.0954, 1.5384, 0.73444, 0.011776, -0.20153, 0.87267, 0.018935, 4.5587, 0.43283, 0.059256, 0.62494, 1.0266, 1.3637, 0.31064, 0.31051, 2.0948, 1.5361, 0.73436, 0.011766, -2.1858, 0.872, 0.013268, 3.396, -0.13938, 0.059245, 1.0781, 1.0266, 1.3638, 0.49278, 0.31089, 2.0959, 1.5407, 0.73453, 0.011785, 1.7827, 0.87334, 0.024601, 5.7214, 1.005, 0.059267, 0.01898, 2.8484e-11, 3.0606e-09, 0.0030652, 1.3202e-08, 1.1835e-07, 1.9364e-06, 2.6232e-09, 3.2534e-11, 1.4552, 1.6401e-07, 1.1868e-05, 0.49969, 0.12102, 4.4286e-11, 0.42674, 0.93578, 0.74658, 0.17773, 0.022635, -0.95932, -1.4061, 0.38179, -0.0026879, -2.7485, -0.062861, -0.0056967, 2.5874, -0.70757, 0.034194, 1.2763, 1.1173, 1.9809, 0.62569, 0.59876, 5.1501, 4.4829, 1.0871, 0.026239, 2.3454, 1.8082, 0.043566, 6.5301, 1.5732, 0.084318, 0.066699, 0.0030462, 0.14079, 0.018543, 0.030671, 3.4489, 3.2046, 0.045966, 7.7321e-05, 2.3977, 0.32349, 0.00022424, 1.4364, 0.48068, 0.00023215
25, 3.2222, 0.50973, 0.03901, 0.15123, 5.3474, 1.1649, 1.6136, 1.0976, 1.2196, 0.13472, 0.16361, 4.9662, 1.1202, 0.99226, 0.00038, 0.31537, 0.03209, 0.03452, 3.7982, 0.57979, 0.05063, 0.48139, 1.0368, 1.5135, 0.2749, 0.14865, 2.9249, 1.755, 0.88745, 0.0070505, 3.9953, 0.73815, 0.021795, 1.1331, 1.891, 0.047617, -0.049552, 1.0367, 1.5134, 0.15635, 0.14846, 2.9243, 1.7528, 0.88736, 0.0070411, -2.3868, 0.73749, 0.015707, -1.1983, 0.77647, 0.047606, 1.0123, 1.0368, 1.5136, 0.39346, 0.14883, 2.9254, 1.7573, 0.88753, 0.0070599, 10.377, 0.73882, 0.027882, 3.4646, 3.0056, 0.047628, 0.10419, 2.8484e-11, 3.0606e-09, 0.0051953, 1.3202e-08, 1.1835e-07, 1.9364e-06, 2.6232e-09, 3.2534e-11, 15.055, 1.6401e-07, 1.3695e-05, 2.009, 0.45913, 4.4286e-11, -0.13461, 0.94597, 0.89632, 0.038407, -0.13319, -0.12982, -1.2388, 0.5348, -0.0074131, -2.5857, -0.17538, -0.0029369, -1.603, 0.32387, 0.022555, 1.0974, 1.1275, 2.1307, 0.5114, 0.43048, 5.9796, 4.7489, 1.2401, 0.021514, 10.576, 1.6517, 0.046526, 3.8693, 3.4582, 0.072679, 0.14025, 0.0030462, 0.14079, 0.020673, 0.029359, 3.4489, 3.3129, 0.045966, 7.7321e-05, 16.008, 0.30846, 0.00022607, 2.767, 0.90774, 0.00023215
26, 3.2222, 0.50973, 0.03901, 0.60514, 5.3474, 1.0246, 0.91038, 1.0359, 1.7268, 0.79504, 0.08872, 0.83795, 0.83529, 0.88552, 0.00124, 6.5068, 0.40163, 0.00603, 2.968, 2.8403, 0.07311, 0.76152, 1.0531, 1.7977, 0.65695, 0.15625, 1.3898, 1.2511, 0.82889, 0.00045167, 4.3227, 0.41031, 0.018956, 1.066, 2.6948, 0.064896, -0.11668, 1.053, 1.7976, 0.47934, 0.15606, 1.3893, 1.2488, 0.82881, 0.00044228, -3.0823, 0.40965, 0.012778, -1.5931, 1.4037, 0.064885, 1.6397, 1.0531, 1.7978, 0.83455, 0.15644, 1.3904, 1.2534, 0.82898, 0.00046105, 11.728, 0.41098, 0.025134, 3.7252, 3.9859, 0.064907, 0.28506, 2.8484e-11, 3.0606e-09, 0.011659, 1.3202e-08, 1.1835e-07, 1.9364e-06, 2.6232e-09, 3.2534e-11, 20.267, 1.6401e-07, 1.4108e-05, 2.6135, 0.61613, 4.4286e-11, -0.18406, 0.96227, 1.1805, 0.38599, -0.12172, -1.6649, -1.7658, 0.47624, -0.014012, -3.2552, -0.49342, -0.0057979, -2.0179, 1.0581, 0.039834, 1.7071, 1.1438, 2.4149, 0.9279, 0.43421, 4.4445, 4.2681, 1.1815, 0.014915, 11.901, 1.314, 0.04371, 4.15, 4.3316, 0.089958, 0.33048, 0.0030462, 0.14079, 0.027136, 0.028557, 3.4489, 3.3642, 0.045966, 7.7321e-05, 21.225, 0.30188, 0.00022648, 3.5153, 0.9902, 0.00023215
27, 3.2222, 0.36454, 0.00983, 0.26208, 8.0211, 1.4251, 0.53096, 1.0883, 1.9729, 0.23135, 0.15994, 5.9595, 0.57509, 0.78275, 0.00016, 1.5386, 1.4959, 0.02975, 1.3643, 3.5693, 0.0525, 0.74098, 1.0527, 1.5153, 0.49326, 0.16921, 3.3838, 1.6275, 0.81257, 0.0093664, 1.753, 0.66478, 0.025448, 1.0608, 2.9826, 0.045752, 0.31726, 1.0527, 1.5152, 0.37753, 0.16902, 3.3832, 1.6252, 0.81249, 0.009357, -3.0308, 0.66411, 0.019433, -0.71701, 1.9036, 0.045741, 1.1647, 1.0527, 1.5154, 0.60898, 0.1694, 3.3844, 1.6298, 0.81266, 0.0093758, 6.5368, 0.66545, 0.031462, 2.8387, 4.0617, 0.045763, 0.066358, 2.8484e-11, 3.0606e-09, 0.0049497, 1.3202e-08, 1.1835e-07, 1.9364e-06, 2.6232e-09, 3.2534e-11, 8.4584, 1.6401e-07, 1.337e-05, 1.1682, 0.43034, 4.4286e-11, 0.2878, 0.96192, 0.89811, 0.25817, -0.10875, 0.32911, -1.3894, 0.45992, -0.0039898, -3.2944, -0.23895, 0.00073434, -0.91487, 0.83331, 0.02069, 1.1942, 1.1435, 2.1325, 0.72834, 0.44718, 6.4385, 4.6445, 1.1652, 0.022723, 6.8004, 1.5685, 0.050162, 3.0365, 5.132, 0.070814, 0.075908, 0.0030462, 0.14079, 0.020427, 0.028558, 3.4489, 3.3642, 0.045966, 6.5935e-05, 9.4164, 0.30188, 0.00022574, 1.4427, 1.7075, 0.00023215
28, 2, 0.49951, 0.06108, 0.19991, 0.83333, 0.96807, 0.16696, 0.90218, 1.8568, 0.17693, 0.40423, 3.1611, 7.5046, 0.97599, 0.01148, 9.9237, 0.69141, 0.00254, 3.6812, 1.4146, 0.07318, 0.27789, 1.04, 1.46, 0.29577, 0.20133, 1.7256, 1.5803, 0.87066, 0.003599, 5.504, 0.76848, 0.020202, 2.2099, 0.99081, 0.06104, -0.15541, 1.04, 1.46, 0.17217, 0.20114, 1.7251, 1.578, 0.87058, 0.0035896, -0.16498, 0.76781, 0.014234, 0.028177, 0.05092, 0.061029, 0.71118, 1.04, 1.4601, 0.41937, 0.20151, 1.7262, 1.5826, 0.87075, 0.0036084, 11.173, 0.76914, 0.02617, 4.3916, 1.9307, 0.061051, 0.069391, 2.8484e-11, 3.0606e-09, 0.0056468, 1.3202e-08, 1.1835e-07, 1.9364e-06, 2.6232e-09, 3.2534e-11, 11.878, 1.6401e-07, 1.3163e-05, 1.7593, 0.32651, 4.4286e-11, -0.28501, 0.94922, 0.84288, 0.056702, -0.076914, -1.3291, -1.4365, 0.51801, -0.010865, -0.38913, -0.13534, -0.0045001, -0.49088, -0.37172, 0.035978, 0.84078, 1.1308, 2.0772, 0.53483, 0.47957, 4.7803, 4.597, 1.2233, 0.018063, 11.397, 1.6723, 0.044904, 4.9106, 2.3533, 0.086102, 0.11711, 0.0030462, 0.14079, 0.021124, 0.028614, 3.4489, 3.3637, 0.045966, 7.7321e-05, 12.836, 0.30193, 0.00022554, 2.696, 0.68617, 0.00023215
29, 2.8721, 0.36112, 0.03316, 0.07126, 3.3598, 1.0931, 0.39074, 0.90686, 1.8025, 0.34029, 0.27103, 0.10902, 0.57376, 0.92707, 0.02432, 2.6469, 0.27543, 0.00854, 4.1549, 0.62675, 0.03512, 0.50125, 1.0089, 1.4585, 0.26422, 0.24292, 2.9451, 2.3212, 0.77474, 0.011621, 5.3246, 0.84667, 0.019596, 2.9545, 0.57205, 0.051366, 0.035073, 1.0089, 1.4584, 0.18723, 0.24273, 2.9446, 2.3189, 0.77466, 0.011611, 3.1842, 0.846, 0.013692, 1.0712, 0.061949, 0.051355, 0.96742, 1.0089, 1.4586, 0.3412, 0.24311, 2.9457, 2.3235, 0.77483, 0.01163, 7.4649, 0.84733, 0.025499, 4.8378, 1.0822, 0.051377, 0.080324, 2.8484e-11, 3.0606e-09, 0.0021906, 1.3202e-08, 1.1835e-07, 1.9364e-06, 2.6232e-09, 3.2534e-11, 1.6932, 1.6401e-07, 1.2881e-05, 1.311, 0.096175, 4.4286e-11, -0.40293, 0.91814, 0.8413, 0.045565, 0.050434, -0.10971, -3.3076, 0.42209, -0.020806, 2.4124, 0.34584, -0.0050911, -0.57474, -0.16352, 0.026304, 1.4054, 1.0997, 2.0756, 0.48287, 0.43541, 6, 7.9501, 1.1274, 0.044048, 8.2367, 1.3475, 0.044282, 6.4838, 1.3076, 0.076429, 0.30217, 0.0030462, 0.14078, 0.01767, 0.013695, 3.4493, 11.711, 0.045966, 0.00038865, 3.1346, 0.092708, 0.00022526, 4.6038, 0.19998, 0.00023216
30, 1.0909, 0.47111, 0.03337, 0.11565, 2.0833, 2.3033, 0.24244, 1.0533, 0.92881, 0.38261, 0.14595, 4.5509, 0.26412, 0.98576, 0.00015, 9.6189, 1.6718, 0.00316, 3.1246, 4.252, 0.04861, 0.79893, 1.0294, 1.3227, 0.23412, 0.24434, 3.8455, 3.3182, 0.7564, 0.0046589, 2.6597, 0.89094, 0.029436, 4.2172, 2.0328, 0.050907, 0.47636, 1.0293, 1.3226, 0.12917, 0.24416, 3.8449, 3.3159, 0.75632, 0.0046495, -1.6718, 0.89028, 0.023528, 2.4605, 1.2797, 0.050896, 1.1215, 1.0294, 1.3228, 0.33906, 0.24453, 3.8461, 3.3205, 0.75649, 0.0046683, 6.9913, 0.89161, 0.035344, 5.9739, 2.786, 0.050918, 0.038458, 2.8484e-11, 3.0606e-09, 0.0040707, 1.3202e-08, 1.1835e-07, 1.9364e-06, 2.6232e-09, 3.2534e-11, 6.9347, 1.6401e-07, 1.29e-05, 1.1406, 0.20966, 4.4286e-11, 0.31607, 0.93857, 0.70554, 0.0041434, -0.037915, 0.7908, 0.39629, 0.40375, -0.0098047, -1.9554, -0.047459, 0.0047478, 1.8465, 0.79173, 0.025845, 1.2818, 1.1201, 1.9399, 0.46409, 0.52661, 6.9002, 6.2401, 1.1091, 0.019123, 7.2749, 1.8293, 0.054124, 6.5879, 3.2739, 0.075969, 0.086177, 0.0030462, 0.14079, 0.019548, 0.029447, 3.4489, 3.1556, 0.045966, 7.7321e-05, 7.8725, 0.32548, 0.00022527, 2.0773, 0.56933, 0.00023215
31, 3.2222, 0.37402, 0.01008, 0.08945, 8.0211, 1.524, 0.39665, 1.0859, 1.8825, 0.16219, 0.12035, 4.5543, 2.3015, 0.96439, 0.00059, 1.826, 0.4351, 0.03705, 1.2205, 2.3467, 0.03741, 0.53314, 1.0449, 1.4116, 0.25692, 0.16602, 4.0271, 1.9074, 0.83291, 0.011688, 1.7527, 0.79015, 0.027144, 1.6956, 2.6454, 0.038941, -0.14635, 1.0448, 1.4115, 0.12961, 0.16583, 4.0266, 1.9052, 0.83283, 0.011679, -3.9781, 0.78948, 0.021066, -0.39769, 1.4938, 0.03893, 1.2126, 1.0449, 1.4117, 0.38423, 0.1662, 4.0277, 1.9097, 0.83299, 0.011698, 7.4834, 0.79081, 0.033222, 3.7889, 3.797, 0.038952, 0.17065, 2.8484e-11, 3.0606e-09, 0.0059908, 1.3202e-08, 1.1835e-07, 1.9364e-06, 2.6232e-09, 3.2534e-11, 12.139, 1.6401e-07, 1.3653e-05, 1.6196, 0.49017, 4.4286e-11, -0.15392, 0.95407, 0.79442, 0.015922, 0.0011257, 0.97254, -2.4964, 0.48026, 0.0071594, -4.2651, 0.40312, 0.002415, -0.48452, -0.25547, 0.013879, 1.2202, 1.1356, 2.0288, 0.49791, 0.3309, 7.0817, 6.3112, 1.1856, 0.016217, 7.7705, 1.1772, 0.051873, 3.8758, 5.5463, 0.064003, 0.17448, 0.0030462, 0.14079, 0.021466, 0.010049, 3.4487, 7.1681, 0.045966, 7.5803e-06, 13.385, 0.055363, 0.00022603, 1.7568, 3.1104, 0.00023215
32, 3, 0.26227, 0.1191, 0.70123, 1.3333, 0.44375, 1.3779, 0.98023, 1.9574, 0.71022, 0.45337, 2.2566, 0.61702, 0.62694, 0.00096, 1.0697, 1.1536, 0.0142, 1.5886, 1.8244, 0.09035, 0.90609, 0.98059, 1.7981, 0.69456, 0.46757, 0.69553, 1.5608, 0.53689, 0.0072499, 2.0611, 0.62203, 0.011133, 4.2367, 0.97451, 0.074635, 0.032441, 0.98058, 1.798, 0.52952, 0.46738, 0.69497, 1.5585, 0.53681, 0.0072405, -5.4917, 0.62136, 0.0049474, 1.5403, -0.56531, 0.074624, 1.7797, 0.9806, 1.7981, 0.85959, 0.46776, 0.6961, 1.5631, 0.53698, 0.0072593, 9.6139, 0.62269, 0.017318, 6.9332, 2.5143, 0.074646, 0.28211, 2.8484e-11, 3.0606e-09, 0.010067, 1.3203e-08, 1.1835e-07, 1.9364e-06, 2.6232e-09, 3.2534e-11, 21.084, 1.6401e-07, 1.4141e-05, 2.6873, 0.87636, 4.4286e-11, -0.039449, 0.88981, 1.1809, 0.43166, 0.18961, -2.3592, -1.4561, 0.18424, -0.0072137, -5.6613, -0.28171, -0.013623, 1.1043, -0.85252, 0.049573, 1.8516, 1.0714, 2.4152, 0.95745, 0.74553, 3.7502, 4.5778, 0.88954, 0.021713, 9.7836, 1.5258, 0.035889, 7.3692, 2.8015, 0.099697, 0.33045, 0.0030462, 0.14079, 0.025545, 0.028557, 3.4489, 3.3642, 0.045966, 7.7321e-05, 22.042, 0.30188, 0.00022652, 3.6267, 1.2338, 0.00023215
33, 2, 0.41772, 0.023, 0.10007, 1.6667, 1.3362, 0.39424, 1.0819, 1.0124, 0.15633, 0.10619, 1.7081, 2.0688, 0.95995, 0.00031, 2.3266, 0.3035, 0.04296, 3.1515, 0.4355, 0.05198, 0.44827, 1.028, 1.4267, 0.22886, 0.20548, 2.5959, 2.4117, 0.81415, 0.0072424, 5.2449, 0.80719, 0.024145, 2.4812, 0.85725, 0.057145, 0.18782, 1.028, 1.4266, 0.15549, 0.20529, 2.5953, 2.4094, 0.81407, 0.0072331, 2.2221, 0.80653, 0.018726, 1.1846, 0.25527, 0.057134, 0.70872, 1.028, 1.4268, 0.30222, 0.20567, 2.5965, 2.414, 0.81424, 0.0072518, 8.2677, 0.80786, 0.029563, 3.7779, 1.4592, 0.057156, 0.025073, 2.8484e-11, 3.0606e-09, 0.0019893, 1.3202e-08, 1.1835e-07, 1.9364e-06, 2.6232e-09, 3.2534e-11, 3.3772, 1.6401e-07, 1.0852e-05, 0.62141, 0.13394, 4.4286e-11, 0.0044879, 0.9372, 0.80952, 0.01147, -0.030468, -0.4588, -0.91739, 0.4615, -0.0072212, 1.7933, 0.087241, -0.00043042, 0.42806, -0.29837, 0.032083, 0.89205, 1.1188, 2.0439, 0.44624, 0.44143, 5.6506, 5.7408, 1.1668, 0.021706, 8.6965, 1.5271, 0.04872, 4.5344, 2.0129, 0.082207, 0.072792, 0.0030462, 0.14079, 0.017467, 0.020577, 3.4489, 4.0964, 0.045966, 7.7321e-05, 4.4033, 0.19158, 0.00022323, 1.5581, 0.4936, 0.00023215
34, 1.0909, 0.48746, 0.04962, 0.23736, 1.3889, 1.9415, 0.29156, 1.0984, 1.7059, 0.24344, 0.13139, 3.8893, 3.2826, 0.83134, 3e-05, 2.2426, 0.79954, 0.00415, 3.2734, 4.7786, 0.05464, 0.33881, 1.0409, 1.3839, 0.2361, 0.24185, 2.9069, 2.6196, 0.78123, 0.0021992, 7.5906, 0.80999, 0.026531, 4.3408, 2.5522, 0.057401, -0.208, 1.0408, 1.3838, 0.10783, 0.24166, 2.9063, 2.6174, 0.78115, 0.0021898, 2.2547, 0.80932, 0.020533, 2.2668, 1.5899, 0.05739, 0.88562, 1.0409, 1.384, 0.36437, 0.24204, 2.9075, 2.6219, 0.78132, 0.0022086, 12.926, 0.81065, 0.032529, 6.4148, 3.5145, 0.057412, 0.11051, 2.8484e-11, 3.0606e-09, 0.006081, 1.3202e-08, 1.1835e-07, 1.9364e-06, 2.6232e-09, 3.2534e-11, 10.524, 1.6401e-07, 1.3297e-05, 1.5899, 0.34227, 4.4286e-11, -0.31548, 0.95007, 0.76674, -0.0054101, -0.036124, -0.1478, -0.3973, 0.42858, -0.012264, 2.0171, -0.093747, 0.0018218, 1.7263, 1.1741, 0.032339, 0.99311, 1.1316, 2.0011, 0.47761, 0.51982, 5.9616, 5.6366, 1.1339, 0.016663, 13.164, 1.7137, 0.051241, 6.9554, 3.9303, 0.082463, 0.15823, 0.0030462, 0.14079, 0.021558, 0.028559, 3.4489, 3.3642, 0.045966, 7.7321e-05, 11.481, 0.30188, 0.00022567, 2.5266, 0.70194, 0.00023215
35, 2, 0.24957, 0.03159, 0.10379, 1.5812, 0.78562, 1.9585, 0.9244, 1.6634, 0.60923, 0.92891, 8.9561, 0.67197, 0.99565, 0.04855, 0.51706, 0.01145, 0.00671, 3.5864, 0.28377, 0.07619, 0.59851, 1.0354, 1.3566, 0.30456, 0.26622, 2.0407, 1.4711, 0.77837, 0.011377, 4.5585, 0.85044, 0.019651, 2.8472, 0.5881, 0.059265, 0.38123, 1.0354, 1.3565, 0.2225, 0.26603, 2.0401, 1.4688, 0.77829, 0.011368, 2.7021, 0.84978, 0.014052, 1.7655, 0.058458, 0.059254, 0.8158, 1.0354, 1.3567, 0.38663, 0.26641, 2.0412, 1.4734, 0.77845, 0.011387, 6.415, 0.85111, 0.02525, 3.929, 1.1177, 0.059276, 0.01745, 2.8484e-11, 3.0606e-09, 0.0024892, 1.3202e-08, 1.1835e-07, 1.9364e-06, 2.6232e-09, 3.2534e-11, 1.2738, 1.6401e-07, 1.1587e-05, 0.43252, 0.10368, 4.4286e-11, 0.17861, 0.94463, 0.73939, 0.084086, -0.010664, -1.014, -1.5281, 0.42572, -0.0030861, 2.1032, -0.053258, -0.0049649, 0.92252, -0.53154, 0.034203, 1.0184, 1.1262, 1.9737, 0.52504, 0.5431, 5.0954, 4.4702, 1.131, 0.025841, 7.0138, 1.7541, 0.044267, 4.7719, 1.7077, 0.084327, 0.065169, 0.0030462, 0.14079, 0.017967, 0.028336, 3.4489, 3.3246, 0.045966, 7.7321e-05, 2.2282, 0.30185, 0.00022396, 1.3692, 0.46335, 0.00023215
36, 1.0909, 0.64994, 0.04962, 0.11868, 1.3889, 2.4988, 0.23918, 1.0719, 0.72551, 0.20984, 0.04993, 5.163, 0.71384, 0.80791, 2e-05, 5.5849, 1.6217, 0.00285, 1.1056, 3.7386, 0.04346, 0.37218, 1.0263, 1.3715, 0.27154, 0.19667, 3.8661, 3.6499, 0.82143, 5.9317e-05, 5.1083, 0.87207, 0.029451, 4.1581, 3.303, 0.050417, -0.17929, 1.0263, 1.3714, 0.12527, 0.19648, 3.8655, 3.6476, 0.82135, 4.9935e-05, -1.7756, 0.87141, 0.023331, 1.664, 2.1132, 0.050406, 0.92365, 1.0263, 1.3716, 0.41782, 0.19686, 3.8667, 3.6522, 0.82152, 6.8699e-05, 11.992, 0.87274, 0.03557, 6.6522, 4.4928, 0.050428, 0.11241, 2.8484e-11, 3.0606e-09, 0.0079082, 1.3202e-08, 1.1835e-07, 1.9364e-06, 2.6232e-09, 3.2534e-11, 17.515, 1.6401e-07, 1.3842e-05, 2.2992, 0.52322, 4.4286e-11, -0.28602, 0.93555, 0.75429, 0.020006, -0.081499, 0.81142, 0.63622, 0.46878, -0.014404, -1.9612, -0.032982, 0.0047115, 1.1992, 1.7575, 0.025355, 1.0304, 1.1171, 1.9886, 0.52308, 0.47484, 6.9208, 6.6637, 1.1741, 0.014523, 12.178, 1.7771, 0.05419, 7.117, 4.8486, 0.075479, 0.16013, 0.0030462, 0.14079, 0.023386, 0.0286, 3.4489, 3.357, 0.045966, 7.7321e-05, 18.472, 0.30276, 0.00022622, 3.2359, 0.88288, 0.00023215
37, 1.25, 0.33442, 0.017, 0.18441, 2.6792, 2.2534, 1.3854, 1.0136, 1.7599, 0.21723, 0.29501, 3.2079, 1.4218, 0.84486, 0.03011, 0.17677, 1.3763, 0.04995, 3.5171, 0.20392, 0.04679, 0.86439, 1.0195, 1.3701, 0.29442, 0.29655, 3.8287, 3.4527, 0.66139, 0.0078095, 5.6428, 0.85449, 0.028502, 5.3803, 1.2717, 0.053641, 0.44102, 1.0195, 1.37, 0.17533, 0.29636, 3.8281, 3.4504, 0.6613, 0.0078001, 0.23121, 0.85382, 0.022493, 3.2962, 0.48352, 0.05363, 1.2878, 1.0195, 1.3702, 0.41351, 0.29674, 3.8292, 3.455, 0.66147, 0.0078188, 11.054, 0.85516, 0.034512, 7.4644, 2.0599, 0.053652, 0.066252, 2.8484e-11, 3.0606e-09, 0.0052422, 1.3202e-08, 1.1835e-07, 1.9364e-06, 2.6232e-09, 3.2534e-11, 10.824, 1.6401e-07, 1.3348e-05, 1.6054, 0.22961, 4.4286e-11, 0.3091, 0.92871, 0.75291, 0.057653, 0.018102, 0.77397, 0.43642, 0.30874, -0.0066541, -0.0031429, -0.049539, 0.0037901, 2.7578, 0.0090404, 0.028579, 1.4197, 1.1103, 1.9873, 0.53118, 0.57499, 6.8833, 6.4689, 1.014, 0.022273, 11.289, 1.7585, 0.053215, 8.0028, 2.5344, 0.078703, 0.11397, 0.0030462, 0.14079, 0.02072, 0.028656, 3.4489, 3.3626, 0.045966, 7.7321e-05, 11.782, 0.30207, 0.00022572, 2.5421, 0.58928, 0.00023215
38, 3.2222, 0.36454, 0.02506, 0.26208, 5.3474, 1.1392, 0.59607, 1.0964, 1.8071, 0.65552, 0.10557, 0.36631, 0.15844, 0.80949, 0.00376, 6.9939, 1.6174, 0.02436, 1.9848, 2.2574, 0.07135, 0.74285, 1.0237, 1.5807, 0.44424, 0.21935, 2.742, 1.993, 0.7674, 0.0095699, 4.1468, 0.68757, 0.020825, 1.137, 1.4518, 0.053247, 0.55493, 1.0237, 1.5806, 0.34846, 0.21916, 2.7415, 1.9907, 0.76732, 0.0095605, 1.7983, 0.68691, 0.01489, 0.055547, 0.52497, 0.053236, 0.93077, 1.0237, 1.5808, 0.54003, 0.21954, 2.7426, 1.9952, 0.76749, 0.0095793, 6.4953, 0.68824, 0.026761, 2.2184, 2.3787, 0.053258, 0.013053, 2.8484e-11, 3.0606e-09, 0.0033909, 1.3202e-08, 1.1835e-07, 1.9364e-06, 2.6232e-09, 3.2534e-11, 2.0386, 1.6401e-07, 1.3021e-05, 0.43227, 0.31751, 4.4286e-11, 0.4945, 0.93288, 0.96352, 0.2183, -0.058612, -0.31264, -1.024, 0.41475, -0.0037966, 1.2995, -0.21616, -0.003869, -0.24985, -0.61244, 0.028185, 0.99119, 1.1144, 2.1979, 0.67018, 0.49732, 5.7967, 5.0099, 1.1201, 0.022936, 6.9941, 1.5913, 0.04552, 2.5238, 3.5161, 0.078309, 0.022796, 0.0030462, 0.14079, 0.018868, 0.028558, 3.4489, 3.3642, 0.045966, 6.6035e-05, 2.9965, 0.30188, 0.0002254, 0.71088, 1.575, 0.00023215
39, 2.8721, 0.36329, 0.0662, 0.11496, 1.6931, 0.76282, 0.83845, 1.0956, 0.73846, 0.29644, 0.11805, 0.89469, 1.2249, 0.37925, 0.01313, 1.7344, 0.06094, 0.00806, 1.0827, 0.3166, 0.04606, 0.52322, 0.99442, 1.4864, 0.28591, 0.29961, 2.3296, 2.1198, 0.74697, 0.011294, 3.7142, 0.87607, 0.016096, 3.3213, 0.80255, 0.055962, -0.050625, 0.99441, 1.4863, 0.17137, 0.29942, 2.329, 2.1175, 0.74689, 0.011284, -2.6803, 0.8754, 0.010037, 0.92937, -0.50419, 0.055951, 1.0971, 0.99443, 1.4865, 0.40045, 0.2998, 2.3301, 2.1221, 0.74706, 0.011303, 10.109, 0.87673, 0.022154, 5.7132, 2.1093, 0.055973, 0.12171, 2.8484e-11, 3.0606e-09, 0.0048492, 1.3202e-08, 1.1835e-07, 1.9364e-06, 2.6232e-09, 3.2534e-11, 15.113, 1.6401e-07, 1.3567e-05, 2.1147, 0.63113, 4.4286e-11, -0.4783, 0.90364, 0.86919, 0.051407, -0.31933, -0.72505, 0.92533, 0.39432, -0.016382, -2.7882, -2.5419, -0.0086288, -0.40597, -0.60773, 0.030901, 1.5247, 1.0852, 2.1035, 0.52042, 0.91855, 5.3842, 3.3142, 1.0996, 0.038969, 10.217, 4.2941, 0.04082, 7.0486, 2.2128, 0.081024, 0.37073, 0.0030462, 0.14079, 0.020326, 0.14159, 3.4488, 0.52732, 0.045966, 0.0002831, 15.628, 4.3181, 0.00022594, 5.1348, 0.73511, 0.00023214
40, 2, 0.19083, 0.0039, 0.00206, 3.4558, 0.98936, 0.20458, 1.0993, 1.0662, 0.15036, 0.14271, 4.6415, 3.7158, 0.91512, 0.0006, 2.2297, 0.74642, 0.03108, 1.1347, 1.0044, 0.05229, 0.24352, 1.0507, 1.2584, 0.29777, 0.23312, 2.7789, 1.4187, 0.79869, 0.014058, 7.4619, 0.88761, 0.021883, 2.4891, 2.1188, 0.052006, -0.090582, 1.0507, 1.2583, 0.19264, 0.23294, 2.7783, 1.4164, 0.79861, 0.014049, 4.7545, 0.88695, 0.015961, 0.98324, 1.2758, 0.051995, 0.57762, 1.0507, 1.2585, 0.4029, 0.23331, 2.7794, 1.421, 0.79878, 0.014068, 10.169, 0.88828, 0.027805, 3.995, 2.9619, 0.052017, 0.041257, 2.8484e-11, 3.0606e-09, 0.0040852, 1.3202e-08, 1.1835e-07, 1.9364e-06, 2.6232e-09, 3.2534e-11, 2.7092, 1.6401e-07, 1.2962e-05, 0.83814, 0.2627, 4.4286e-11, -0.24712, 0.95995, 0.64121, 0.067711, -0.044654, -0.27582, -1.5986, 0.44604, -0.00040528, 4.312, -0.016016, -0.0028079, 0.29778, 0.82119, 0.026944, 0.73416, 1.1415, 1.8756, 0.52783, 0.5109, 5.8336, 4.436, 1.1513, 0.028522, 10.612, 1.7912, 0.046575, 4.6804, 3.4164, 0.077068, 0.088976, 0.0030462, 0.14079, 0.019563, 0.02852, 3.4489, 3.3651, 0.045966, 7.7321e-05, 3.6673, 0.3018, 0.00022534, 1.7748, 0.62237, 0.00023215
41, 2, 0.42151, 0.03343, 0, 1.8333, 1.205, 1.7229, 1.0724, 0.55475, 0.16576, 0.15245, 1.6117, 1.9735, 0.98402, 0.00025, 5.2034, 1.6332, 0.04151, 2.2365, 0.22492, 0.06059, 0.33714, 1.0348, 1.3325, 0.15175, 0.19769, 2.7482, 2.0389, 0.85836, 0.0084512, 6.4978, 0.88887, 0.024836, 3.5846, 0.49833, 0.052552, 0.1403, 1.0348, 1.3324, 0.079091, 0.1975, 2.7476, 2.0366, 0.85828, 0.0084418, 5.1273, 0.8882, 0.019486, 2.6481, 0.02, 0.052541, 0.53398, 1.0348, 1.3326, 0.2244, 0.19788, 2.7488, 2.0412, 0.85844, 0.0084606, 7.8683, 0.88953, 0.030186, 4.5211, 0.97666, 0.052563, 0.01432, 2.8484e-11, 3.0606e-09, 0.0019511, 1.3202e-08, 1.1835e-07, 1.9364e-06, 2.6232e-09, 3.2534e-11, 0.69421, 1.6401e-07, 1.0579e-05, 0.32415, 0.084567, 4.4286e-11, -0.072557, 0.94406, 0.71536, -0.065403, -0.079483, -0.30648, -0.97943, 0.50571, -0.0060124, 4.3834, -0.014523, 0.0002756, 1.7376, -0.59797, 0.02749, 0.74683, 1.1256, 1.9497, 0.36889, 0.47486, 5.8029, 5.0572, 1.211, 0.022915, 8.6122, 1.7923, 0.049396, 5.4316, 1.5946, 0.077614, 0.062039, 0.0030462, 0.14079, 0.017429, 0.028395, 3.4489, 3.3672, 0.045966, 7.7321e-05, 1.6524, 0.30164, 0.00022295, 1.2609, 0.44423, 0.00023215
42, 2, 0.43195, 0.03633, 0, 2.2222, 1.1747, 0.50134, 1.0467, 0.91871, 0.19538, 0.1661, 1.5605, 1.2073, 0.90586, 0.00789, 7.875, 1.0437, 0.04703, 5.5637, 0.25475, 0.06362, 0.85336, 1.0436, 1.3126, 0.13691, 0.18451, 2.7382, 1.781, 0.88301, 0.0080688, 4.7913, 0.88736, 0.024772, 2.325, 0.67341, 0.051276, 0.5872, 1.0436, 1.3125, 0.060359, 0.18432, 2.7376, 1.7787, 0.88292, 0.0080594, 2.9129, 0.8867, 0.019352, 1.1945, 0.060164, 0.051265, 1.1195, 1.0436, 1.3127, 0.21345, 0.1847, 2.7387, 1.7833, 0.88309, 0.0080782, 6.6698, 0.88803, 0.030192, 3.4554, 1.2867, 0.051287, 0.026184, 2.8484e-11, 3.0606e-09, 0.0021657, 1.3202e-08, 1.1835e-07, 1.9364e-06, 2.6232e-09, 3.2534e-11, 1.3042, 1.6401e-07, 1.0858e-05, 0.47236, 0.139, 4.4286e-11, 0.40621, 0.95284, 0.69543, -0.081576, -0.092737, -0.31653, -1.2372, 0.53036, -0.0063948, 2.3173, -0.016051, 0.00019632, 0.37245, -0.48812, 0.026214, 1.3005, 1.1344, 1.9298, 0.35539, 0.46175, 5.7929, 4.7992, 1.2357, 0.022532, 7.2654, 1.7908, 0.049348, 4.2775, 1.8349, 0.076338, 0.073903, 0.0030462, 0.14079, 0.017643, 0.02841, 3.4489, 3.367, 0.045966, 7.7321e-05, 2.2624, 0.30166, 0.00022323, 1.4091, 0.49866, 0.00023215
43, 1.5, 0.29754, 0.13339, 0.61628, 1.9444, 0.75874, 0.55395, 1.0759, 1.8552, 0.6307, 0.22905, 1.4058, 0.2101, 0.65838, 0.00386, 7.809, 0.51322, 0.02255, 3.8125, 0.76378, 0.07465, 1.2174, 1.0556, 1.4588, 0.52298, 0.40675, 1.0132, 0.17121, 0.685, 0.0033922, 3.6298, 0.7337, 0.018804, 5.1827, 1.0014, 0.066772, 0.34436, 1.0556, 1.4587, 0.35793, 0.40656, 1.0126, 0.16892, 0.68491, 0.0033828, -3.9213, 0.73304, 0.012619, 2.4866, -0.5645, 0.066761, 2.0904, 1.0556, 1.4589, 0.68804, 0.40694, 1.0137, 0.17349, 0.68508, 0.0034015, 11.181, 0.73437, 0.024989, 7.8787, 2.5672, 0.066783, 0.2817, 2.8484e-11, 3.0606e-09, 0.01007, 1.3202e-08, 1.1835e-07, 1.9364e-06, 2.6232e-09, 3.2534e-11, 21.075, 1.6401e-07, 1.4141e-05, 2.6866, 0.90626, 4.4286e-11, 0.27331, 0.96484, 0.84162, 0.26008, 0.12879, -2.0415, -2.8457, 0.33235, -0.011071, -4.091, -0.17003, -0.0059518, 2.0517, -0.84932, 0.04171, 2.1614, 1.1464, 2.076, 0.78589, 0.68472, 4.0679, 3.1882, 1.0376, 0.017856, 11.351, 1.6374, 0.04356, 8.3136, 2.852, 0.091834, 0.32941, 0.0030462, 0.14079, 0.025547, 0.028557, 3.4489, 3.3642, 0.045966, 7.7321e-05, 22.033, 0.30188, 0.00022652, 3.6233, 1.2659, 0.00023215
44, 2.8721, 0.36329, 0.0662, 0.11496, 1.6931, 0.76282, 0.33806, 0.92775, 1.6053, 0.31125, 0.29095, 0.53048, 1.4153, 0.84519, 0.0039, 2.1982, 1.5562, 0.00031, 2.0626, 0.42463, 0.04842, 0.52322, 0.99442, 1.4864, 0.28591, 0.29961, 2.3296, 2.1198, 0.74697, 0.011294, 3.7142, 0.87607, 0.016096, 3.3213, 0.80255, 0.055962, -0.050625, 0.99441, 1.4863, 0.17137, 0.29942, 2.329, 2.1175, 0.74689, 0.011284, -2.6803, 0.8754, 0.010037, 0.92937, -0.50419, 0.055951, 1.0971, 0.99443, 1.4865, 0.40045, 0.2998, 2.3301, 2.1221, 0.74706, 0.011303, 10.109, 0.87673, 0.022154, 5.7132, 2.1093, 0.055973, 0.12171, 2.8484e-11, 3.0606e-09, 0.0048492, 1.3202e-08, 1.1835e-07, 1.9364e-06, 2.6232e-09, 3.2534e-11, 15.113, 1.6401e-07, 1.3567e-05, 2.1147, 0.63113, 4.4286e-11, -0.4783, 0.90364, 0.86919, 0.051407, -0.31933, -0.72505, 0.92533, 0.39432, -0.016382, -2.7882, -2.5419, -0.0086288, -0.40597, -0.60773, 0.030901, 1.5247, 1.0852, 2.1035, 0.52042, 0.91855, 5.3842, 3.3142, 1.0996, 0.038969, 10.217, 4.2941, 0.04082, 7.0486, 2.2128, 0.081024, 0.37073, 0.0030462, 0.14079, 0.020326, 0.14159, 3.4488, 0.52732, 0.045966, 0.0002831, 15.628, 4.3181, 0.00022594, 5.1348, 0.73511, 0.00023214
45, 3.2222, 0.37402, 0.01008, 0.08945, 8.0211, 1.524, 0.40745, 1.037, 1.0292, 0.16789, 0.10731, 4.7907, 4.647, 0.85845, 5e-05, 2.9142, 0.41448, 0.02775, 1.1142, 3.759, 0.02953, 0.53314, 1.0449, 1.4116, 0.25692, 0.16602, 4.0271, 1.9074, 0.83291, 0.011688, 1.7527, 0.79015, 0.027144, 1.6956, 2.6454, 0.038941, -0.14635, 1.0448, 1.4115, 0.12961, 0.16583, 4.0266, 1.9052, 0.83283, 0.011679, -3.9781, 0.78948, 0.021066, -0.39769, 1.4938, 0.03893, 1.2126, 1.0449, 1.4117, 0.38423, 0.1662, 4.0277, 1.9097, 0.83299, 0.011698, 7.4834, 0.79081, 0.033222, 3.7889, 3.797, 0.038952, 0.17065, 2.8484e-11, 3.0606e-09, 0.0059908, 1.3202e-08, 1.1835e-07, 1.9364e-06, 2.6232e-09, 3.2534e-11, 12.139, 1.6401e-07, 1.3653e-05, 1.6196, 0.49017, 4.4286e-11, -0.15392, 0.95407, 0.79442, 0.015922, 0.0011257, 0.97254, -2.4964, 0.48026, 0.0071594, -4.2651, 0.40312, 0.002415, -0.48452, -0.25547, 0.013879, 1.2202, 1.1356, 2.0288, 0.49791, 0.3309, 7.0817, 6.3112, 1.1856, 0.016217, 7.7705, 1.1772, 0.051873, 3.8758, 5.5463, 0.064003, 0.17448, 0.0030462, 0.14079, 0.021466, 0.010049, 3.4487, 7.1681, 0.045966, 7.5803e-06, 13.385, 0.055363, 0.00022603, 1.7568, 3.1104, 0.00023215
46, 1.5, 0.28878, 0, 0, 2, 2.3035, 0.15162, 1.0706, 1.3857, 0.26432, 0.24229, 4.8119, 2.7908, 0.98787, 0.00013, 4.6951, 1.8368, 0.01821, 8.019, 0.9009, 0.04864, 0.27798, 0.98675, 1.3414, 0.25572, 0.31949, 4.4288, 4.3499, 0.61741, 0.012403, 4.1669, 0.9654, 0.029192, 3.6585, 0.50474, 0.050355, -0.32341, 0.98674, 1.3413, 0.11041, 0.3193, 4.4282, 4.3476, 0.61732, 0.012394, -2.193, 0.96473, 0.023093, 1.2823, -0.66561, 0.050344, 0.87937, 0.98676, 1.3415, 0.40104, 0.31968, 4.4294, 4.3522, 0.61749, 0.012413, 10.527, 0.96606, 0.03529, 6.0347, 1.6751, 0.050366, 0.13368, 2.8484e-11, 3.0606e-09, 0.0078052, 1.3202e-08, 1.1835e-07, 1.9364e-06, 2.6232e-09, 3.2534e-11, 14.95, 1.6401e-07, 1.3746e-05, 2.0869, 0.50626, 4.4286e-11, -0.42258, 0.89597, 0.72421, 0.0047416, 0.04197, 1.3741, 1.3323, 0.26476, -0.0020602, -2.3936, 0.061846, 0.0044576, 0.79834, -1.0259, 0.025293, 0.97853, 1.0775, 1.9586, 0.50671, 0.59702, 7.4835, 7.3676, 0.97006, 0.026867, 10.727, 1.8689, 0.053926, 6.5187, 2.0354, 0.075417, 0.1814, 0.0030462, 0.14079, 0.023283, 0.028467, 3.4489, 3.3657, 0.045966, 7.7321e-05, 15.908, 0.30175, 0.00022612, 3.0236, 0.86592, 0.00023215
47, 2, 0.24055, 0.02207, 0, 1.6667, 0.84896, 0.12039, 1.0897, 1.2946, 0.14222, 0.22153, 3.5372, 2.5339, 0.99001, 0.02061, 9.2444, 1.8631, 0.03035, 1.0637, 0.24931, 0.08755, 1.0521, 1.0327, 1.3014, 0.27352, 0.25502, 2.4021, 1.6639, 0.79063, 0.012995, 2.809, 0.90748, 0.019509, 3.227, 0.44538, 0.055888, 0.74801, 1.0327, 1.3014, 0.18264, 0.25483, 2.4015, 1.6616, 0.79055, 0.012986, -0.74845, 0.90682, 0.013769, 1.5947, -0.22825, 0.055877, 1.3562, 1.0327, 1.3015, 0.36439, 0.25521, 2.4026, 1.6662, 0.79071, 0.013004, 6.3665, 0.90815, 0.025248, 4.8593, 1.119, 0.055899, 0.034174, 2.8484e-11, 3.0606e-09, 0.0030523, 1.3202e-08, 1.1835e-07, 1.9364e-06, 2.6232e-09, 3.2534e-11, 4.6777, 1.6401e-07, 1.2176e-05, 0.98481, 0.16772, 4.4286e-11, 0.58138, 0.94188, 0.68428, 0.049615, -0.022529, -0.65263, -1.3538, 0.43798, -0.0014686, -1.0958, 0.0039521, -0.0051396, 0.94691, -0.74913, 0.030826, 1.5228, 1.1234, 1.9186, 0.49742, 0.53257, 5.4568, 4.6816, 1.1433, 0.027459, 6.7139, 1.811, 0.044157, 5.5071, 1.6399, 0.08095, 0.081893, 0.0030462, 0.14079, 0.01853, 0.028472, 3.4489, 3.3659, 0.045966, 7.7321e-05, 5.6358, 0.30174, 0.00022455, 1.9215, 0.52738, 0.00023215
48, 1.5, 0.39863, 0.02195, 0.10004, 1.6667, 1.7618, 0.1238, 0.99555, 1.9891, 0.18597, 0.05125, 0.79373, 0.09497, 0.64741, 1e-05, 9.7678, 0.90194, 0.029, 3.1023, 0.94511, 0.06493, 0.25769, 1.0269, 1.3669, 0.21339, 0.2377, 3.1517, 2.8682, 0.7659, 0.0070812, 3.9693, 0.85433, 0.026664, 4.3122, 1.0363, 0.055251, -0.079937, 1.0269, 1.3668, 0.12264, 0.23751, 3.1512, 2.8659, 0.76582, 0.0070718, -0.58788, 0.85366, 0.020805, 2.4755, 0.093432, 0.05524, 0.59532, 1.0269, 1.367, 0.30413, 0.23788, 3.1523, 2.8705, 0.76599, 0.0070906, 8.5265, 0.85499, 0.032524, 6.1489, 1.9791, 0.055262, 0.042133, 2.8484e-11, 3.0606e-09, 0.0030435, 1.3202e-08, 1.1835e-07, 1.9364e-06, 2.6232e-09, 3.2534e-11, 7.6761, 1.6401e-07, 1.269e-05, 1.2469, 0.32857, 4.4286e-11, -0.23536, 0.93612, 0.74972, -0.010464, 0.00060959, 0.097038, -0.45861, 0.41325, -0.0073824, -0.88275, 0.13027, 0.001988, 1.8816, -0.32829, 0.030189, 0.75074, 1.1177, 1.9841, 0.43724, 0.47478, 6.2064, 6.1951, 1.1186, 0.021545, 8.8214, 1.5784, 0.051341, 6.7428, 2.4008, 0.080313, 0.089852, 0.0030462, 0.14079, 0.018521, 0.020776, 3.4489, 4.0908, 0.045966, 7.7321e-05, 8.7016, 0.19377, 0.00022506, 2.1836, 0.68823, 0.00023215
49, 2, 0.45595, 0.02458, 0, 2.75, 1.481, 0.15248, 0.96427, 1.4808, 0.13698, 0.11067, 3.2596, 2.0942, 0.81912, 0.02292, 6.1554, 0.10467, 0.01402, 1.919, 1.4591, 0.03778, 0.47628, 1.0394, 1.3329, 0.14168, 0.17271, 3.1733, 2.273, 0.86892, 0.0076211, 8.3381, 0.87301, 0.02796, 3.0367, 0.59421, 0.049513, 0.23243, 1.0394, 1.3328, 0.06494, 0.17252, 3.1727, 2.2707, 0.86883, 0.0076117, 6.7636, 0.87234, 0.022413, 2.0022, -0.0072302, 0.049502, 0.72012, 1.0394, 1.333, 0.21841, 0.1729, 3.1738, 2.2752, 0.869, 0.0076305, 9.9126, 0.87368, 0.033508, 4.0711, 1.1957, 0.049523, 0.021977, 2.8484e-11, 3.0606e-09, 0.0021765, 1.3202e-08, 1.1835e-07, 1.9364e-06, 2.6232e-09, 3.2534e-11, 0.91632, 1.6401e-07, 1.1374e-05, 0.39552, 0.1337, 4.4286e-11, 0.042035, 0.9486, 0.71572, -0.076872, -0.10465, 0.11858, -0.74502, 0.51627, -0.0068425, 6.0861, -0.030455, 0.0033564, 1.1382, -0.56113, 0.024451, 0.91052, 1.1302, 1.9501, 0.36023, 0.45007, 6.228, 5.2909, 1.2216, 0.022085, 10.59, 1.7765, 0.052565, 4.9352, 1.7496, 0.074574, 0.069696, 0.0030462, 0.14079, 0.017654, 0.028434, 3.4489, 3.3665, 0.045966, 7.7321e-05, 1.8745, 0.30169, 0.00022375, 1.3322, 0.49336, 0.00023215
50, 2.8721, 0.36112, 0.03316, 0.07126, 3.3598, 1.0931, 0.19077, 0.92048, 1.5283, 0.11232, 0.28947, 6.8259, 4.6241, 0.89735, 0.04473, 1.3678, 0.312, 0.02805, 2.1757, 0.52089, 0.06176, 0.50125, 1.0089, 1.4585, 0.26422, 0.24292, 2.9451, 2.3212, 0.77474, 0.011621, 5.3246, 0.84667, 0.019596, 2.9545, 0.57205, 0.051366, 0.035073, 1.0089, 1.4584, 0.18723, 0.24273, 2.9446, 2.3189, 0.77466, 0.011611, 3.1842, 0.846, 0.013692, 1.0712, 0.061949, 0.051355, 0.96742, 1.0089, 1.4586, 0.3412, 0.24311, 2.9457, 2.3235, 0.77483, 0.01163, 7.4649, 0.84733, 0.025499, 4.8378, 1.0822, 0.051377, 0.080324, 2.8484e-11, 3.0606e-09, 0.0021906, 1.3202e-08, 1.1835e-07, 1.9364e-06, 2.6232e-09, 3.2534e-11, 1.6932, 1.6401e-07, 1.2881e-05, 1.311, 0.096175, 4.4286e-11, -0.40293, 0.91814, 0.8413, 0.045565, 0.050434, -0.10971, -3.3076, 0.42209, -0.020806, 2.4124, 0.34584, -0.0050911, -0.57474, -0.16352, 0.026304, 1.4054, 1.0997, 2.0756, 0.48287, 0.43541, 6, 7.9501, 1.1274, 0.044048, 8.2367, 1.3475, 0.044282, 6.4838, 1.3076, 0.076429, 0.30217, 0.0030462, 0.14078, 0.01767, 0.013695, 3.4493, 11.711, 0.045966, 0.00038865, 3.1346, 0.092708, 0.00022526, 4.6038, 0.19998, 0.00023216
