Run #, RV_column1, RV_column2, RV_column3, RV_column4, RV_column5, RV_column6, bwpar_1, bwpar_2, bwpar_3, bwpar_4, bwpar_5, bwpar_6, bwpar_7, bwpar_8, bwpar_9, bwpar_10, bwpar_11, bwpar_12, bwpar_13, bwpar_14, bwpar_15, bwpar_1.median, bwpar_2.median, bwpar_3.median, bwpar_4.median, bwpar_5.median, bwpar_6.median, bwpar_7.median, bwpar_8.median, bwpar_9.median, bwpar_10.median, bwpar_11.median, bwpar_12.median, bwpar_13.median, bwpar_14.median, bwpar_15.median, bwpar_1.q5, bwpar_2.q5, bwpar_3.q5, bwpar_4.q5, bwpar_5.q5, bwpar_6.q5, bwpar_7.q5, bwpar_8.q5, bwpar_9.q5, bwpar_10.q5, bwpar_11.q5, bwpar_12.q5, bwpar_13.q5, bwpar_14.q5, bwpar_15.q5, bwpar_1.q95, bwpar_2.q95, bwpar_3.q95, bwpar_4.q95, bwpar_5.q95, bwpar_6.q95, bwpar_7.q95, bwpar_8.q95, bwpar_9.q95, bwpar_10.q95, bwpar_11.q95, bwpar_12.q95, bwpar_13.q95, bwpar_14.q95, bwpar_15.q95, bwpar_1.var, bwpar_2.var, bwpar_3.var, bwpar_4.var, bwpar_5.var, bwpar_6.var, bwpar_7.var, bwpar_8.var, bwpar_9.var, bwpar_10.var, bwpar_11.var, bwpar_12.var, bwpar_13.var, bwpar_14.var, bwpar_15.var, bwpar_1.q5_w_mnoise, bwpar_2.q5_w_mnoise, bwpar_3.q5_w_mnoise, bwpar_4.q5_w_mnoise, bwpar_5.q5_w_mnoise, bwpar_6.q5_w_mnoise, bwpar_7.q5_w_mnoise, bwpar_8.q5_w_mnoise, bwpar_9.q5_w_mnoise, bwpar_10.q5_w_mnoise, bwpar_11.q5_w_mnoise, bwpar_12.q5_w_mnoise, bwpar_13.q5_w_mnoise, bwpar_14.q5_w_mnoise, bwpar_15.q5_w_mnoise, bwpar_1.q95_w_mnoise, bwpar_2.q95_w_mnoise, bwpar_3.q95_w_mnoise, bwpar_4.q95_w_mnoise, bwpar_5.q95_w_mnoise, bwpar_6.q95_w_mnoise, bwpar_7.q95_w_mnoise, bwpar_8.q95_w_mnoise, bwpar_9.q95_w_mnoise, bwpar_10.q95_w_mnoise, bwpar_11.q95_w_mnoise, bwpar_12.q95_w_mnoise, bwpar_13.q95_w_mnoise, bwpar_14.q95_w_mnoise, bwpar_15.q95_w_mnoise, bwpar_1.var_w_mnoise, bwpar_2.var_w_mnoise, bwpar_3.var_w_mnoise, bwpar_4.var_w_mnoise, bwpar_5.var_w_mnoise, bwpar_6.var_w_mnoise, bwpar_7.var_w_mnoise, bwpar_8.var_w_mnoise, bwpar_9.var_w_mnoise, bwpar_10.var_w_mnoise, bwpar_11.var_w_mnoise, bwpar_12.var_w_mnoise, bwpar_13.var_w_mnoise, bwpar_14.var_w_mnoise, bwpar_15.var_w_mnoise
1, 1.0909, 0.475, 0.06908, 0.2313, 0.97222, 1.6252, 0.29798, 1.0841, 0.87892, 0.26782, 0.08672, 2.8994, 0.22983, 0.75397, 1e-05, 3.6052, 0.07347, 0.00542, 2.3218, 2.8536, 0.05326, 0.72095, 1.0945, 1.2083, 0.18062, 0.1657, 3.3235, 3.498, 0.8237, 0.00042637, 3.3044, 0.61589, 0.028323, 3.2973, 1.3287, 0.055188, 0.39719, 1.0384, 1.2081, 0.087296, 0.017319, 3.3231, 3.4977, 0.82364, -0.0067625, 3.3024, 0.61568, 0.028311, 3.2971, 1.3283, 0.055186, 1.0447, 1.1507, 1.2085, 0.27395, 0.31408, 3.324, 3.4982, 0.82376, 0.0076153, 3.3064, 0.6161, 0.028335, 3.2976, 1.3292, 0.05519, 0.038745, 0.0011658, 1.2382e-08, 0.0032193, 0.0081375, 6.8466e-08, 2.7472e-08, 1.2237e-09, 1.9102e-05, 1.4545e-06, 1.6427e-08, 5.308e-11, 2.6201e-08, 8.5977e-08, 1.5813e-12, 0.018966, 1.0338, 0.5378, 0.0014563, 0.0020972, 0.44529, 0.17184, 0.51294, -0.014926, -1.1788, -0.29089, 0.0041961, 0.47006, -0.4587, 0.034248, 1.4229, 1.1552, 1.8787, 0.35979, 0.3293, 6.2018, 6.8241, 1.1345, 0.015779, 7.7877, 1.5227, 0.05245, 6.1246, 3.1162, 0.076128, 0.18214, 0.0013619, 0.16615, 0.011865, 0.0098928, 3.062, 4.089, 0.035694, 8.712e-05, 7.429, 0.30391, 0.00021515, 2.9545, 1.1809, 0.00016207
2, 1.6364, 0.4608, 0.03264, 0, 2.0833, 1.6171, 0.76991, 1.0713, 0.70397, 0.16842, 0.09825, 1.2519, 2.3028, 0.99114, 0.00014, 2.3703, 0.86555, 0.02605, 3.7548, 0.27692, 0.04351, 0.41549, 0.98751, 1.2044, 0.13959, 0.066798, 3.0627, 2.6236, 0.85375, 0.0030347, 4.2321, 0.6716, 0.026592, 3.0264, 0.9239, 0.048657, 0.16284, 0.92677, 1.2042, 0.034283, -0.10218, 3.0623, 2.6234, 0.8537, -0.0037713, 4.2301, 0.67139, 0.02658, 3.0261, 0.92342, 0.048655, 0.66814, 1.0483, 1.2046, 0.2449, 0.23578, 3.0631, 2.6239, 0.85381, 0.0098408, 4.234, 0.67181, 0.026604, 3.0266, 0.92438, 0.048659, 0.023592, 0.0013637, 1.2382e-08, 0.004099, 0.010554, 6.8466e-08, 2.7472e-08, 1.2237e-09, 1.7121e-05, 1.4545e-06, 1.6427e-08, 5.308e-11, 2.6201e-08, 8.5977e-08, 1.5813e-12, -0.25667, 0.92255, 0.53391, -0.046098, -0.1157, 0.18447, -0.70248, 0.54299, -0.012143, -0.2512, -0.23518, 0.0024649, 0.1991, -0.86354, 0.027717, 1.0876, 1.0525, 1.8748, 0.32528, 0.24929, 5.941, 5.9497, 1.1645, 0.018212, 8.7153, 1.5784, 0.050718, 5.8536, 2.7113, 0.069598, 0.16699, 0.0015598, 0.16615, 0.012744, 0.012309, 3.062, 4.089, 0.035694, 8.514e-05, 7.429, 0.30391, 0.00021515, 2.9545, 1.1809, 0.00016207
3, 1.0909, 0.51803, 0, 0.25225, 2, 3.5851, 0.7267, 0.96689, 1.1191, 0.29869, 0.2606, 2.737, 6.9372, 0.78436, 0.00176, 0.7303, 0.50897, 0.04638, 2.7797, 1.614, 0.03219, 0.64133, 1.0048, 1.6605, 0.32369, 0.22738, 5.0984, 5.1394, 0.64034, 0.0027949, 1.4298, 0.75983, 0.028217, 4.2737, 2.5731, 0.042757, 0.16934, 0.92671, 1.6603, 0.21613, 0.028152, 5.0979, 5.1392, 0.64028, -0.0042681, 1.4278, 0.75962, 0.028205, 4.2734, 2.5726, 0.042755, 1.1133, 1.0829, 1.6606, 0.43124, 0.42661, 5.0988, 5.1397, 0.64039, 0.009858, 1.4318, 0.76004, 0.028229, 4.274, 2.5736, 0.042759, 0.08234, 0.0022547, 1.2382e-08, 0.0042754, 0.01467, 6.8466e-08, 2.7472e-08, 1.2237e-09, 1.8439e-05, 1.4545e-06, 1.6427e-08, 5.308e-11, 2.6201e-08, 8.5977e-08, 1.5813e-12, -0.14016, 0.92339, 0.98999, 0.13671, 0.01657, 2.2201, 1.8133, 0.32957, -0.012499, -3.0534, -0.14695, 0.0040899, 1.4464, 0.78564, 0.021817, 1.4228, 1.0862, 2.3309, 0.51066, 0.43819, 7.9766, 8.4655, 0.9511, 0.018089, 5.9131, 1.6666, 0.052343, 7.101, 4.3605, 0.063697, 0.22573, 0.0024508, 0.16615, 0.012921, 0.016426, 3.062, 4.089, 0.035694, 8.6457e-05, 7.429, 0.30391, 0.00021515, 2.9545, 1.1809, 0.00016207
4, 1.6364, 0.47262, 0.03348, 0.11602, 2.0833, 1.5363, 1.0021, 1.0589, 0.93025, 0.15217, 0.08502, 2.0842, 4.2401, 0.93904, 0.00084, 0.89824, 0.04569, 0.01478, 3.2888, 0.46506, 0.04697, 0.56527, 1.0829, 1.2505, 0.15215, 0.042433, 2.6283, 2.5463, 0.8413, 0.0020479, 4.1447, 0.63494, 0.027855, 2.9355, 1.0606, 0.051244, 0.31971, 1.0211, 1.2503, 0.061643, -0.10544, 2.6279, 2.546, 0.84125, -0.0041298, 4.1427, 0.63473, 0.027843, 2.9353, 1.0601, 0.051242, 0.81083, 1.1447, 1.2507, 0.24265, 0.19031, 2.6287, 2.5466, 0.84136, 0.0082255, 4.1467, 0.63515, 0.027867, 2.9358, 1.061, 0.051246, 0.022287, 0.0014108, 1.2382e-08, 0.0030274, 0.008082, 6.8466e-08, 2.7472e-08, 1.2237e-09, 1.4106e-05, 1.4545e-06, 1.6427e-08, 5.308e-11, 2.6201e-08, 8.5977e-08, 1.5813e-12, -0.10426, 1.017, 0.58005, -0.025566, -0.12071, -0.24994, -0.77983, 0.53054, -0.012858, -0.33855, -0.27184, 0.0037286, 0.10825, -0.72687, 0.030304, 1.2348, 1.1488, 1.921, 0.32986, 0.20558, 5.5066, 5.8724, 1.1521, 0.016954, 8.628, 1.5417, 0.051982, 5.7628, 2.848, 0.072185, 0.16568, 0.0016068, 0.16615, 0.011673, 0.0098373, 3.062, 4.089, 0.035694, 8.2124e-05, 7.429, 0.30391, 0.00021515, 2.9545, 1.1809, 0.00016207
5, 2, 0.40764, 0.02279, 0, 1.6667, 1.406, 0.16561, 1.0875, 1.4434, 0.19225, 0.15986, 0.77284, 0.33596, 0.6941, 0.00013, 3.3809, 0.46746, 0.00317, 2.6356, 4.0965, 0.05528, 0.39348, 1.0659, 1.2977, 0.17053, 0.13858, 2.3214, 1.9761, 0.80274, 0.0061864, 4.9078, 0.75108, 0.02263, 3.2398, 0.83021, 0.049695, 0.13935, 1.0281, 1.2975, 0.096413, 0.055466, 2.321, 1.9758, 0.80268, 0.00020092, 4.9058, 0.75087, 0.022618, 3.2395, 0.82973, 0.049693, 0.64761, 1.1037, 1.2979, 0.24464, 0.22169, 2.3219, 1.9764, 0.80279, 0.012172, 4.9098, 0.75129, 0.022642, 3.24, 0.83069, 0.049697, 0.02387, 0.00052826, 1.2382e-08, 0.0020301, 0.0025532, 6.8466e-08, 2.7472e-08, 1.2237e-09, 1.3242e-05, 1.4545e-06, 1.6427e-08, 5.308e-11, 2.6201e-08, 8.5977e-08, 1.5813e-12, -0.27924, 1.0216, 0.62722, 0.00057443, 0.030613, -0.55683, -1.35, 0.49197, -0.008641, 0.42456, -0.1557, -0.0014963, 0.41249, -0.95722, 0.028754, 1.0662, 1.1102, 1.9682, 0.34048, 0.24655, 5.1997, 5.3022, 1.1135, 0.021014, 9.3911, 1.6579, 0.046757, 6.067, 2.6176, 0.070635, 0.16727, 0.00072434, 0.16615, 0.010676, 0.0043085, 3.062, 4.089, 0.035694, 8.1261e-05, 7.429, 0.30391, 0.00021515, 2.9545, 1.1809, 0.00016207
6, 1.0909, 0.64994, 0.04962, 0.11868, 1.3889, 2.4988, 0.23918, 1.0719, 0.72551, 0.20984, 0.04993, 5.163, 0.71384, 0.80791, 2e-05, 5.5849, 1.6217, 0.00285, 1.1056, 3.7386, 0.04346, 0.75072, 1.0391, 1.271, 0.18817, 0.020618, 4.4023, 4.2054, 0.87265, 0.00098311, 3.1271, 0.5159, 0.032455, 3.2367, 1.6338, 0.049088, 0.33328, 0.94411, 1.2709, 0.050757, -0.13038, 4.4018, 4.2052, 0.87259, -0.0057902, 3.1251, 0.51569, 0.032443, 3.2365, 1.6333, 0.049086, 1.1682, 1.134, 1.2712, 0.32559, 0.17162, 4.4027, 4.2057, 0.87271, 0.0077564, 3.1291, 0.51611, 0.032467, 3.237, 1.6343, 0.04909, 0.064409, 0.0033321, 1.2382e-08, 0.0069795, 0.0084277, 6.8466e-08, 2.7472e-08, 1.2237e-09, 1.6957e-05, 1.4545e-06, 1.6427e-08, 5.308e-11, 2.6201e-08, 8.5977e-08, 1.5813e-12, 0.00090712, 0.94135, 0.60058, -0.017433, -0.14537, 1.524, 0.87933, 0.56189, -0.01418, -1.3562, -0.39088, 0.0083285, 0.40947, -0.15363, 0.028148, 1.5005, 1.1368, 1.9415, 0.39378, 0.1866, 7.2805, 7.5315, 1.1834, 0.016146, 7.6103, 1.4227, 0.056582, 6.064, 3.4212, 0.070029, 0.2078, 0.0035282, 0.16615, 0.015625, 0.010183, 3.062, 4.089, 0.035694, 8.4976e-05, 7.429, 0.30391, 0.00021515, 2.9545, 1.1809, 0.00016207
7, 1.0909, 0.47414, 0.03359, 0.23278, 2.0833, 2.2408, 1.5634, 1.0547, 0.99496, 0.14737, 0.07399, 1.9721, 7.5665, 0.99006, 0.00127, 0.64214, 0.06545, 0.04448, 4.2187, 0.38625, 0.05251, 0.66758, 1.0569, 1.3358, 0.24906, 0.16005, 3.746, 3.8754, 0.77403, 0.0025943, 2.5798, 0.66139, 0.029938, 3.3514, 1.6729, 0.049555, 0.37448, 0.99753, 1.3356, 0.16719, 0.045611, 3.7456, 3.8751, 0.77398, -0.0037197, 2.5778, 0.66118, 0.029926, 3.3511, 1.6724, 0.049553, 0.96067, 1.1163, 1.336, 0.33094, 0.27449, 3.7465, 3.8757, 0.77409, 0.0089083, 2.5817, 0.6616, 0.02995, 3.3517, 1.6733, 0.049557, 0.031751, 0.0013032, 1.2382e-08, 0.0024778, 0.0048406, 6.8466e-08, 2.7472e-08, 1.2237e-09, 1.4735e-05, 1.4545e-06, 1.6427e-08, 5.308e-11, 2.6201e-08, 8.5977e-08, 1.5813e-12, -0.020801, 0.99322, 0.66535, 0.075585, 0.026464, 0.86779, 0.54931, 0.46327, -0.012369, -1.9035, -0.24539, 0.0058114, 0.52414, -0.11458, 0.028615, 1.356, 1.1206, 2.0063, 0.42254, 0.29364, 6.6243, 7.2015, 1.0848, 0.017557, 7.063, 1.5682, 0.054065, 6.1787, 3.4603, 0.070495, 0.17515, 0.0014992, 0.16615, 0.011123, 0.0065959, 3.062, 4.089, 0.035694, 8.2754e-05, 7.429, 0.30391, 0.00021515, 2.9545, 1.1809, 0.00016207
8, 2, 0.14601, 0.0389, 0.19249, 1.3281, 0.83741, 0.53676, 0.97922, 1.3901, 0.51401, 0.56997, 0.25885, 0.45564, 0.22664, 0.02041, 0.41249, 0.19998, 0.01, 7.2552, 0.45812, 0.05132, 0.5407, 1.0516, 1.3737, 0.39631, 0.42505, 1.7039, 1.764, 0.65348, 0.0056817, 4.1736, 0.95377, 0.014876, 3.8823, 0.93286, 0.055054, 0.23919, 0.96846, 1.3736, 0.26183, 0.25523, 1.7034, 1.7637, 0.65342, -0.0012769, 4.1716, 0.95356, 0.014864, 3.882, 0.93237, 0.055052, 0.84221, 1.1348, 1.3739, 0.5308, 0.59487, 1.7043, 1.7642, 0.65354, 0.01264, 4.1756, 0.95399, 0.014888, 3.8826, 0.93334, 0.055056, 0.033601, 0.0025564, 1.2382e-08, 0.0066846, 0.010659, 6.8466e-08, 2.7472e-08, 1.2237e-09, 1.7897e-05, 1.4545e-06, 1.6427e-08, 5.308e-11, 2.6201e-08, 8.5977e-08, 1.5813e-12, -0.15131, 0.96533, 0.70327, 0.19266, 0.24178, -1.1744, -1.5621, 0.34272, -0.0095646, -0.30965, 0.046993, -0.0092507, 1.055, -0.85458, 0.034114, 1.2327, 1.1379, 2.0442, 0.59997, 0.60832, 4.5821, 5.0901, 0.96424, 0.020928, 8.6569, 1.8606, 0.039003, 6.7096, 2.7203, 0.075994, 0.177, 0.0027525, 0.16615, 0.01533, 0.012414, 3.062, 4.089, 0.035694, 8.5916e-05, 7.429, 0.30391, 0.00021515, 2.9545, 1.1809, 0.00016207
9, 3.2222, 0.37402, 0.01008, 0.08945, 8.0211, 1.524, 0.39665, 1.0859, 1.8825, 0.16219, 0.12035, 4.5543, 2.3015, 0.96439, 0.00059, 1.826, 0.4351, 0.03705, 1.2205, 2.3467, 0.03741, 0.93685, 1.009, 1.3817, 0.39003, 0.24496, 3.4089, 1.8968, 0.89087, 0.0099513, 2.559, 0.50034, 0.022739, 2.4164, 1.4394, 0.044465, 0.49044, 0.91289, 1.3815, 0.25617, 0.089742, 3.4085, 1.8965, 0.89082, 0.0020803, 2.5571, 0.50013, 0.022727, 2.4161, 1.4389, 0.044463, 1.3833, 1.1051, 1.3819, 0.52388, 0.40018, 3.4094, 1.897, 0.89093, 0.017822, 2.561, 0.50055, 0.022751, 2.4166, 1.4398, 0.044467, 0.073657, 0.0034153, 1.2382e-08, 0.0066221, 0.0089051, 6.8466e-08, 2.7472e-08, 1.2237e-09, 2.2898e-05, 1.4545e-06, 1.6427e-08, 5.308e-11, 2.6201e-08, 8.5977e-08, 1.5813e-12, 0.17053, 0.91017, 0.71126, 0.18678, 0.075131, 0.53068, -1.4294, 0.58011, -0.0057325, -1.9242, -0.40644, -0.001388, -0.41091, -0.34807, 0.023525, 1.7032, 1.1079, 2.0522, 0.59327, 0.41479, 6.2872, 5.2229, 1.2016, 0.025635, 7.0423, 1.4071, 0.046865, 5.2436, 3.2268, 0.065405, 0.21705, 0.0036114, 0.16615, 0.015268, 0.01066, 3.062, 4.089, 0.035694, 9.0917e-05, 7.429, 0.30391, 0.00021515, 2.9545, 1.1809, 0.00016207
10, 3.2222, 0.50973, 0.03901, 0.15123, 5.3474, 1.1649, 1.6136, 1.0976, 1.2196, 0.13472, 0.16361, 4.9662, 1.1202, 0.99226, 0.00038, 0.31537, 0.03209, 0.03452, 3.7982, 0.57979, 0.05063, 0.68285, 1.0354, 1.3825, 0.29722, 0.079201, 2.4312, 1.488, 0.92593, 0.010567, 4.1212, 0.40443, 0.023142, 2.4872, 1.276, 0.052472, 0.32893, 0.93875, 1.3823, 0.16112, -0.18596, 2.4308, 1.4877, 0.92587, 0.0019048, 4.1192, 0.40421, 0.02313, 2.4869, 1.2755, 0.05247, 1.0368, 1.132, 1.3827, 0.43332, 0.34436, 2.4317, 1.4883, 0.92599, 0.019229, 4.1232, 0.40464, 0.023154, 2.4874, 1.2765, 0.052474, 0.046297, 0.003451, 1.2382e-08, 0.0068467, 0.025987, 6.8466e-08, 2.7472e-08, 1.2237e-09, 2.7732e-05, 1.4545e-06, 1.6427e-08, 5.308e-11, 2.6201e-08, 8.5977e-08, 1.5813e-12, -0.033548, 0.93604, 0.71203, 0.092488, -0.19476, -0.44703, -1.8381, 0.61517, -0.0055284, -0.36206, -0.50236, -0.000985, -0.34009, -0.51145, 0.031531, 1.3992, 1.1347, 2.053, 0.50195, 0.35317, 5.3095, 4.8141, 1.2367, 0.026662, 8.6045, 1.3112, 0.047268, 5.3145, 3.0634, 0.073412, 0.18969, 0.003647, 0.16615, 0.015492, 0.027742, 3.062, 4.089, 0.035694, 9.5751e-05, 7.429, 0.30391, 0.00021515, 2.9545, 1.1809, 0.00016207
11, 3, 0.26227, 0.1191, 0.70123, 1.3333, 0.44375, 1.3779, 0.98023, 1.9574, 0.71022, 0.45337, 2.2566, 0.61702, 0.62694, 0.00096, 1.0697, 1.1536, 0.0142, 1.5886, 1.8244, 0.09035, 1.1038, 1.0119, 1.6574, 0.74194, 0.47205, 1.4905, 1.9869, 0.6525, 0.0042274, 3.2399, 0.60206, 0.0098425, 4.3012, 2.0329, 0.071962, 0.73134, 0.98947, 1.6572, 0.63309, 0.40474, 1.4901, 1.9867, 0.65244, -0.0033436, 3.238, 0.60184, 0.0098305, 4.301, 2.0324, 0.07196, 1.4762, 1.0344, 1.6575, 0.85079, 0.53936, 1.491, 1.9872, 0.65256, 0.011798, 3.2419, 0.60227, 0.0098544, 4.3015, 2.0333, 0.071964, 0.051273, 0.00018615, 1.2382e-08, 0.0043794, 0.0016746, 6.8466e-08, 2.7472e-08, 1.2237e-09, 2.1186e-05, 1.4545e-06, 1.6427e-08, 5.308e-11, 2.6201e-08, 8.5977e-08, 1.5813e-12, 0.37806, 0.97975, 0.98689, 0.55422, 0.37572, -1.3877, -1.3392, 0.34174, -0.011308, -1.2433, -0.30473, -0.014284, 1.474, 0.24543, 0.051021, 1.8295, 1.0441, 2.3278, 0.92966, 0.56838, 4.3688, 5.313, 0.96326, 0.019763, 7.7232, 1.5088, 0.033969, 7.1285, 3.8203, 0.092902, 0.19467, 0.00038223, 0.16615, 0.013025, 0.0034298, 3.062, 4.089, 0.035694, 8.9205e-05, 7.429, 0.30391, 0.00021515, 2.9545, 1.1809, 0.00016207
12, 2, 0.43195, 0.03633, 0, 2.2222, 1.1747, 0.50134, 1.0467, 0.91871, 0.19538, 0.1661, 1.5605, 1.2073, 0.90586, 0.00789, 7.875, 1.0437, 0.04703, 5.5637, 0.25475, 0.06362, 0.68596, 1.042, 1.1954, 0.13857, 0.11849, 2.3723, 1.9046, 0.86801, 0.0051782, 4.8387, 0.66121, 0.024444, 2.8849, 0.70537, 0.05091, 0.39094, 1.0039, 1.1952, 0.074022, 0.038559, 2.3719, 1.9044, 0.86795, -0.00064514, 4.8367, 0.661, 0.024432, 2.8846, 0.70489, 0.050908, 0.98098, 1.0802, 1.1956, 0.20312, 0.19843, 2.3727, 1.9049, 0.86807, 0.011002, 4.8406, 0.66142, 0.024456, 2.8852, 0.70586, 0.050912, 0.032169, 0.00053823, 1.2382e-08, 0.0015399, 0.0023616, 6.8466e-08, 2.7472e-08, 1.2237e-09, 1.2534e-05, 1.4545e-06, 1.6427e-08, 5.308e-11, 2.6201e-08, 8.5977e-08, 1.5813e-12, -0.0032394, 0.99744, 0.52493, -0.027435, 0.012954, -0.50594, -1.4215, 0.55725, -0.0095845, 0.3554, -0.24557, 0.00031756, 0.057641, -1.0821, 0.02997, 1.3752, 1.0866, 1.8659, 0.30457, 0.22403, 5.2506, 5.2307, 1.1788, 0.019941, 9.3219, 1.568, 0.048571, 5.7122, 2.4928, 0.07185, 0.17556, 0.00073431, 0.16615, 0.010185, 0.0041169, 3.062, 4.089, 0.035694, 8.0553e-05, 7.429, 0.30391, 0.00021515, 2.9545, 1.1809, 0.00016207
13, 1.5, 0.28878, 0, 0, 2, 2.3035, 0.15162, 1.0706, 1.3857, 0.26432, 0.24229, 4.8119, 2.7908, 0.98787, 0.00013, 4.6951, 1.8368, 0.01821, 8.019, 0.9009, 0.04864, 0.27092, 1.0006, 1.424, 0.27008, 0.21813, 3.765, 3.2992, 0.66378, 0.0035131, 3.1387, 0.95709, 0.020732, 4.0245, 1.373, 0.042798, -0.06743, 0.90852, 1.4238, 0.13617, 0.044111, 3.7646, 3.2989, 0.66372, -0.003355, 3.1367, 0.95688, 0.02072, 4.0243, 1.3725, 0.042796, 0.60927, 1.0927, 1.4241, 0.40399, 0.39215, 3.7655, 3.2994, 0.66383, 0.010381, 3.1406, 0.9573, 0.020744, 4.0248, 1.3735, 0.0428, 0.042313, 0.0031351, 1.2382e-08, 0.0066276, 0.011193, 6.8466e-08, 2.7472e-08, 1.2237e-09, 1.7435e-05, 1.4545e-06, 1.6427e-08, 5.308e-11, 2.6201e-08, 8.5977e-08, 1.5813e-12, -0.43791, 0.90568, 0.75348, 0.066802, 0.030963, 0.88679, -0.02695, 0.35301, -0.011692, -1.3446, 0.050307, -0.0033948, 1.1973, -0.41443, 0.021857, 0.97975, 1.0956, 2.0944, 0.47336, 0.4053, 6.6433, 6.6253, 0.97454, 0.018718, 7.6219, 1.8639, 0.044859, 6.8518, 3.1604, 0.063738, 0.18571, 0.0033312, 0.16615, 0.015273, 0.012948, 3.062, 4.089, 0.035694, 8.5453e-05, 7.429, 0.30391, 0.00021515, 2.9545, 1.1809, 0.00016207
14, 2.8721, 0.36112, 0.03316, 0.11427, 3.3598, 1.0993, 0.237, 0.95557, 1.4324, 0.3899, 0.25521, 1.7902, 0.90966, 0.58068, 0.00746, 5.6493, 0.54409, 0.014, 5.5578, 0.43704, 0.05072, 0.37632, 0.94048, 1.4209, 0.30553, 0.2424, 2.1054, 1.4646, 0.79804, 0.019093, 4.4993, 0.66785, 0.017863, 3.2364, 1.1007, 0.05255, 0.1133, 0.91936, 1.4207, 0.22994, 0.18004, 2.105, 1.4644, 0.79798, 0.012878, 4.4974, 0.66764, 0.017851, 3.2361, 1.1002, 0.052548, 0.63934, 0.9616, 1.4211, 0.38112, 0.30477, 2.1058, 1.4649, 0.79809, 0.025309, 4.5013, 0.66806, 0.017875, 3.2366, 1.1012, 0.052552, 0.02557, 0.00016488, 1.2382e-08, 0.0021121, 0.0014376, 6.8466e-08, 2.7472e-08, 1.2237e-09, 1.4278e-05, 1.4545e-06, 1.6427e-08, 5.308e-11, 2.6201e-08, 8.5977e-08, 1.5813e-12, -0.2998, 0.90923, 0.75042, 0.13493, 0.14946, -0.77286, -1.8615, 0.48728, 0.0041718, 0.016088, -0.23893, -0.0062637, 0.40909, -0.68671, 0.03161, 1.0524, 0.97173, 2.0914, 0.47613, 0.33535, 4.9836, 4.7908, 1.1088, 0.034015, 8.9826, 1.5746, 0.04199, 6.0636, 2.8882, 0.073491, 0.16896, 0.00036096, 0.16615, 0.010758, 0.0031929, 3.062, 4.089, 0.035694, 8.2297e-05, 7.429, 0.30391, 0.00021515, 2.9545, 1.1809, 0.00016207
15, 2, 0.45595, 0.02458, 0, 2.75, 1.481, 0.15248, 0.96427, 1.4808, 0.13698, 0.11067, 3.2596, 2.0942, 0.81912, 0.02292, 6.1554, 0.10467, 0.01402, 1.919, 1.4591, 0.03778, 0.44949, 1.0345, 1.2423, 0.15306, 0.11195, 2.6919, 2.1605, 0.86195, 0.0032174, 4.4752, 0.64964, 0.025688, 2.8731, 0.88657, 0.048572, 0.11657, 0.98545, 1.2422, 0.087584, 0.020838, 2.6915, 2.1602, 0.86189, -0.0032713, 4.4732, 0.64943, 0.025676, 2.8728, 0.88609, 0.04857, 0.78241, 1.0835, 1.2425, 0.21853, 0.20306, 2.6923, 2.1608, 0.86201, 0.0097061, 4.4772, 0.64985, 0.0257, 2.8733, 0.88706, 0.048574, 0.040966, 0.00088792, 1.2382e-08, 0.0015844, 0.0030682, 6.8466e-08, 2.7472e-08, 1.2237e-09, 1.5562e-05, 1.4545e-06, 1.6427e-08, 5.308e-11, 2.6201e-08, 8.5977e-08, 1.5813e-12, -0.25676, 0.98031, 0.57188, -0.013309, -0.0022886, -0.18635, -1.1656, 0.55119, -0.01182, -0.008047, -0.25714, 0.0015617, 0.0458, -0.90086, 0.027632, 1.1557, 1.0886, 1.9128, 0.31942, 0.22619, 5.5702, 5.4866, 1.1727, 0.018255, 8.9585, 1.5564, 0.049815, 5.7003, 2.674, 0.069512, 0.18436, 0.001084, 0.16615, 0.01023, 0.0048235, 3.062, 4.089, 0.035694, 8.3581e-05, 7.429, 0.30391, 0.00021515, 2.9545, 1.1809, 0.00016207
16, 1.0909, 0.3282, 0.05011, 0.11986, 1.3889, 1.4271, 0.58651, 1.0295, 1.0921, 0.22082, 0.14672, 1.7562, 1.3135, 0.71944, 0.00089, 2.2154, 0.77883, 0.03284, 7.5943, 0.24783, 0.05328, 0.54073, 1.0399, 1.1615, 0.21443, 0.14592, 3.1205, 3.0778, 0.77966, 0.001459, 3.4165, 0.78612, 0.025252, 3.3675, 0.98909, 0.05166, 0.23285, 0.95175, 1.1614, 0.089425, 0.0072914, 3.12, 3.0775, 0.7796, -0.0052946, 3.4145, 0.78591, 0.02524, 3.3673, 0.98861, 0.051658, 0.84861, 1.128, 1.1617, 0.33944, 0.28455, 3.1209, 3.078, 0.77972, 0.0082127, 3.4185, 0.78633, 0.025264, 3.3678, 0.98957, 0.051662, 0.035036, 0.0028705, 1.2382e-08, 0.0057761, 0.0071033, 6.8466e-08, 2.7472e-08, 1.2237e-09, 1.6859e-05, 1.4545e-06, 1.6427e-08, 5.308e-11, 2.6201e-08, 8.5977e-08, 1.5813e-12, -0.15408, 0.94879, 0.49107, 0.016904, -0.0088923, 0.24221, -0.24836, 0.4689, -0.013695, -1.0667, -0.12066, 0.0011249, 0.54025, -0.79834, 0.03072, 1.2355, 1.131, 1.832, 0.41197, 0.30073, 5.9987, 6.4039, 1.0904, 0.016613, 7.8998, 1.6929, 0.049378, 6.1948, 2.7765, 0.0726, 0.17843, 0.0030666, 0.16615, 0.014422, 0.0088585, 3.062, 4.089, 0.035694, 8.4877e-05, 7.429, 0.30391, 0.00021515, 2.9545, 1.1809, 0.00016207
17, 1.0909, 0.51623, 0.02628, 0, 2.7778, 2.9346, 1.1927, 0.90051, 1.8917, 0.60723, 0.59987, 9.4649, 8.8804, 0.16602, 0.00175, 0.03318, 0.80873, 0.01319, 3.7514, 1.3474, 0.09672, 0.81787, 1.0221, 1.3045, 0.20486, 0.13477, 5.4755, 4.6713, 0.80713, 0.0039796, 2.0395, 0.67611, 0.029088, 3.5915, 1.7591, 0.041422, 0.36917, 0.93034, 1.3043, 0.070334, -0.1374, 5.4751, 4.671, 0.80707, -0.0046565, 2.0375, 0.6759, 0.029076, 3.5913, 1.7587, 0.04142, 1.2666, 1.1139, 1.3047, 0.33938, 0.40695, 5.476, 4.6716, 0.80719, 0.012616, 2.0415, 0.67632, 0.0291, 3.5918, 1.7596, 0.041424, 0.074416, 0.0031141, 1.2382e-08, 0.0066889, 0.02738, 6.8466e-08, 2.7472e-08, 1.2237e-09, 2.7566e-05, 1.4545e-06, 1.6427e-08, 5.308e-11, 2.6201e-08, 8.5977e-08, 1.5813e-12, 0.050213, 0.92749, 0.63405, 0.0011738, -0.14599, 2.5973, 1.3452, 0.49637, -0.012102, -2.4438, -0.23067, 0.0049615, 0.76427, -0.0283, 0.020482, 1.5855, 1.1168, 1.975, 0.40854, 0.41553, 8.3538, 7.9974, 1.1179, 0.020061, 6.5228, 1.5829, 0.053215, 6.4188, 3.5466, 0.062363, 0.21781, 0.0033102, 0.16615, 0.015334, 0.029135, 3.062, 4.089, 0.035694, 9.5585e-05, 7.429, 0.30391, 0.00021515, 2.9545, 1.1809, 0.00016207
18, 2, 0.38541, 0.04244, 0.10002, 0.83333, 0.98555, 0.20516, 1.0764, 1.3249, 0.43952, 0.29568, 1.5072, 0.80097, 0.82841, 0.00013, 7.9011, 1.8402, 0.00415, 1.0302, 1.4668, 0.06281, 0.30603, 1.0476, 1.2878, 0.17628, 0.086486, 1.6828, 1.6901, 0.79263, 0.0059581, 5.2286, 0.74023, 0.021385, 3.2917, 0.76257, 0.055086, -0.0078517, 0.97556, 1.2876, 0.082515, -0.066066, 1.6823, 1.6899, 0.79257, -0.0011656, 5.2266, 0.74002, 0.021373, 3.2915, 0.76209, 0.055084, 0.61991, 1.1196, 1.288, 0.27005, 0.23904, 1.6832, 1.6904, 0.79269, 0.013082, 5.2306, 0.74044, 0.021397, 3.292, 0.76305, 0.055088, 0.036414, 0.0019178, 1.2382e-08, 0.0032497, 0.0086017, 6.8466e-08, 2.7472e-08, 1.2237e-09, 1.8757e-05, 1.4545e-06, 1.6427e-08, 5.308e-11, 2.6201e-08, 8.5977e-08, 1.5813e-12, -0.39145, 0.97197, 0.61733, -0.003114, -0.080909, -1.1955, -1.636, 0.48187, -0.0093643, 0.74536, -0.16655, -0.0027417, 0.46447, -1.0249, 0.034145, 1.0035, 1.1232, 1.9583, 0.35568, 0.25388, 4.561, 5.0162, 1.1034, 0.021281, 9.7119, 1.647, 0.045512, 6.119, 2.55, 0.076026, 0.17981, 0.0021139, 0.16615, 0.011895, 0.010357, 3.062, 4.089, 0.035694, 8.6776e-05, 7.429, 0.30391, 0.00021515, 2.9545, 1.1809, 0.00016207
19, 1.6364, 0.78019, 0.05527, 0.38305, 2.0833, 1.5198, 1.7022, 1.0964, 0.54773, 0.17638, 0.11533, 1.7621, 2.9569, 0.99094, 0.00126, 1.4696, 0.79245, 0.04095, 2.8994, 0.57268, 0.05263, 1.0325, 1.0699, 1.2666, 0.19313, 0.10597, 1.9159, 2.6231, 0.98123, 0.0014699, 4.4169, 0.23107, 0.038821, 2.0208, 1.4366, 0.059324, 0.64407, 0.9703, 1.2665, 0.038074, -0.18961, 1.9155, 2.6228, 0.98117, -0.0073534, 4.4149, 0.23086, 0.038809, 2.0205, 1.4361, 0.059322, 1.4209, 1.1695, 1.2668, 0.34818, 0.40155, 1.9164, 2.6233, 0.98129, 0.010293, 4.4188, 0.23128, 0.038833, 2.021, 1.4371, 0.059326, 0.055757, 0.0036661, 1.2382e-08, 0.0088859, 0.032292, 6.8466e-08, 2.7472e-08, 1.2237e-09, 2.8775e-05, 1.4545e-06, 1.6427e-08, 5.308e-11, 2.6201e-08, 8.5977e-08, 1.5813e-12, 0.29843, 0.96767, 0.59618, -0.024663, -0.19754, -0.96233, -0.70304, 0.67047, -0.014713, -0.066395, -0.67571, 0.014694, -0.80649, -0.35084, 0.038384, 1.7665, 1.1721, 1.9371, 0.41091, 0.40948, 4.7942, 5.9492, 1.292, 0.017653, 8.9001, 1.1379, 0.062947, 4.8481, 3.224, 0.080264, 0.19915, 0.0038622, 0.16615, 0.017531, 0.034048, 3.062, 4.089, 0.035694, 9.6793e-05, 7.429, 0.30391, 0.00021515, 2.9545, 1.1809, 0.00016207
20, 1.5, 0.29754, 0.13339, 0.25678, 1.9444, 0.75261, 1.9676, 1.0726, 1.5282, 0.21613, 0.19742, 6.7023, 5.0416, 0.9918, 0.00062, 0.36401, 0.2052, 0.02038, 4.3377, 0.24906, 0.0549, 1.1435, 1.0553, 1.0541, 0.29723, 0.29452, 3.9807, 3.4073, 0.85474, 0.0044026, 2.4299, 0.59436, 0.019669, 3.5403, 1.1858, 0.060804, 0.75237, 0.96479, 1.0539, 0.16024, 0.016558, 3.9802, 3.407, 0.85468, -0.003849, 2.428, 0.59414, 0.019657, 3.5401, 1.1853, 0.060802, 1.5345, 1.1458, 1.0543, 0.43421, 0.57249, 3.9811, 3.4076, 0.8548, 0.012654, 2.4319, 0.59457, 0.019681, 3.5406, 1.1862, 0.060806, 0.056532, 0.0030263, 1.2382e-08, 0.0069361, 0.028558, 6.8466e-08, 2.7472e-08, 1.2237e-09, 2.5166e-05, 1.4545e-06, 1.6427e-08, 5.308e-11, 2.6201e-08, 8.5977e-08, 1.5813e-12, 0.40799, 0.9619, 0.38363, 0.091905, 0.0081431, 1.1024, 0.081203, 0.54398, -0.011476, -2.0533, -0.31243, -0.0044578, 0.71304, -0.60168, 0.039864, 1.8789, 1.1486, 1.7246, 0.50255, 0.5809, 6.8589, 6.7334, 1.1655, 0.020281, 6.9132, 1.5011, 0.043796, 6.3676, 2.9732, 0.081744, 0.19993, 0.0032224, 0.16615, 0.015582, 0.030313, 3.062, 4.089, 0.035694, 9.3185e-05, 7.429, 0.30391, 0.00021515, 2.9545, 1.1809, 0.00016207
21, 1.75, 0.42027, 0.0157, 0.17498, 2.2222, 1.6983, 0.22448, 1.0987, 1.9795, 0.15641, 0.08273, 5.5734, 1.4984, 0.75454, 0, 1.7398, 0.21662, 0.04461, 1.4676, 1.2121, 0.03336, 0.47581, 1.0358, 1.382, 0.25461, 0.31568, 2.4004, 2.5005, 0.76566, 0.004774, 3.9239, 0.71505, 0.026102, 3.1877, 1.2707, 0.050385, 0.21248, 0.96511, 1.3819, 0.14531, 0.12559, 2.4, 2.5002, 0.76561, -0.0024803, 3.9219, 0.71484, 0.02609, 3.1875, 1.2702, 0.050383, 0.73914, 1.1065, 1.3822, 0.36391, 0.50576, 2.4009, 2.5008, 0.76572, 0.012028, 3.9259, 0.71526, 0.026114, 3.188, 1.2711, 0.050387, 0.02563, 0.0018464, 1.2382e-08, 0.0044154, 0.013355, 6.8466e-08, 2.7472e-08, 1.2237e-09, 1.9451e-05, 1.4545e-06, 1.6427e-08, 5.308e-11, 2.6201e-08, 8.5977e-08, 1.5813e-12, -0.20043, 0.96145, 0.71157, 0.066629, 0.11349, -0.47781, -0.82561, 0.4549, -0.01061, -0.55939, -0.19173, 0.0019752, 0.36046, -0.51678, 0.029445, 1.1521, 1.1101, 2.0525, 0.44259, 0.51787, 5.2787, 5.8266, 1.0764, 0.020158, 8.4071, 1.6218, 0.050229, 6.015, 3.0581, 0.071325, 0.16903, 0.0020425, 0.16615, 0.013061, 0.01511, 3.062, 4.089, 0.035694, 8.747e-05, 7.429, 0.30391, 0.00021515, 2.9545, 1.1809, 0.00016207
22, 3.2222, 0.39456, 0.02712, 0.28366, 5.3474, 1.1459, 0.63332, 1.0605, 0.80239, 0.49119, 0.1134, 3.0095, 0.89656, 0.71427, 0.00498, 4.3114, 1.641, 0.01965, 1.0031, 1.9897, 0.05774, 0.89407, 1.0888, 1.5128, 0.56061, 0.10685, 1.9742, 1.431, 0.81723, 0.0080438, 3.6557, 0.52533, 0.020519, 2.8261, 1.504, 0.053603, 0.57321, 1.0383, 1.5126, 0.44948, -0.0082557, 1.9737, 1.4307, 0.81717, 0.00042153, 3.6537, 0.52512, 0.020507, 2.8259, 1.5035, 0.053601, 1.2149, 1.1394, 1.513, 0.67173, 0.22195, 1.9746, 1.4312, 0.81729, 0.015666, 3.6577, 0.52554, 0.020531, 2.8264, 1.5045, 0.053605, 0.038051, 0.00094364, 1.2382e-08, 0.0045642, 0.004897, 6.8466e-08, 2.7472e-08, 1.2237e-09, 2.1474e-05, 1.4545e-06, 1.6427e-08, 5.308e-11, 2.6201e-08, 8.5977e-08, 1.5813e-12, 0.19342, 1.0333, 0.84234, 0.37156, -0.027308, -0.9041, -1.8952, 0.50647, -0.0075166, -0.82753, -0.38145, -0.0036081, -0.0011562, -0.28341, 0.032663, 1.5947, 1.1444, 2.1833, 0.74966, 0.24101, 4.8524, 4.7571, 1.128, 0.023604, 8.139, 1.4321, 0.044645, 5.6534, 3.2915, 0.074544, 0.18145, 0.0011397, 0.16615, 0.01321, 0.0066523, 3.062, 4.089, 0.035694, 8.9493e-05, 7.429, 0.30391, 0.00021515, 2.9545, 1.1809, 0.00016207
23, 2, 0.23049, 0.00454, 0.0024, 3.4558, 1.0966, 0.21195, 1.0918, 1.2928, 0.3173, 0.19726, 0.69045, 0.08094, 0.78845, 0.00019, 8.1903, 1.4205, 0.01604, 2.607, 3.0047, 0.04762, 0.27552, 1.0912, 1.2385, 0.21232, 0.13697, 2.0749, 1.6113, 0.76939, 0.0060427, 4.2135, 0.86212, 0.021645, 2.9895, 0.64454, 0.047022, -0.04312, 1.0383, 1.2384, 0.1053, 0.072895, 2.0745, 1.6111, 0.76933, -0.00048243, 4.2116, 0.86191, 0.021633, 2.9892, 0.64406, 0.04702, 0.59416, 1.1442, 1.2387, 0.31934, 0.20104, 2.0753, 1.6116, 0.76945, 0.012568, 4.2155, 0.86233, 0.021657, 2.9897, 0.64502, 0.047024, 0.037527, 0.0010352, 1.2382e-08, 0.0042333, 0.0015173, 6.8466e-08, 2.7472e-08, 1.2237e-09, 1.5737e-05, 1.4545e-06, 1.6427e-08, 5.308e-11, 2.6201e-08, 8.5977e-08, 1.5813e-12, -0.42412, 1.0335, 0.56808, 0.025656, 0.04287, -0.80334, -1.7148, 0.45863, -0.0090107, -0.26971, -0.044664, -0.0024814, 0.1622, -1.1429, 0.026082, 0.97516, 1.149, 1.909, 0.39899, 0.23106, 4.9532, 4.9374, 1.0802, 0.021096, 8.6968, 1.7689, 0.045772, 5.8167, 2.432, 0.067962, 0.18092, 0.0012313, 0.16615, 0.012879, 0.0032725, 3.062, 4.089, 0.035694, 8.3756e-05, 7.429, 0.30391, 0.00021515, 2.9545, 1.1809, 0.00016207
24, 2.8721, 0.36112, 0.03316, 0.07126, 3.3598, 1.0931, 0.19077, 0.92048, 1.5283, 0.11232, 0.28947, 6.8259, 4.6241, 0.89735, 0.04473, 1.3678, 0.312, 0.02805, 2.1757, 0.52089, 0.06176, 0.34436, 0.91573, 1.3945, 0.3001, 0.26762, 2.2004, 1.4434, 0.80895, 0.013923, 4.5952, 0.67384, 0.017679, 3.2214, 1.0212, 0.051796, 0.083395, 0.89455, 1.3943, 0.22017, 0.20452, 2.2, 1.4431, 0.80889, 0.007594, 4.5933, 0.67363, 0.017667, 3.2211, 1.0207, 0.051794, 0.60532, 0.93691, 1.3947, 0.38003, 0.33071, 2.2009, 1.4436, 0.80901, 0.020252, 4.5972, 0.67405, 0.017691, 3.2217, 1.0217, 0.051798, 0.025171, 0.00016582, 1.2382e-08, 0.0023616, 0.0014715, 6.8466e-08, 2.7472e-08, 1.2237e-09, 1.4805e-05, 1.4545e-06, 1.6427e-08, 5.308e-11, 2.6201e-08, 8.5977e-08, 1.5813e-12, -0.33097, 0.88444, 0.72405, 0.12753, 0.17418, -0.67782, -1.8827, 0.49819, -0.0010465, 0.11199, -0.23294, -0.0064478, 0.39412, -0.76624, 0.030856, 1.0197, 0.94702, 2.065, 0.47267, 0.36105, 5.0787, 4.7695, 1.1197, 0.028892, 9.0785, 1.5806, 0.041806, 6.0487, 2.8086, 0.072736, 0.16857, 0.0003619, 0.16615, 0.011007, 0.0032268, 3.062, 4.089, 0.035694, 8.2824e-05, 7.429, 0.30391, 0.00021515, 2.9545, 1.1809, 0.00016207
25, 1.5, 0.39863, 0.02195, 0.10004, 1.6667, 1.7618, 0.1238, 0.99555, 1.9891, 0.18597, 0.05125, 0.79373, 0.09497, 0.64741, 1e-05, 9.7678, 0.90194, 0.029, 3.1023, 0.94511, 0.06493, 0.33965, 1.0452, 1.318, 0.19108, 0.12878, 2.8312, 2.785, 0.76312, 0.0019352, 3.8843, 0.76947, 0.02538, 3.3691, 1.158, 0.049185, 0.06367, 0.98778, 1.3178, 0.10625, 0.01681, 2.8307, 2.7847, 0.76306, -0.0043351, 3.8823, 0.76926, 0.025368, 3.3688, 1.1575, 0.049183, 0.61563, 1.1026, 1.3182, 0.27591, 0.24075, 2.8316, 2.7853, 0.76317, 0.0082054, 3.8863, 0.76968, 0.025392, 3.3693, 1.1585, 0.049187, 0.028152, 0.0012185, 1.2382e-08, 0.0026597, 0.004634, 6.8466e-08, 2.7472e-08, 1.2237e-09, 1.4532e-05, 1.4545e-06, 1.6427e-08, 5.308e-11, 2.6201e-08, 8.5977e-08, 1.5813e-12, -0.34162, 0.98333, 0.64752, 0.016188, -0.0026972, -0.047079, -0.54112, 0.45236, -0.013009, -0.59896, -0.13731, 0.0012529, 0.54178, -0.62944, 0.028245, 1.0209, 1.1071, 1.9885, 0.36597, 0.26026, 5.7094, 6.1111, 1.0739, 0.01688, 8.3676, 1.6763, 0.049506, 6.1963, 2.9454, 0.070125, 0.17155, 0.0014146, 0.16615, 0.011305, 0.0063893, 3.062, 4.089, 0.035694, 8.255e-05, 7.429, 0.30391, 0.00021515, 2.9545, 1.1809, 0.00016207
26, 2, 0.14601, 0.0389, 0.09624, 1.3281, 0.74146, 0.64302, 1.0763, 0.5922, 0.38818, 0.15879, 1.1373, 0.96182, 0.50144, 0.00326, 5.1424, 0.1934, 0.00771, 2.8493, 0.21935, 0.04136, 0.49762, 1.0134, 1.2981, 0.3473, 0.28273, 1.7674, 1.6022, 0.68565, 0.0054411, 4.507, 0.96166, 0.014799, 3.7692, 0.69177, 0.053729, 0.18467, 0.93124, 1.2979, 0.2238, 0.12898, 1.767, 1.6019, 0.68559, -0.0012535, 4.505, 0.96145, 0.014787, 3.769, 0.69129, 0.053727, 0.81056, 1.0956, 1.2983, 0.4708, 0.43649, 1.7678, 1.6025, 0.6857, 0.012136, 4.509, 0.96187, 0.014811, 3.7695, 0.69225, 0.053731, 0.036198, 0.0024953, 1.2382e-08, 0.0056374, 0.0087374, 6.8466e-08, 2.7472e-08, 1.2237e-09, 1.6565e-05, 1.4545e-06, 1.6427e-08, 5.308e-11, 2.6201e-08, 8.5977e-08, 1.5813e-12, -0.19944, 0.92808, 0.62765, 0.15072, 0.11425, -1.1109, -1.7239, 0.37488, -0.0096865, 0.023727, 0.054875, -0.0093274, 0.94196, -1.0957, 0.032789, 1.1947, 1.0987, 1.9686, 0.54388, 0.45122, 4.6456, 4.9283, 0.99641, 0.020569, 8.9902, 1.8684, 0.038926, 6.5965, 2.4792, 0.074669, 0.17959, 0.0026913, 0.16615, 0.014283, 0.010493, 3.062, 4.089, 0.035694, 8.4584e-05, 7.429, 0.30391, 0.00021515, 2.9545, 1.1809, 0.00016207
27, 2, 0.47946, 0.02931, 0.19988, 1.6667, 1.2933, 0.30151, 0.9173, 1.9592, 0.49421, 0.53486, 1.7965, 0.01428, 0.6024, 0.01252, 7.4416, 1.2704, 0.048, 1.1352, 0.9431, 0.06204, 0.68067, 0.99951, 1.3575, 0.2054, 0.24447, 1.6569, 1.9067, 0.81377, 0.0055832, 4.8243, 0.62668, 0.02621, 2.9597, 1.0794, 0.054631, 0.42483, 0.92844, 1.3573, 0.098845, 0.078169, 1.6564, 1.9064, 0.81371, -0.0014234, 4.8223, 0.62647, 0.026198, 2.9594, 1.0789, 0.054628, 0.93651, 1.0706, 1.3577, 0.31196, 0.41077, 1.6573, 1.9069, 0.81383, 0.01259, 4.8263, 0.62689, 0.026222, 2.96, 1.0798, 0.054633, 0.024193, 0.0018668, 1.2382e-08, 0.0041968, 0.010222, 6.8466e-08, 2.7472e-08, 1.2237e-09, 1.8145e-05, 1.4545e-06, 1.6427e-08, 5.308e-11, 2.6201e-08, 8.5977e-08, 1.5813e-12, 0.0073112, 0.9248, 0.68702, 0.019002, 0.064456, -1.2214, -1.4194, 0.50301, -0.0096851, 0.34105, -0.2801, 0.0020837, 0.13242, -0.70807, 0.03369, 1.354, 1.0742, 2.028, 0.3918, 0.42449, 4.5351, 5.2328, 1.1245, 0.020851, 9.3076, 1.5335, 0.050337, 5.787, 2.8668, 0.075571, 0.16759, 0.0020629, 0.16615, 0.012842, 0.011977, 3.062, 4.089, 0.035694, 8.6164e-05, 7.429, 0.30391, 0.00021515, 2.9545, 1.1809, 0.00016207
28, 2.9316, 0.12257, 0.01642, 0.05456, 2.0833, 0.5054, 0.88511, 1.0062, 1.2225, 0.30699, 0.51742, 0.89602, 1.2241, 0.98361, 0.00046, 8.9831, 1.837, 0.00188, 5.539, 0.5022, 0.06809, 0.41458, 1.01, 1.4457, 0.38434, 0.28418, 0.84781, 0.45061, 0.66653, 0.015005, 5.4634, 0.97965, 0.010011, 3.7474, 0.59316, 0.053155, 0.0098005, 0.91099, 1.4455, 0.23732, 0.044588, 0.84738, 0.45034, 0.66647, 0.0069499, 5.4614, 0.97944, 0.0099992, 3.7472, 0.59268, 0.053153, 0.81936, 1.109, 1.4459, 0.53135, 0.52377, 0.84824, 0.45089, 0.66659, 0.023059, 5.4653, 0.97986, 0.010023, 3.7477, 0.59364, 0.053157, 0.06056, 0.0036239, 1.2382e-08, 0.0079887, 0.021217, 6.8466e-08, 2.7472e-08, 1.2237e-09, 2.398e-05, 1.4545e-06, 1.6427e-08, 5.308e-11, 2.6201e-08, 8.5977e-08, 1.5813e-12, -0.32826, 0.90835, 0.77526, 0.17219, 0.034874, -2.0304, -2.8755, 0.35577, -0.00077218, 0.9801, 0.072866, -0.014116, 0.92015, -1.1943, 0.032215, 1.1574, 1.1117, 2.1162, 0.59648, 0.53348, 3.7261, 3.7767, 0.97729, 0.030781, 9.9466, 1.8864, 0.034138, 6.5747, 2.3806, 0.074095, 0.20396, 0.00382, 0.16615, 0.016634, 0.022972, 3.062, 4.089, 0.035694, 9.1998e-05, 7.429, 0.30391, 0.00021515, 2.9545, 1.1809, 0.00016207
29, 1.25, 0.32226, 0.01638, 0.44519, 2.6792, 2.0709, 0.64276, 1.0263, 1.8153, 0.38616, 0.72177, 3.4355, 6.1002, 0.13914, 0.00423, 0.20414, 0.0198, 0.02896, 3.9292, 0.96127, 0.04628, 0.9423, 1.0211, 1.5108, 0.44722, 0.35101, 2.8631, 3.5498, 0.64612, 0.0010357, 1.9561, 0.77978, 0.027051, 3.5855, 1.9695, 0.051844, 0.57825, 0.92392, 1.5106, 0.29636, 0.052442, 2.8626, 3.5495, 0.64606, -0.0078825, 1.9541, 0.77957, 0.027039, 3.5853, 1.969, 0.051842, 1.3064, 1.1184, 1.5109, 0.59808, 0.64958, 2.8635, 3.55, 0.64618, 0.0099538, 1.9581, 0.77999, 0.027063, 3.5858, 1.9699, 0.051846, 0.048986, 0.0034941, 1.2382e-08, 0.0084121, 0.032948, 6.8466e-08, 2.7472e-08, 1.2237e-09, 2.9396e-05, 1.4545e-06, 1.6427e-08, 5.308e-11, 2.6201e-08, 8.5977e-08, 1.5813e-12, 0.22085, 0.92123, 0.84029, 0.23239, 0.044592, -0.015174, 0.22366, 0.33536, -0.015199, -2.5272, -0.127, 0.002924, 0.75825, 0.18203, 0.030904, 1.6638, 1.1211, 2.1812, 0.66204, 0.65743, 5.7413, 6.8759, 0.95688, 0.01727, 6.4394, 1.6866, 0.051177, 6.4128, 3.7569, 0.072784, 0.19238, 0.0036902, 0.16615, 0.017058, 0.034703, 3.062, 4.089, 0.035694, 9.7415e-05, 7.429, 0.30391, 0.00021515, 2.9545, 1.1809, 0.00016207
30, 1.1098, 0.3157, 0.05446, 0.26966, 2.4722, 1.8176, 0.10264, 0.98667, 1.8659, 0.12224, 0.19375, 8.4609, 5.7915, 0.96417, 0.00039, 1.7562, 0.25995, 0.03818, 1.2195, 0.86352, 0.0407, 0.80226, 1.0371, 1.2783, 0.31903, 0.29734, 3.8851, 3.8436, 0.73747, 0.0035711, 1.9511, 0.74442, 0.025245, 3.5873, 1.5971, 0.051592, 0.46887, 0.95463, 1.2781, 0.19113, 0.11734, 3.8846, 3.8433, 0.73742, -0.003466, 1.9491, 0.74421, 0.025233, 3.5871, 1.5966, 0.05159, 1.1356, 1.1195, 1.2785, 0.44693, 0.47733, 3.8855, 3.8439, 0.73753, 0.010608, 1.9531, 0.74463, 0.025257, 3.5876, 1.5976, 0.051594, 0.041081, 0.0025115, 1.2382e-08, 0.0060462, 0.011974, 6.8466e-08, 2.7472e-08, 1.2237e-09, 1.8303e-05, 1.4545e-06, 1.6427e-08, 5.308e-11, 2.6201e-08, 8.5977e-08, 1.5813e-12, 0.095783, 0.95147, 0.60783, 0.11966, 0.1046, 1.0068, 0.51748, 0.42671, -0.011711, -2.5322, -0.16236, 0.0011181, 0.76005, -0.19033, 0.030652, 1.5087, 1.1226, 1.9488, 0.5184, 0.49007, 6.7633, 7.1697, 1.0482, 0.018853, 6.4343, 1.6512, 0.049371, 6.4146, 3.3845, 0.072533, 0.18448, 0.0027075, 0.16615, 0.014692, 0.01373, 3.062, 4.089, 0.035694, 8.6322e-05, 7.429, 0.30391, 0.00021515, 2.9545, 1.1809, 0.00016207
31, 2.8721, 0.36112, 0.03316, 0.11427, 3.3598, 1.0993, 0.28017, 0.94069, 1.6221, 0.37469, 0.22903, 1.5631, 0.79059, 0.57778, 0.01654, 4.5912, 0.60532, 0.0097, 2.5923, 0.57872, 0.02923, 0.36863, 0.95299, 1.4209, 0.30925, 0.26384, 2.1054, 1.4646, 0.79804, 0.017187, 4.4993, 0.66785, 0.017863, 3.2364, 1.1007, 0.05255, 0.10561, 0.93187, 1.4207, 0.23365, 0.20148, 2.105, 1.4644, 0.79798, 0.010972, 4.4974, 0.66764, 0.017851, 3.2361, 1.1002, 0.052548, 0.63165, 0.97412, 1.4211, 0.38484, 0.32621, 2.1058, 1.4649, 0.79809, 0.023403, 4.5013, 0.66806, 0.017875, 3.2366, 1.1012, 0.052552, 0.02557, 0.00016488, 1.2382e-08, 0.0021121, 0.0014376, 6.8466e-08, 2.7472e-08, 1.2237e-09, 1.4278e-05, 1.4545e-06, 1.6427e-08, 5.308e-11, 2.6201e-08, 8.5977e-08, 1.5813e-12, -0.3075, 0.92174, 0.75042, 0.13864, 0.1709, -0.77286, -1.8615, 0.48728, 0.0022658, 0.016088, -0.23893, -0.0062637, 0.40909, -0.68671, 0.03161, 1.0447, 0.98424, 2.0914, 0.47985, 0.35679, 4.9836, 4.7908, 1.1088, 0.032109, 8.9826, 1.5746, 0.04199, 6.0636, 2.8882, 0.073491, 0.16896, 0.00036096, 0.16615, 0.010758, 0.0031929, 3.062, 4.089, 0.035694, 8.2297e-05, 7.429, 0.30391, 0.00021515, 2.9545, 1.1809, 0.00016207
32, 2.8721, 0.46489, 0.06092, 0.14711, 2.3545, 0.94929, 0.5403, 1.0113, 1.6842, 0.23075, 0.19618, 1.0947, 1.2359, 0.67466, 0.03075, 4.4037, 0.07216, 0.02903, 5.8504, 0.38431, 0.07659, 0.80492, 1.021, 1.3801, 0.27437, 0.27715, 2.0478, 1.5139, 0.85518, 0.011214, 4.9784, 0.54606, 0.018894, 3.1838, 1.0872, 0.056969, 0.49449, 0.99869, 1.3799, 0.17928, 0.21334, 2.0474, 1.5136, 0.85512, 0.0045425, 4.9764, 0.54584, 0.018882, 3.1835, 1.0867, 0.056967, 1.1154, 1.0432, 1.3803, 0.36946, 0.34096, 2.0483, 1.5141, 0.85523, 0.017886, 4.9804, 0.54627, 0.018906, 3.1841, 1.0877, 0.056971, 0.03562, 0.00018331, 1.2382e-08, 0.0033419, 0.0015049, 6.8466e-08, 2.7472e-08, 1.2237e-09, 1.6453e-05, 1.4545e-06, 1.6427e-08, 5.308e-11, 2.6201e-08, 8.5977e-08, 1.5813e-12, 0.10899, 0.98893, 0.70965, 0.094282, 0.18324, -0.83043, -1.8123, 0.54442, -0.0039032, 0.49514, -0.36073, -0.005233, 0.35652, -0.70022, 0.036029, 1.5009, 1.053, 2.0506, 0.45446, 0.37107, 4.9261, 4.84, 1.1659, 0.026332, 9.4617, 1.4528, 0.04302, 6.0111, 2.8746, 0.07791, 0.17901, 0.00037939, 0.16615, 0.011987, 0.0032602, 3.062, 4.089, 0.035694, 8.4472e-05, 7.429, 0.30391, 0.00021515, 2.9545, 1.1809, 0.00016207
33, 1.4992, 0.0801, 0.01666, 0.05737, 1.9844, 0.55652, 0.99605, 1.0185, 0.6666, 0.36728, 0.12933, 0.96556, 0.78901, 0.66703, 0.00318, 2.3292, 1.998, 0.00272, 2.2582, 0.38454, 0.06665, 0.68041, 1.0677, 1.1483, 0.27485, 0.20228, 1.3311, 1.3904, 0.70127, 0.0023003, 4.4355, 1.0278, 0.019528, 3.2251, 0.31302, 0.050942, 0.28187, 0.97079, 1.1481, 0.12632, -0.0087091, 1.3307, 1.3901, 0.70122, -0.0049944, 4.4335, 1.0276, 0.019516, 3.2248, 0.31253, 0.05094, 1.079, 1.1646, 1.1485, 0.42338, 0.41327, 1.3315, 1.3907, 0.70133, 0.009595, 4.4374, 1.028, 0.019539, 3.2253, 0.3135, 0.050944, 0.058707, 0.0034704, 1.2382e-08, 0.0081544, 0.016454, 6.8466e-08, 2.7472e-08, 1.2237e-09, 1.9668e-05, 1.4545e-06, 1.6427e-08, 5.308e-11, 2.6201e-08, 8.5977e-08, 1.5813e-12, -0.059044, 0.96809, 0.47786, 0.061653, -0.019678, -1.5471, -1.9357, 0.39051, -0.013102, -0.047808, 0.12101, -0.0045992, 0.3978, -1.4744, 0.030001, 1.4199, 1.1673, 1.8188, 0.48805, 0.42424, 4.2094, 4.7165, 1.012, 0.017703, 8.9187, 1.9346, 0.043654, 6.0523, 2.1004, 0.071882, 0.2021, 0.0036665, 0.16615, 0.0168, 0.018209, 3.062, 4.089, 0.035694, 8.7687e-05, 7.429, 0.30391, 0.00021515, 2.9545, 1.1809, 0.00016207
34, 2, 0.44862, 0.03727, 0, 1.1111, 1.1928, 0.17854, 1.0277, 1.7032, 0.02947, 0.09528, 1.9833, 1.4707, 0.73324, 0.01883, 3.454, 0.04084, 0.02937, 2.221, 0.26556, 0.03909, 0.31436, 1.073, 1.245, 0.14975, 0.16499, 2.1069, 1.8204, 0.84043, 0.0030841, 5.3504, 0.69655, 0.023114, 3.1335, 0.69622, 0.05223, 0.021929, 1.0061, 1.2448, 0.077826, 0.023204, 2.1065, 1.8202, 0.84037, -0.0041579, 5.3484, 0.69634, 0.023102, 3.1332, 0.69573, 0.052228, 0.60679, 1.14, 1.2451, 0.22168, 0.30677, 2.1074, 1.8207, 0.84049, 0.010326, 5.3524, 0.69676, 0.023126, 3.1338, 0.6967, 0.052232, 0.031608, 0.001656, 1.2382e-08, 0.0019121, 0.0074301, 6.8466e-08, 2.7472e-08, 1.2237e-09, 1.9385e-05, 1.4545e-06, 1.6427e-08, 5.308e-11, 2.6201e-08, 8.5977e-08, 1.5813e-12, -0.37374, 1.0023, 0.57449, -0.019258, 0.0073441, -0.77132, -1.5057, 0.52967, -0.012294, 0.86715, -0.21023, -0.001013, 0.30621, -1.0912, 0.031289, 1.0025, 1.1438, 1.9154, 0.31876, 0.32263, 4.9852, 5.1466, 1.1512, 0.018462, 9.8337, 1.6033, 0.04724, 5.9608, 2.4837, 0.07317, 0.175, 0.0018521, 0.16615, 0.010558, 0.0091853, 3.062, 4.089, 0.035694, 8.7404e-05, 7.429, 0.30391, 0.00021515, 2.9545, 1.1809, 0.00016207
35, 2.8721, 0.46489, 0.06092, 0.14711, 2.3545, 0.94929, 0.81928, 1.0197, 1.5099, 0.29756, 0.30807, 0.276, 1.5991, 0.92528, 0.01173, 2.3317, 0.53078, 0.01892, 5.6531, 0.31466, 0.06613, 0.73563, 1.0131, 1.3801, 0.24855, 0.18122, 2.0478, 1.5139, 0.85518, 0.015815, 4.9784, 0.54606, 0.018894, 3.1838, 1.0872, 0.056969, 0.42519, 0.99082, 1.3799, 0.15346, 0.11741, 2.0474, 1.5136, 0.85512, 0.0091433, 4.9764, 0.54584, 0.018882, 3.1835, 1.0867, 0.056967, 1.0461, 1.0354, 1.3803, 0.34363, 0.24503, 2.0483, 1.5141, 0.85523, 0.022487, 4.9804, 0.54627, 0.018906, 3.1841, 1.0877, 0.056971, 0.03562, 0.00018331, 1.2382e-08, 0.0033419, 0.0015049, 6.8466e-08, 2.7472e-08, 1.2237e-09, 1.6453e-05, 1.4545e-06, 1.6427e-08, 5.308e-11, 2.6201e-08, 8.5977e-08, 1.5813e-12, 0.039686, 0.98105, 0.70965, 0.068456, 0.087303, -0.83043, -1.8123, 0.54442, 0.00069768, 0.49514, -0.36073, -0.005233, 0.35652, -0.70022, 0.036029, 1.4316, 1.0451, 2.0506, 0.42864, 0.27514, 4.9261, 4.84, 1.1659, 0.030933, 9.4617, 1.4528, 0.04302, 6.0111, 2.8746, 0.07791, 0.17901, 0.00037939, 0.16615, 0.011987, 0.0032602, 3.062, 4.089, 0.035694, 8.4472e-05, 7.429, 0.30391, 0.00021515, 2.9545, 1.1809, 0.00016207
36, 1.0909, 0.51984, 0, 0.12657, 2, 4.0682, 0.41042, 0.9868, 1.5258, 0.37021, 0.12499, 4.7785, 3.5869, 0.74094, 0.0001, 1.1286, 0.8897, 0.00685, 5.5377, 3.6631, 0.03409, 0.45693, 0.96345, 1.6843, 0.39161, 0.30315, 6.2837, 5.7725, 0.626, 0.0041904, 0.99155, 0.80909, 0.025695, 4.7096, 2.7252, 0.038349, -0.028165, 0.87825, 1.6841, 0.2726, 0.087537, 6.2833, 5.7722, 0.62594, -0.0031411, 0.98957, 0.80888, 0.025683, 4.7093, 2.7247, 0.038347, 0.94202, 1.0486, 1.6845, 0.51062, 0.51876, 6.2841, 5.7727, 0.62606, 0.011522, 0.99353, 0.8093, 0.025707, 4.7099, 2.7257, 0.038351, 0.086975, 0.0026829, 1.2382e-08, 0.0052348, 0.017182, 6.8466e-08, 2.7472e-08, 1.2237e-09, 1.9867e-05, 1.4545e-06, 1.6427e-08, 5.308e-11, 2.6201e-08, 8.5977e-08, 1.5813e-12, -0.33255, 0.87519, 1.0139, 0.19782, 0.076792, 3.4055, 2.4464, 0.31524, -0.01123, -3.4917, -0.097689, 0.0015686, 1.8823, 0.93777, 0.017409, 1.2464, 1.0517, 2.3548, 0.5854, 0.5295, 9.162, 9.0986, 0.93676, 0.01961, 5.4748, 1.7159, 0.049822, 7.5369, 4.5126, 0.059289, 0.23037, 0.002879, 0.16615, 0.01388, 0.018938, 3.062, 4.089, 0.035694, 8.7885e-05, 7.429, 0.30391, 0.00021515, 2.9545, 1.1809, 0.00016207
37, 1.0909, 0.47349, 0.06886, 0.11528, 0.97222, 1.6067, 1.0372, 1.0618, 0.95127, 0.13975, 0.08103, 3.1525, 8.3547, 0.94938, 0.00139, 0.5836, 0.10401, 0.01676, 3.6583, 0.33727, 0.05275, 0.43071, 1.0584, 1.1376, 0.24856, 0.11742, 3.5737, 3.4361, 0.85222, 0.0007858, 3.564, 0.63389, 0.027794, 3.2591, 1.1127, 0.053141, 0.11599, 0.98102, 1.1374, 0.14256, -0.025151, 3.5732, 3.4358, 0.85216, -0.0062719, 3.562, 0.63368, 0.027782, 3.2588, 1.1122, 0.053139, 0.74543, 1.1358, 1.1378, 0.35456, 0.26, 3.5741, 3.4364, 0.85228, 0.0078435, 3.5659, 0.6341, 0.027806, 3.2594, 1.1132, 0.053143, 0.03661, 0.0022141, 1.2382e-08, 0.0041533, 0.0075134, 6.8466e-08, 2.7472e-08, 1.2237e-09, 1.8411e-05, 1.4545e-06, 1.6427e-08, 5.308e-11, 2.6201e-08, 8.5977e-08, 1.5813e-12, -0.26715, 0.97767, 0.46715, 0.062476, -0.040932, 0.6954, 0.10999, 0.54146, -0.014506, -0.91931, -0.27289, 0.0036672, 0.43183, -0.67471, 0.0322, 1.1286, 1.1392, 1.8081, 0.43465, 0.27578, 6.4519, 6.7622, 1.163, 0.016078, 8.0472, 1.5407, 0.051921, 6.0864, 2.9002, 0.074081, 0.18, 0.0024101, 0.16615, 0.012799, 0.0092687, 3.062, 4.089, 0.035694, 8.643e-05, 7.429, 0.30391, 0.00021515, 2.9545, 1.1809, 0.00016207
38, 2.6667, 0.3723, 0.01742, 0, 7.1298, 1.3707, 1.6944, 1.0714, 1.107, 0.16941, 0.0987, 2.2468, 1.8084, 0.99831, 0.00113, 5.1299, 0.06057, 0.03206, 4.8504, 0.21745, 0.05269, 0.6703, 1.0478, 1.203, 0.23206, 0.15513, 3.4539, 2.0158, 0.92877, 0.010374, 2.8923, 0.53451, 0.025367, 2.2455, 1.0492, 0.044125, 0.21288, 0.94931, 1.2028, 0.094578, -0.15188, 3.4535, 2.0155, 0.92871, 0.0013082, 2.8903, 0.5343, 0.025355, 2.2453, 1.0487, 0.044123, 1.1277, 1.1463, 1.2032, 0.36954, 0.46215, 3.4543, 2.016, 0.92882, 0.019441, 2.8943, 0.53472, 0.025379, 2.2458, 1.0496, 0.044127, 0.077335, 0.0035847, 1.2382e-08, 0.006986, 0.034838, 6.8466e-08, 2.7472e-08, 1.2237e-09, 3.0381e-05, 1.4545e-06, 1.6427e-08, 5.308e-11, 2.6201e-08, 8.5978e-08, 1.5813e-12, -0.10249, 0.94665, 0.53255, 0.026409, -0.15952, 0.57563, -1.3103, 0.61801, -0.0059419, -1.591, -0.37227, 0.0012403, -0.58173, -0.73828, 0.023185, 1.4431, 1.1489, 1.8735, 0.43771, 0.46979, 6.3321, 5.3419, 1.2395, 0.026691, 7.3755, 1.4413, 0.049494, 5.0728, 2.8366, 0.065065, 0.22073, 0.0037807, 0.16615, 0.015632, 0.036593, 3.062, 4.089, 0.035694, 9.84e-05, 7.429, 0.30391, 0.00021515, 2.9545, 1.1809, 0.00016207
39, 1.0909, 0.47111, 0.03337, 0.11565, 2.0833, 2.3033, 0.24244, 1.0533, 0.92881, 0.38261, 0.14595, 4.5509, 0.26412, 0.98576, 0.00015, 9.6189, 1.6718, 0.00316, 3.1246, 4.252, 0.04861, 0.82654, 1.019, 1.2814, 0.24774, 0.15196, 4.1492, 3.9275, 0.79426, 0.0030141, 2.7184, 0.68661, 0.029018, 3.397, 1.518, 0.047119, 0.53749, 0.94452, 1.2812, 0.15056, 0.0093107, 4.1488, 3.9273, 0.79421, -0.0038033, 2.7164, 0.6864, 0.029006, 3.3967, 1.5175, 0.047117, 1.1156, 1.0935, 1.2816, 0.34492, 0.2946, 4.1496, 3.9278, 0.79432, 0.0098316, 2.7204, 0.68682, 0.02903, 3.3973, 1.5185, 0.047121, 0.03088, 0.0020516, 1.2382e-08, 0.0034905, 0.0075209, 6.8466e-08, 2.7472e-08, 1.2237e-09, 1.7179e-05, 1.4545e-06, 1.6427e-08, 5.308e-11, 2.6201e-08, 8.5977e-08, 1.5813e-12, 0.13987, 0.94104, 0.61096, 0.066533, -0.0064632, 1.271, 0.60144, 0.4835, -0.012168, -1.7649, -0.22017, 0.0048916, 0.56973, -0.26941, 0.026178, 1.5132, 1.097, 1.9519, 0.42894, 0.31038, 7.0275, 7.2536, 1.105, 0.018197, 7.2017, 1.5934, 0.053145, 6.2243, 3.3055, 0.068059, 0.17428, 0.0022477, 0.16615, 0.012136, 0.0092762, 3.062, 4.089, 0.035694, 8.5197e-05, 7.429, 0.30391, 0.00021515, 2.9545, 1.1809, 0.00016207
40, 3, 0.26227, 0.1191, 0.70123, 1.3333, 0.44375, 1.0813, 1.0122, 1.4005, 0.72571, 0.47128, 1.6042, 2.1061, 0.92697, 0.00118, 7.4467, 0.18695, 0.00685, 7.1828, 2.494, 0.06369, 1.2099, 0.98157, 1.6574, 0.73409, 0.45497, 1.4905, 1.9869, 0.6525, 0.0041589, 3.2399, 0.60206, 0.0098425, 4.3012, 2.0329, 0.071962, 0.83742, 0.95913, 1.6572, 0.62524, 0.38766, 1.4901, 1.9867, 0.65244, -0.0034121, 3.238, 0.60184, 0.0098305, 4.301, 2.0324, 0.07196, 1.5823, 1.004, 1.6575, 0.84295, 0.52228, 1.491, 1.9872, 0.65256, 0.01173, 3.2419, 0.60227, 0.0098544, 4.3015, 2.0333, 0.071964, 0.051273, 0.00018615, 1.2382e-08, 0.0043794, 0.0016746, 6.8466e-08, 2.7472e-08, 1.2237e-09, 2.1186e-05, 1.4545e-06, 1.6427e-08, 5.308e-11, 2.6201e-08, 8.5977e-08, 1.5813e-12, 0.48415, 0.94941, 0.98689, 0.54637, 0.35864, -1.3877, -1.3392, 0.34174, -0.011376, -1.2433, -0.30473, -0.014284, 1.474, 0.24543, 0.051021, 1.9356, 1.0137, 2.3278, 0.92182, 0.5513, 4.3688, 5.313, 0.96326, 0.019694, 7.7232, 1.5088, 0.033969, 7.1285, 3.8203, 0.092902, 0.19467, 0.00038223, 0.16615, 0.013025, 0.0034298, 3.062, 4.089, 0.035694, 8.9205e-05, 7.429, 0.30391, 0.00021515, 2.9545, 1.1809, 0.00016207
41, 2, 0.19083, 0.0039, 0.00206, 3.4558, 0.98936, 0.20458, 1.0993, 1.0662, 0.15036, 0.14271, 4.6415, 3.7158, 0.91512, 0.0006, 2.2297, 0.74642, 0.03108, 1.1347, 1.0044, 0.05229, 0.31117, 1.0828, 1.2309, 0.30273, 0.21292, 1.9439, 1.4952, 0.75516, 0.0060035, 4.2273, 0.89829, 0.0207, 3.0244, 0.58039, 0.047187, -0.028166, 1.0295, 1.2307, 0.19375, 0.13845, 1.9435, 1.4949, 0.7551, -0.00065775, 4.2253, 0.89808, 0.020688, 3.0242, 0.57991, 0.047185, 0.6505, 1.1361, 1.2311, 0.41171, 0.28738, 1.9443, 1.4955, 0.75522, 0.012665, 4.2293, 0.8985, 0.020712, 3.0247, 0.58087, 0.047189, 0.04256, 0.0010507, 1.2382e-08, 0.0043898, 0.0020497, 6.8466e-08, 2.7472e-08, 1.2237e-09, 1.64e-05, 1.4545e-06, 1.6427e-08, 5.308e-11, 2.6201e-08, 8.5977e-08, 1.5813e-12, -0.39813, 1.0247, 0.56041, 0.11493, 0.11145, -0.93436, -1.8309, 0.4444, -0.0091094, -0.25596, -0.0084884, -0.0034268, 0.19718, -1.207, 0.026246, 1.0205, 1.1409, 1.9013, 0.49053, 0.31438, 4.8221, 4.8213, 1.0659, 0.021116, 8.7106, 1.8051, 0.044827, 5.8517, 2.3678, 0.068127, 0.18595, 0.0012467, 0.16615, 0.013035, 0.0038049, 3.062, 4.089, 0.035694, 8.4419e-05, 7.429, 0.30391, 0.00021515, 2.9545, 1.1809, 0.00016207
42, 3.2222, 0.36454, 0.02506, 0.26208, 5.3474, 1.1392, 0.59607, 1.0964, 1.8071, 0.65552, 0.10557, 0.36631, 0.15844, 0.80949, 0.00376, 6.9939, 1.6174, 0.02436, 1.9848, 2.2574, 0.07135, 0.85207, 1.0496, 1.5121, 0.50849, 0.15161, 2.0193, 1.4143, 0.80334, 0.0083876, 3.6309, 0.56342, 0.0195, 2.9088, 1.469, 0.052936, 0.52555, 0.99891, 1.5119, 0.40282, 0.042248, 2.0189, 1.414, 0.80328, 0.00088525, 3.6289, 0.56321, 0.019488, 2.9085, 1.4685, 0.052934, 1.1786, 1.1003, 1.5122, 0.61416, 0.26098, 2.0198, 1.4146, 0.80339, 0.01589, 3.6329, 0.56363, 0.019512, 2.909, 1.4695, 0.052938, 0.039406, 0.00094975, 1.2382e-08, 0.0041273, 0.004421, 6.8466e-08, 2.7472e-08, 1.2237e-09, 2.0804e-05, 1.4545e-06, 1.6427e-08, 5.308e-11, 2.6201e-08, 8.5977e-08, 1.5813e-12, 0.14881, 0.99392, 0.8416, 0.32259, 0.022347, -0.85892, -1.9118, 0.49257, -0.0071144, -0.85236, -0.34337, -0.0046269, 0.081479, -0.31844, 0.031996, 1.5553, 1.1053, 2.1825, 0.69439, 0.28088, 4.8976, 4.7404, 1.1141, 0.02389, 8.1142, 1.4702, 0.043626, 5.736, 3.2564, 0.073876, 0.1828, 0.0011458, 0.16615, 0.012773, 0.0061763, 3.062, 4.089, 0.035694, 8.8822e-05, 7.429, 0.30391, 0.00021515, 2.9545, 1.1809, 0.00016207
43, 2, 0.48597, 0.02228, 0, 2.2222, 1.6281, 0.338, 1.0242, 1.8398, 0.14759, 0.09165, 1.2465, 1.3611, 0.98868, 0.00091, 7.291, 0.11541, 0.04633, 2.6866, 0.28146, 0.04124, 0.39222, 0.99871, 1.2908, 0.13468, 0.13491, 2.6965, 2.2435, 0.847, 0.0065958, 4.655, 0.65656, 0.025467, 3.0252, 0.96511, 0.048607, 0.12166, 0.94088, 1.2906, 0.052027, 0.051963, 2.696, 2.2432, 0.84694, 0.00071296, 4.653, 0.65635, 0.025455, 3.0249, 0.96463, 0.048605, 0.66278, 1.0565, 1.291, 0.21734, 0.21786, 2.6969, 2.2438, 0.84706, 0.012479, 4.6569, 0.65677, 0.025479, 3.0254, 0.9656, 0.048609, 0.027056, 0.0012363, 1.2382e-08, 0.0025251, 0.002543, 6.8466e-08, 2.7472e-08, 1.2237e-09, 1.2792e-05, 1.4545e-06, 1.6427e-08, 5.308e-11, 2.6201e-08, 8.5977e-08, 1.5813e-12, -0.28687, 0.93646, 0.62032, -0.039165, 0.027071, -0.18178, -1.0826, 0.53624, -0.0081905, 0.17169, -0.25022, 0.0013401, 0.19788, -0.82232, 0.027667, 1.0713, 1.061, 1.9613, 0.30853, 0.24275, 5.5747, 5.5696, 1.1578, 0.021382, 9.1382, 1.5633, 0.049593, 5.8524, 2.7525, 0.069547, 0.17045, 0.0014324, 0.16615, 0.011171, 0.0042983, 3.062, 4.089, 0.035694, 8.081e-05, 7.429, 0.30391, 0.00021515, 2.9545, 1.1809, 0.00016207
44, 1.25, 0.33442, 0.017, 0.18441, 2.6792, 2.2534, 1.3854, 1.0136, 1.7599, 0.21723, 0.29501, 3.2079, 1.4218, 0.84486, 0.03011, 0.17677, 1.3763, 0.04995, 3.5171, 0.20392, 0.04679, 0.69835, 1.0138, 1.3904, 0.26328, 0.16453, 3.8319, 3.7237, 0.69933, 0.0018097, 2.2547, 0.81691, 0.025431, 3.6688, 1.6525, 0.046411, 0.36795, 0.93374, 1.3903, 0.14623, -0.044028, 3.8315, 3.7235, 0.69927, -0.0056658, 2.2527, 0.8167, 0.025419, 3.6685, 1.652, 0.046409, 1.0288, 1.0938, 1.3906, 0.38034, 0.37308, 3.8323, 3.724, 0.69938, 0.0092853, 2.2566, 0.81713, 0.025443, 3.669, 1.653, 0.046413, 0.04035, 0.002368, 1.2382e-08, 0.0050642, 0.016076, 6.8466e-08, 2.7472e-08, 1.2237e-09, 2.0655e-05, 1.4545e-06, 1.6427e-08, 5.308e-11, 2.6201e-08, 8.5977e-08, 1.5813e-12, -0.0067217, 0.93049, 0.71997, 0.07069, -0.055119, 0.95366, 0.39762, 0.38856, -0.013679, -2.2286, -0.089867, 0.0013039, 0.84151, -0.13491, 0.025471, 1.4034, 1.0971, 2.0609, 0.45588, 0.38417, 6.7102, 7.0498, 1.0101, 0.017299, 6.7379, 1.7237, 0.049557, 6.4961, 3.44, 0.067351, 0.18374, 0.0025641, 0.16615, 0.01371, 0.017831, 3.062, 4.089, 0.035694, 8.8674e-05, 7.429, 0.30391, 0.00021515, 2.9545, 1.1809, 0.00016207
45, 2.5, 0.40676, 0.02239, 0.09999, 1.6667, 1.2244, 0.27604, 1.0993, 1.0333, 0.13156, 0.08957, 5.7613, 6.7531, 0.96533, 4e-05, 1.6708, 0.37848, 0.00531, 1.8544, 2.0371, 0.04489, 0.43965, 1.0335, 1.4347, 0.2633, 0.21364, 1.6195, 1.4587, 0.77096, 0.0097749, 5.2598, 0.72715, 0.019871, 3.3477, 0.98418, 0.052942, 0.16962, 0.94698, 1.4345, 0.12981, -0.05878, 1.6191, 1.4584, 0.77091, 0.0014278, 5.2578, 0.72693, 0.019859, 3.3474, 0.9837, 0.05294, 0.70969, 1.1199, 1.4348, 0.3968, 0.48605, 1.6199, 1.4589, 0.77102, 0.018122, 5.2618, 0.72736, 0.019883, 3.3479, 0.98466, 0.052944, 0.026951, 0.0027641, 1.2382e-08, 0.0065868, 0.027429, 6.8466e-08, 2.7472e-08, 1.2237e-09, 2.5752e-05, 1.4545e-06, 1.6427e-08, 5.308e-11, 2.6201e-08, 8.5977e-08, 1.5813e-12, -0.23923, 0.94396, 0.76419, 0.060297, -0.067361, -1.2587, -1.8674, 0.4602, -0.0061531, 0.77655, -0.17964, -0.0042557, 0.52038, -0.80326, 0.032002, 1.1185, 1.1229, 2.1051, 0.46631, 0.49464, 4.4978, 4.7848, 1.0817, 0.025703, 9.7431, 1.6339, 0.043998, 6.1749, 2.7716, 0.073882, 0.17035, 0.0029602, 0.16615, 0.015232, 0.029185, 3.062, 4.089, 0.035694, 9.3771e-05, 7.429, 0.30391, 0.00021515, 2.9545, 1.1809, 0.00016207
46, 2.8721, 0.36112, 0.03316, 0.07126, 3.3598, 1.0931, 0.39074, 0.90686, 1.8025, 0.34029, 0.27103, 0.10902, 0.57376, 0.92707, 0.02432, 2.6469, 0.27543, 0.00854, 4.1549, 0.62675, 0.03512, 0.30926, 0.92724, 1.3945, 0.23783, 0.28308, 2.2004, 1.4434, 0.80895, 0.018365, 4.5952, 0.67384, 0.017679, 3.2214, 1.0212, 0.051796, 0.048292, 0.90606, 1.3943, 0.15789, 0.21998, 2.2, 1.4431, 0.80889, 0.012036, 4.5933, 0.67363, 0.017667, 3.2211, 1.0207, 0.051794, 0.57022, 0.94843, 1.3947, 0.31776, 0.34617, 2.2009, 1.4436, 0.80901, 0.024694, 4.5972, 0.67405, 0.017691, 3.2217, 1.0217, 0.051798, 0.025171, 0.00016582, 1.2382e-08, 0.0023616, 0.0014715, 6.8466e-08, 2.7472e-08, 1.2237e-09, 1.4805e-05, 1.4545e-06, 1.6427e-08, 5.308e-11, 2.6201e-08, 8.5977e-08, 1.5813e-12, -0.36607, 0.89595, 0.72405, 0.065259, 0.18964, -0.67782, -1.8827, 0.49819, 0.003396, 0.11199, -0.23294, -0.0064478, 0.39412, -0.76624, 0.030856, 0.98458, 0.95854, 2.065, 0.4104, 0.37651, 5.0787, 4.7695, 1.1197, 0.033335, 9.0785, 1.5806, 0.041806, 6.0487, 2.8086, 0.072736, 0.16857, 0.0003619, 0.16615, 0.011007, 0.0032268, 3.062, 4.089, 0.035694, 8.2824e-05, 7.429, 0.30391, 0.00021515, 2.9545, 1.1809, 0.00016207
47, 1.5, 0.2238, 0.19459, 0.35, 0.60606, 0.51908, 0.64716, 1.0953, 0.66759, 0.37055, 0.22853, 1.3533, 1.721, 0.9395, 0.00031, 5.5333, 1.2725, 0.03525, 2.0683, 0.38267, 0.04736, 1.0757, 1.0471, 1.0554, 0.42142, 0.51057, 4.825, 4.0745, 0.81287, 0.0031451, 1.7402, 0.60979, 0.012196, 4.3948, 1.446, 0.067435, 0.68421, 0.95142, 1.0552, 0.27687, 0.21615, 4.8246, 4.0743, 0.81282, -0.0057201, 1.7382, 0.60958, 0.012184, 4.3946, 1.4455, 0.067433, 1.4671, 1.1427, 1.0556, 0.56597, 0.80498, 4.8254, 4.0748, 0.81293, 0.01201, 1.7422, 0.61, 0.012208, 4.3951, 1.4464, 0.067437, 0.056642, 0.0033818, 1.2382e-08, 0.0077229, 0.032038, 6.8466e-08, 2.7472e-08, 1.2237e-09, 2.9048e-05, 1.4545e-06, 1.6427e-08, 5.308e-11, 2.6201e-08, 8.5977e-08, 1.5813e-12, 0.34001, 0.94868, 0.38495, 0.21098, 0.20819, 1.9467, 0.74842, 0.50211, -0.01306, -2.7431, -0.29699, -0.01193, 1.5676, -0.34147, 0.046494, 1.8113, 1.1455, 1.7259, 0.63186, 0.81294, 7.7033, 7.4006, 1.1236, 0.019351, 6.2234, 1.5166, 0.036323, 7.2221, 3.2334, 0.088375, 0.20004, 0.0035779, 0.16615, 0.016368, 0.033793, 3.062, 4.089, 0.035694, 9.7067e-05, 7.429, 0.30391, 0.00021515, 2.9545, 1.1809, 0.00016207
48, 1.5, 0.48783, 0.05404, 0.09989, 0.83333, 1.3517, 0.32323, 1.0317, 0.92638, 0.14396, 0.09301, 2.0667, 1.2362, 0.7095, 0.00192, 4.0389, 0.07557, 0.04766, 3.5821, 0.18124, 0.03535, 0.4497, 1.0111, 1.1953, 0.14271, 0.021095, 2.5771, 2.5668, 0.85294, 0.0019143, 4.593, 0.63544, 0.026779, 3.0981, 0.91614, 0.054069, 0.12681, 0.93048, 1.1951, 0.038071, -0.18295, 2.5766, 2.5665, 0.85289, -0.0059341, 4.591, 0.63523, 0.026767, 3.0978, 0.91566, 0.054067, 0.7726, 1.0917, 1.1955, 0.24735, 0.22514, 2.5775, 2.5671, 0.853, 0.0097627, 4.595, 0.63565, 0.026791, 3.0983, 0.91662, 0.054071, 0.038535, 0.0024014, 1.2382e-08, 0.0040469, 0.015389, 6.8466e-08, 2.7472e-08, 1.2237e-09, 2.2767e-05, 1.4545e-06, 1.6427e-08, 5.308e-11, 2.6201e-08, 8.5977e-08, 1.5813e-12, -0.25188, 0.92725, 0.52483, -0.042601, -0.19427, -0.30118, -0.75931, 0.54218, -0.013758, 0.10976, -0.27134, 0.0026519, 0.27081, -0.87129, 0.033129, 1.1513, 1.0949, 1.8658, 0.32802, 0.23646, 5.4553, 5.8929, 1.1637, 0.017587, 9.0763, 1.5422, 0.050905, 5.9254, 2.7036, 0.07501, 0.18193, 0.0025975, 0.16615, 0.012692, 0.017144, 3.062, 4.089, 0.035694, 9.0786e-05, 7.429, 0.30391, 0.00021515, 2.9545, 1.1809, 0.00016207
49, 1.0909, 0.48746, 0.04962, 0.23736, 1.3889, 1.9415, 0.29156, 1.0984, 1.7059, 0.24344, 0.13139, 3.8893, 3.2826, 0.83134, 3e-05, 2.2426, 0.79954, 0.00415, 3.2734, 4.7786, 0.05464, 0.62496, 1.0722, 1.2818, 0.20558, 0.055125, 3.4269, 3.6442, 0.79867, 0.0008133, 3.0626, 0.63409, 0.029475, 3.3099, 1.5, 0.052593, 0.28742, 1.025, 1.2816, 0.12514, -0.052611, 3.4264, 3.6439, 0.79861, -0.0059015, 3.0606, 0.63388, 0.029463, 3.3096, 1.4995, 0.052591, 0.96251, 1.1194, 1.282, 0.28601, 0.16286, 3.4273, 3.6444, 0.79873, 0.0075281, 3.0646, 0.6343, 0.029487, 3.3101, 1.5005, 0.052595, 0.042112, 0.00082272, 1.2382e-08, 0.0023914, 0.0042901, 6.8466e-08, 2.7472e-08, 1.2237e-09, 1.6665e-05, 1.4545e-06, 1.6427e-08, 5.308e-11, 2.6201e-08, 8.5977e-08, 1.5813e-12, -0.083486, 1.0197, 0.61134, 0.032774, -0.072766, 0.5486, 0.31805, 0.48791, -0.014323, -1.4207, -0.27269, 0.0053481, 0.4826, -0.28742, 0.031652, 1.3334, 1.1247, 1.9523, 0.37838, 0.18302, 6.3051, 6.9703, 1.1094, 0.01595, 7.5458, 1.5409, 0.053601, 6.1371, 3.2875, 0.073533, 0.18551, 0.0010188, 0.16615, 0.011037, 0.0060454, 3.062, 4.089, 0.035694, 8.4684e-05, 7.429, 0.30391, 0.00021515, 2.9545, 1.1809, 0.00016207
50, 2.8721, 0.36329, 0.0662, 0.11496, 1.6931, 0.76282, 0.83845, 1.0956, 0.73846, 0.29644, 0.11805, 0.89469, 1.2249, 0.37925, 0.01313, 1.7344, 0.06094, 0.00806, 1.0827, 0.3166, 0.04606, 0.68538, 1.0234, 1.3809, 0.29907, 0.32905, 1.9692, 1.3809, 0.8014, 0.011556, 5.1118, 0.67003, 0.014431, 3.5729, 0.955, 0.057501, 0.35506, 0.93787, 1.3808, 0.20579, 0.15077, 1.9688, 1.3806, 0.80134, 0.0040188, 5.1098, 0.66982, 0.014419, 3.5727, 0.95452, 0.057499, 1.0157, 1.1089, 1.3811, 0.39236, 0.50733, 1.9696, 1.3812, 0.80146, 0.019094, 5.1138, 0.67024, 0.014443, 3.5732, 0.95548, 0.057503, 0.040328, 0.0027026, 1.2382e-08, 0.0032165, 0.011748, 6.8466e-08, 2.7472e-08, 1.2237e-09, 2.0998e-05, 1.4545e-06, 1.6427e-08, 5.308e-11, 2.6201e-08, 8.5977e-08, 1.5813e-12, -0.019654, 0.93482, 0.71047, 0.11993, 0.13791, -0.90906, -1.9452, 0.49064, -0.0039628, 0.62857, -0.23675, -0.0096955, 0.74565, -0.83243, 0.03656, 1.3904, 1.1119, 2.0514, 0.47822, 0.52019, 4.8474, 4.707, 1.1122, 0.027075, 9.5951, 1.5768, 0.038558, 6.4002, 2.7424, 0.078441, 0.18372, 0.0028987, 0.16615, 0.011862, 0.013503, 3.062, 4.089, 0.035694, 8.9017e-05, 7.429, 0.30391, 0.00021515, 2.9545, 1.1809, 0.00016207
51, 2, 0.45152, 0.01791, 0, 3.6667, 1.6696, 0.20329, 1.0274, 1.4025, 0.1762, 0.09344, 3.056, 0.78372, 0.79487, 5e-05, 8.3204, 1.1808, 0.02177, 1.2557, 0.77889, 0.04754, 0.46198, 0.98943, 1.2486, 0.17, 0.11019, 3.0981, 2.4052, 0.86659, 0.0066959, 3.9049, 0.63366, 0.026682, 2.7881, 1.0206, 0.046366, 0.021929, 0.91006, 1.2484, 0.092177, -0.041379, 3.0977, 2.405, 0.86653, -0.00050747, 3.9029, 0.63345, 0.02667, 2.7878, 1.0201, 0.046364, 0.90203, 1.0688, 1.2488, 0.24783, 0.26176, 3.0986, 2.4055, 0.86664, 0.013899, 3.9069, 0.63387, 0.026694, 2.7883, 1.021, 0.046369, 0.071572, 0.0023286, 1.2382e-08, 0.0022387, 0.0084909, 6.8466e-08, 2.7472e-08, 1.2237e-09, 1.9179e-05, 1.4545e-06, 1.6427e-08, 5.308e-11, 2.6201e-08, 8.5977e-08, 1.5813e-12, -0.30065, 0.90679, 0.57816, -0.0016004, -0.05631, 0.21987, -0.92087, 0.55582, -0.0086637, -0.57834, -0.27312, 0.002555, -0.039219, -0.76687, 0.025426, 1.2246, 1.0721, 1.9191, 0.34161, 0.27669, 5.9764, 5.7313, 1.1773, 0.022055, 8.3882, 1.5404, 0.050808, 5.6153, 2.808, 0.067307, 0.21497, 0.0025247, 0.16615, 0.010884, 0.010246, 3.062, 4.089, 0.035694, 8.7197e-05, 7.429, 0.30391, 0.00021515, 2.9545, 1.1809, 0.00016207
52, 3.2222, 0.25172, 0.01064, 0.28366, 8.0211, 1.102, 0.91395, 0.95172, 1.4745, 0.8379, 0.44171, 0.16887, 0.92549, 0.57554, 0.03074, 0.26259, 0.46662, 0.00478, 1.3805, 2.8794, 0.03739, 0.90477, 1.0258, 1.4497, 0.59544, 0.23807, 2.4266, 1.511, 0.81067, 0.0101, 2.2916, 0.57262, 0.020979, 2.495, 1.5215, 0.049046, 0.50465, 0.9276, 1.4495, 0.45826, -0.058121, 2.4262, 1.5107, 0.81061, 0.0010598, 2.2896, 0.57241, 0.020967, 2.4947, 1.521, 0.049044, 1.3049, 1.1239, 1.4499, 0.73261, 0.53426, 2.427, 1.5113, 0.81073, 0.01914, 2.2936, 0.57283, 0.020991, 2.4952, 1.5219, 0.049048, 0.059173, 0.003561, 1.2382e-08, 0.0069549, 0.032426, 6.8466e-08, 2.7472e-08, 1.2237e-09, 3.0205e-05, 1.4545e-06, 1.6427e-08, 5.308e-11, 2.6201e-08, 8.5977e-08, 1.5813e-12, 0.16446, 0.92494, 0.77924, 0.38999, -0.066032, -0.45167, -1.8151, 0.49991, -0.006202, -2.1916, -0.33416, -0.003148, -0.33229, -0.26598, 0.028106, 1.6451, 1.1266, 2.1202, 0.80088, 0.54217, 5.3048, 4.8371, 1.1214, 0.026402, 6.7749, 1.4794, 0.045105, 5.3223, 3.3089, 0.069986, 0.20257, 0.0037571, 0.16615, 0.0156, 0.034181, 3.062, 4.089, 0.035694, 9.8224e-05, 7.429, 0.30391, 0.00021515, 2.9545, 1.1809, 0.00016207
53, 2, 0.41772, 0.023, 0.10007, 1.6667, 1.3362, 0.39424, 1.0819, 1.0124, 0.15633, 0.10619, 1.7081, 2.0688, 0.95995, 0.00031, 2.3266, 0.3035, 0.04296, 3.1515, 0.4355, 0.05198, 0.48595, 1.0541, 1.3383, 0.26985, 0.139, 1.9323, 1.9007, 0.79155, 0.004644, 4.842, 0.72039, 0.023751, 3.1578, 0.94581, 0.051902, 0.25238, 0.98984, 1.3381, 0.17732, -0.017621, 1.9319, 1.9004, 0.79149, -0.0018091, 4.84, 0.72018, 0.023739, 3.1575, 0.94533, 0.051899, 0.71951, 1.1183, 1.3385, 0.36237, 0.29563, 1.9327, 1.901, 0.79161, 0.011097, 4.8439, 0.7206, 0.023763, 3.1581, 0.94629, 0.051904, 0.020163, 0.0015247, 1.2382e-08, 0.0031639, 0.009067, 6.8466e-08, 2.7472e-08, 1.2237e-09, 1.5392e-05, 1.4545e-06, 1.6427e-08, 5.308e-11, 2.6201e-08, 8.5977e-08, 1.5813e-12, -0.17927, 0.98583, 0.6678, 0.091098, -0.032111, -0.94595, -1.4254, 0.48079, -0.010378, 0.3587, -0.18639, -0.00037536, 0.33054, -0.84163, 0.030961, 1.1512, 1.1223, 2.0087, 0.44859, 0.31012, 4.8106, 5.2268, 1.1023, 0.019666, 9.3252, 1.6272, 0.047878, 5.9851, 2.7332, 0.072842, 0.16356, 0.0017207, 0.16615, 0.011809, 0.010822, 3.062, 4.089, 0.035694, 8.341e-05, 7.429, 0.30391, 0.00021515, 2.9545, 1.1809, 0.00016207
54, 1.6364, 0.47414, 0, 0.11639, 2, 2.6253, 0.50301, 1.0877, 1.029, 0.1498, 0.24911, 6.5807, 7.3334, 0.45435, 9e-05, 0.29581, 0.52061, 0.04239, 2.6967, 2.5021, 0.03835, 0.58123, 1.0093, 1.5263, 0.24259, 0.11623, 3.6531, 3.4981, 0.7108, 0.0030681, 3.2362, 0.76409, 0.025555, 3.7606, 1.7548, 0.044942, 0.20637, 0.93756, 1.5261, 0.14086, -0.053247, 3.6527, 3.4978, 0.71074, -0.0033613, 3.2342, 0.76388, 0.025543, 3.7604, 1.7543, 0.04494, 0.95609, 1.0811, 1.5265, 0.34432, 0.2857, 3.6535, 3.4983, 0.71085, 0.0094975, 3.2382, 0.7643, 0.025567, 3.7609, 1.7553, 0.044944, 0.051937, 0.0019031, 1.2382e-08, 0.0038251, 0.010616, 6.8466e-08, 2.7472e-08, 1.2237e-09, 1.5279e-05, 1.4545e-06, 1.6427e-08, 5.308e-11, 2.6201e-08, 8.5977e-08, 1.5813e-12, -0.14573, 0.93396, 0.85583, 0.058902, -0.066722, 0.77485, 0.17195, 0.40003, -0.011944, -1.247, -0.1427, 0.0014282, 0.93336, -0.032648, 0.024002, 1.3082, 1.0847, 2.1968, 0.42627, 0.29918, 6.5314, 6.8242, 1.0216, 0.01808, 7.7195, 1.6709, 0.049682, 6.5879, 3.5422, 0.065883, 0.19533, 0.0020992, 0.16615, 0.012471, 0.012371, 3.062, 4.089, 0.035694, 8.3297e-05, 7.429, 0.30391, 0.00021515, 2.9545, 1.1809, 0.00016207
55, 1, 0.16347, 0.19037, 0.24754, 0.61798, 0.48998, 0.82736, 1.0604, 0.99066, 0.53742, 0.87987, 6.8944, 6.156, 0.63443, 0.0015, 0.15951, 0.83283, 0.00335, 4.6741, 3.1688, 0.08227, 0.96319, 1.0677, 0.90134, 0.33246, 0.38239, 5.1495, 4.2903, 0.82501, 0.0013665, 1.5415, 0.69205, 0.013933, 4.2668, 1.1396, 0.06442, 0.55941, 0.97026, 0.90116, 0.18173, 0.082799, 5.1491, 4.2901, 0.82495, -0.007136, 1.5395, 0.69184, 0.013921, 4.2665, 1.1391, 0.064418, 1.367, 1.1651, 0.90152, 0.4832, 0.68199, 5.15, 4.2906, 0.82507, 0.009869, 1.5434, 0.69226, 0.013945, 4.267, 1.1401, 0.064422, 0.060262, 0.0035059, 1.2382e-08, 0.008398, 0.033175, 6.8466e-08, 2.7472e-08, 1.2237e-09, 2.672e-05, 1.4545e-06, 1.6427e-08, 5.308e-11, 2.6201e-08, 8.5978e-08, 1.5813e-12, 0.2209, 0.96758, 0.23087, 0.11773, 0.074976, 2.2713, 0.96422, 0.51425, -0.014643, -2.9418, -0.21473, -0.010194, 1.4395, -0.64782, 0.043479, 1.7055, 1.1677, 1.5718, 0.5472, 0.68981, 8.0278, 7.6164, 1.1358, 0.017376, 6.0247, 1.5988, 0.03806, 7.094, 2.927, 0.08536, 0.20366, 0.003702, 0.16615, 0.017044, 0.03493, 3.062, 4.089, 0.035694, 9.4739e-05, 7.429, 0.30391, 0.00021515, 2.9545, 1.1809, 0.00016207
56, 1.5, 0.40558, 0.01675, 0.09993, 2.2222, 1.9321, 0.17305, 1.0466, 1.8733, 0.2382, 0.13512, 3.8191, 1.7885, 0.90974, 0.00016, 9.8747, 0.84455, 0.02903, 1.4029, 0.77082, 0.04617, 0.42402, 1.038, 1.3316, 0.18684, 0.11646, 3.1276, 2.9814, 0.76559, 0.0029735, 3.5169, 0.75514, 0.026175, 3.3283, 1.2719, 0.04761, 0.14414, 0.98289, 1.3314, 0.10541, -0.0018194, 3.1272, 2.9811, 0.76554, -0.0033408, 3.515, 0.75493, 0.026163, 3.3281, 1.2714, 0.047608, 0.70389, 1.0931, 1.3318, 0.26828, 0.23474, 3.1281, 2.9817, 0.76565, 0.0092879, 3.5189, 0.75535, 0.026187, 3.3286, 1.2724, 0.047612, 0.028952, 0.0011228, 1.2382e-08, 0.0024513, 0.005171, 6.8466e-08, 2.7472e-08, 1.2237e-09, 1.4737e-05, 1.4545e-06, 1.6427e-08, 5.308e-11, 2.6201e-08, 8.5977e-08, 1.5813e-12, -0.25884, 0.97827, 0.66116, 0.013573, -0.02043, 0.24938, -0.34472, 0.45483, -0.01199, -0.96631, -0.15164, 0.0020488, 0.50105, -0.51554, 0.02667, 1.1069, 1.0977, 2.0021, 0.36012, 0.25335, 6.0059, 6.3075, 1.0764, 0.017937, 8.0002, 1.6619, 0.050302, 6.1556, 3.0593, 0.06855, 0.17235, 0.0013189, 0.16615, 0.011097, 0.0069263, 3.062, 4.089, 0.035694, 8.2755e-05, 7.429, 0.30391, 0.00021515, 2.9545, 1.1809, 0.00016207
57, 1.5, 0.46352, 0.02568, 0, 1.6667, 1.96, 0.14697, 0.93862, 1.8774, 0.17409, 0.06368, 2.4724, 1.7028, 0.802, 0.00162, 4.3654, 0.90577, 0.02128, 1.6462, 0.65813, 0.02756, 0.26433, 1.0441, 1.2723, 0.18906, 0.13616, 3.41, 3.0214, 0.81048, 0.0021748, 3.9821, 0.72249, 0.026165, 3.3327, 1.1169, 0.047115, -0.043612, 0.98004, 1.2721, 0.081186, -0.010585, 3.4096, 3.0211, 0.81042, -0.0047428, 3.9801, 0.72228, 0.026153, 3.3325, 1.1165, 0.047113, 0.57227, 1.1081, 1.2725, 0.29693, 0.2829, 3.4104, 3.0216, 0.81054, 0.0090924, 3.984, 0.7227, 0.026177, 3.333, 1.1174, 0.047117, 0.03505, 0.0015145, 1.2382e-08, 0.0043009, 0.0079588, 6.8466e-08, 2.7472e-08, 1.2237e-09, 1.7687e-05, 1.4545e-06, 1.6427e-08, 5.308e-11, 2.6201e-08, 8.5977e-08, 1.5813e-12, -0.4305, 0.97603, 0.6018, 0.001903, -0.025961, 0.53176, -0.30475, 0.49972, -0.013053, -0.5012, -0.18429, 0.0020384, 0.50547, -0.67049, 0.026174, 0.95916, 1.1121, 1.9427, 0.37621, 0.29827, 6.2883, 6.3475, 1.1212, 0.017402, 8.4653, 1.6293, 0.050292, 6.16, 2.9044, 0.068055, 0.17844, 0.0017105, 0.16615, 0.012946, 0.009714, 3.062, 4.089, 0.035694, 8.5706e-05, 7.429, 0.30391, 0.00021515, 2.9545, 1.1809, 0.00016207
58, 1.4984, 0.37675, 0.01222, 0.10354, 5.8333, 2.2134, 0.20309, 1.0727, 0.90803, 0.16488, 0.24723, 3.6461, 3.7001, 0.84247, 0.03474, 0.51528, 0.25225, 0.0357, 2.3685, 0.35004, 0.03355, 0.90536, 1.0453, 1.2349, 0.27179, 0.2302, 4.5069, 3.6774, 0.83651, 0.0057277, 1.4796, 0.63793, 0.03015, 2.7473, 1.5489, 0.041986, 0.39005, 0.94586, 1.2347, 0.15838, -0.074749, 4.5065, 3.6772, 0.83646, -0.0033827, 1.4776, 0.63772, 0.030138, 2.747, 1.5484, 0.041984, 1.4207, 1.1447, 1.2351, 0.3852, 0.53514, 4.5073, 3.6777, 0.83657, 0.014838, 1.4816, 0.63814, 0.030162, 2.7475, 1.5494, 0.041988, 0.098146, 0.0036518, 1.2382e-08, 0.0047542, 0.034371, 6.8466e-08, 2.7472e-08, 1.2237e-09, 3.0677e-05, 1.4545e-06, 1.6427e-08, 5.308e-11, 2.6201e-08, 8.5978e-08, 1.5813e-12, 0.096965, 0.94323, 0.56446, 0.081388, -0.082438, 1.6286, 0.35133, 0.52575, -0.010613, -3.0037, -0.26885, 0.0060232, -0.080013, -0.23855, 0.021045, 1.7138, 1.1473, 1.9054, 0.46219, 0.54283, 7.3851, 7.0035, 1.1473, 0.022069, 5.9629, 1.5447, 0.054277, 5.5745, 3.3363, 0.062926, 0.24154, 0.0038479, 0.16615, 0.0134, 0.036126, 3.062, 4.089, 0.035694, 9.8696e-05, 7.429, 0.30391, 0.00021515, 2.9545, 1.1809, 0.00016207
59, 2, 0.49951, 0.06108, 0.19991, 0.83333, 0.96807, 0.16696, 0.90218, 1.8568, 0.17693, 0.40423, 3.1611, 7.5046, 0.97599, 0.01148, 9.9237, 0.69141, 0.00254, 3.6812, 1.4146, 0.07318, 0.57511, 0.97894, 1.2757, 0.29457, 0.36924, 1.6888, 1.8776, 0.85354, 0.0057621, 5.147, 0.57262, 0.024801, 3.0194, 0.93948, 0.058652, 0.24295, 0.90063, 1.2755, 0.18157, 0.17603, 1.6884, 1.8773, 0.85349, -0.0018127, 5.1451, 0.57241, 0.024789, 3.0192, 0.939, 0.058649, 0.90727, 1.0572, 1.2759, 0.40758, 0.56245, 1.6892, 1.8778, 0.8536, 0.013337, 5.149, 0.57283, 0.024813, 3.0197, 0.93996, 0.058654, 0.040779, 0.0022662, 1.2382e-08, 0.0047199, 0.013798, 6.8466e-08, 2.7472e-08, 1.2237e-09, 2.1208e-05, 1.4545e-06, 1.6427e-08, 5.308e-11, 2.6201e-08, 8.5977e-08, 1.5813e-12, -0.13078, 0.89732, 0.60525, 0.10441, 0.1641, -1.1895, -1.4485, 0.54278, -0.0097752, 0.66378, -0.33417, 0.00067407, 0.19217, -0.84795, 0.037711, 1.281, 1.0606, 1.9462, 0.48473, 0.57437, 4.567, 5.2037, 1.1643, 0.021299, 9.6303, 1.4794, 0.048927, 5.8467, 2.7269, 0.079592, 0.18417, 0.0024623, 0.16615, 0.013365, 0.015553, 3.062, 4.089, 0.035694, 8.9226e-05, 7.429, 0.30391, 0.00021515, 2.9545, 1.1809, 0.00016207
60, 3.2222, 0.50973, 0.03901, 0.60514, 5.3474, 1.0246, 0.91038, 1.0359, 1.7268, 0.79504, 0.08872, 0.83795, 0.83529, 0.88552, 0.00124, 6.5068, 0.40163, 0.00603, 2.968, 2.8403, 0.07311, 1.2509, 1.0294, 1.6191, 0.60063, 0.23292, 1.054, 1.4263, 0.83019, 0.0072503, 3.407, 0.3274, 0.025926, 2.4455, 1.957, 0.061341, 0.83655, 0.92972, 1.6189, 0.44606, -0.080694, 1.0536, 1.426, 0.83014, -0.0018711, 3.405, 0.32719, 0.025914, 2.4452, 1.9565, 0.061339, 1.6652, 1.129, 1.6193, 0.7552, 0.54653, 1.0544, 1.4266, 0.83025, 0.016372, 3.409, 0.32761, 0.025938, 2.4457, 1.9575, 0.061343, 0.063457, 0.0036695, 1.2382e-08, 0.0088305, 0.036352, 6.8466e-08, 2.7472e-08, 1.2237e-09, 3.0752e-05, 1.4545e-06, 1.6427e-08, 5.308e-11, 2.6201e-08, 8.5977e-08, 1.5813e-12, 0.5028, 0.92709, 0.94863, 0.38318, -0.088176, -1.8242, -1.8998, 0.51943, -0.0090968, -1.0762, -0.57938, 0.001799, -0.38182, 0.16959, 0.040401, 1.999, 1.1316, 2.2896, 0.81807, 0.55401, 3.9323, 4.7524, 1.141, 0.023597, 7.8903, 1.2342, 0.050052, 5.2727, 3.7445, 0.082282, 0.20685, 0.0038656, 0.16615, 0.017476, 0.038107, 3.062, 4.089, 0.035694, 9.8771e-05, 7.429, 0.30391, 0.00021515, 2.9545, 1.1809, 0.00016207
61, 2, 0.3285, 0.05022, 0.15301, 1.5151, 0.98508, 0.2512, 1.0703, 1.9631, 0.1836, 0.13901, 1.6749, 2.4542, 0.92403, 0.00095, 2.2387, 0.05425, 0.04783, 3.9475, 0.49555, 0.04296, 0.71582, 1.0728, 1.2932, 0.34246, 0.38035, 2.061, 1.9617, 0.77409, 0.0071549, 4.4546, 0.74779, 0.020183, 3.3914, 0.92928, 0.055269, 0.44541, 0.99463, 1.293, 0.22817, 0.24552, 2.0605, 1.9614, 0.77403, 0.00099664, 4.4526, 0.74758, 0.020171, 3.3911, 0.92879, 0.055267, 0.98624, 1.1509, 1.2934, 0.45675, 0.51517, 2.0614, 1.962, 0.77414, 0.013313, 4.4566, 0.748, 0.020195, 3.3916, 0.92976, 0.055271, 0.027028, 0.0022557, 1.2382e-08, 0.0048279, 0.006719, 6.8466e-08, 2.7472e-08, 1.2237e-09, 1.4017e-05, 1.4545e-06, 1.6427e-08, 5.308e-11, 2.6201e-08, 8.5977e-08, 1.5813e-12, 0.03679, 0.99131, 0.62275, 0.15153, 0.22893, -0.81728, -1.3644, 0.46333, -0.0077432, -0.028665, -0.15899, -0.0039433, 0.5641, -0.85816, 0.034329, 1.3949, 1.1542, 1.9637, 0.53339, 0.53177, 4.9392, 5.2878, 1.0848, 0.022053, 8.9379, 1.6546, 0.04431, 6.2186, 2.7167, 0.07621, 0.17042, 0.0024518, 0.16615, 0.013473, 0.0084743, 3.062, 4.089, 0.035694, 8.2036e-05, 7.429, 0.30391, 0.00021515, 2.9545, 1.1809, 0.00016207
62, 3.2222, 0.19393, 0.00819, 0.0727, 8.0211, 1.0083, 0.51168, 0.94969, 0.8633, 0.5139, 0.32275, 2.7064, 2.5406, 0.94689, 0.00065, 2.6989, 0.5091, 0.00243, 2.5785, 0.86908, 0.03786, 0.7686, 1.0286, 1.3307, 0.41496, 0.20664, 2.8276, 1.3418, 0.83338, 0.010074, 2.6748, 0.66331, 0.018421, 2.5517, 1.1039, 0.045112, 0.35834, 0.93184, 1.3305, 0.27289, 0.049559, 2.8272, 1.3416, 0.83333, 0.0021877, 2.6728, 0.6631, 0.01841, 2.5514, 1.1034, 0.04511, 1.1789, 1.1254, 1.3309, 0.55703, 0.36371, 2.828, 1.3421, 0.83344, 0.017959, 2.6767, 0.66352, 0.018433, 2.552, 1.1043, 0.045114, 0.062211, 0.0034632, 1.2382e-08, 0.0074602, 0.0091194, 6.8466e-08, 2.7472e-08, 1.2237e-09, 2.2985e-05, 1.4545e-06, 1.6427e-08, 5.308e-11, 2.6201e-08, 8.5977e-08, 1.5813e-12, 0.022759, 0.92914, 0.6602, 0.20622, 0.035107, -0.050662, -1.9843, 0.52262, -0.0056177, -1.8085, -0.24347, -0.0057052, -0.27559, -0.68358, 0.024172, 1.5144, 1.1281, 2.0011, 0.62371, 0.37816, 5.7058, 4.6679, 1.1441, 0.025765, 7.158, 1.5701, 0.042548, 5.379, 2.8913, 0.066052, 0.20561, 0.0036593, 0.16615, 0.016106, 0.010875, 3.062, 4.089, 0.035694, 9.1003e-05, 7.429, 0.30391, 0.00021515, 2.9545, 1.1809, 0.00016207
63, 2, 0.42151, 0.03343, 0, 1.8333, 1.205, 1.7229, 1.0724, 0.55475, 0.16576, 0.15245, 1.6117, 1.9735, 0.98402, 0.00025, 5.2034, 1.6332, 0.04151, 2.2365, 0.22492, 0.06059, 0.40807, 1.0762, 1.228, 0.15196, 0.14393, 2.2666, 1.8731, 0.84378, 0.0058395, 4.9801, 0.69773, 0.023511, 3.0304, 0.71583, 0.051, 0.15377, 1.0486, 1.2278, 0.085878, 0.081905, 2.2662, 1.8728, 0.84372, 6.6664e-05, 4.9782, 0.69751, 0.023499, 3.0301, 0.71535, 0.050998, 0.66236, 1.1039, 1.2282, 0.21805, 0.20595, 2.2671, 1.8734, 0.84383, 0.011612, 4.9821, 0.69794, 0.023523, 3.0306, 0.71631, 0.051002, 0.023901, 0.00028292, 1.2382e-08, 0.0016142, 0.0014218, 6.8466e-08, 2.7472e-08, 1.2237e-09, 1.2317e-05, 1.4545e-06, 1.6427e-08, 5.308e-11, 2.6201e-08, 8.5977e-08, 1.5813e-12, -0.26471, 1.0402, 0.55756, -0.014644, 0.051214, -0.61162, -1.453, 0.53301, -0.0089034, 0.49688, -0.20906, -0.00061591, 0.2031, -1.0716, 0.03006, 1.0808, 1.1122, 1.8985, 0.31857, 0.23664, 5.1449, 5.1992, 1.1545, 0.020582, 9.4634, 1.6045, 0.047637, 5.8576, 2.5033, 0.07194, 0.1673, 0.00047901, 0.16615, 0.01026, 0.0031771, 3.062, 4.089, 0.035694, 8.0336e-05, 7.429, 0.30391, 0.00021515, 2.9545, 1.1809, 0.00016207
64, 1.0909, 0.5348, 0.02722, 0.26042, 2.7778, 2.531, 1.9837, 1.0164, 1.3649, 0.24098, 0.19673, 1.9762, 3.3331, 0.88062, 9e-05, 1.3004, 0.43418, 0.04711, 7.5541, 0.41746, 0.05992, 1.0643, 1.0346, 1.3672, 0.24779, 0.12111, 4.0863, 4.1816, 0.79463, 0.003744, 2.152, 0.58889, 0.03261, 3.1939, 1.8952, 0.048112, 0.68196, 0.95541, 1.367, 0.14936, -0.035132, 4.0858, 4.1813, 0.79458, -0.0035107, 2.15, 0.58868, 0.032598, 3.1936, 1.8948, 0.04811, 1.4466, 1.1138, 1.3673, 0.34623, 0.27736, 4.0867, 4.1819, 0.79469, 0.010999, 2.154, 0.5891, 0.032622, 3.1941, 1.8957, 0.048114, 0.054026, 0.0023172, 1.2382e-08, 0.0035814, 0.0090232, 6.8466e-08, 2.7472e-08, 1.2237e-09, 1.9453e-05, 1.4545e-06, 1.6427e-08, 5.308e-11, 2.6201e-08, 8.5977e-08, 1.5813e-12, 0.33344, 0.95213, 0.6967, 0.065914, -0.049654, 1.208, 0.85547, 0.48387, -0.01164, -2.3313, -0.31789, 0.0084834, 0.3666, 0.10781, 0.027172, 1.7951, 1.117, 2.0376, 0.42967, 0.29188, 6.9645, 7.5077, 1.1054, 0.019128, 6.6352, 1.4957, 0.056737, 6.0211, 3.6827, 0.069053, 0.19742, 0.0025132, 0.16615, 0.012227, 0.010778, 3.062, 4.089, 0.035694, 8.7472e-05, 7.429, 0.30391, 0.00021515, 2.9545, 1.1809, 0.00016207
