UniqueId,ar,lrr,srr,alr,sdr,smr,gamma,kappa,eta1,sig,lam,mup,sigp,rsmax,alpha,alpha1,alpha2,betam1,n,kappa_k,split
180,3.004926108374384,0.1686913008581607,0.0710831422421054,0.2108040209848178,1.3543859649122807,0.5104226432875383,0.9250530742193475,1.0100278070593465,1.201346814250846,0.4801905192603301,0.42971294654440495,1.8091989396726775,1.3105681585934577,0.7255481026472007,0.006492646535949128,4.0348384286233845,0.8096896130544771,0.008970078085896246,4.36360759314274,1.1536038277267753,0
151,2.0,0.0620035612233917,0.0967764362934645,0.5991211550533584,1.4705882352941178,0.5159503116463756,1.1685622017286426,1.0019782602488463,1.231578007104771,0.6132283526147972,0.28667261638567526,1.2568193364863927,1.163795303526999,0.5521725691370715,0.004345384331574852,2.405304809211097,0.9806628892084094,0.009367904914553513,2.348983194739883,1.901560474473302,0
225,6.557377049180328,0.1096144933023403,0.1447170835265416,0.5297747557185456,0.8112094395280235,0.1656912034910311,1.3088848283365313,1.023554524656494,1.267689662535067,0.7218210676389538,0.4455519236777254,1.262623988000197,0.4460077551349655,0.6324805391693297,0.0027151753273921735,3.7825537249610948,0.7948706460226289,0.014096601278566248,2.741353354233269,2.1275206965310387,0
219,6.557377049180328,0.1130376979162133,0.0344163403111726,0.2640687436957026,1.91740412979351,0.379560746716228,1.1391390841638294,1.0445429581856231,1.15278633394822,0.5578810455667718,0.5388218564467112,1.776774971330771,0.9027146898001939,0.7275718848100033,0.0057018739999505665,4.034048171684283,0.7939082198094619,0.01638265678959077,4.283219023385419,1.989013189131379,0
298,2.0,0.4108108108108108,0.0530674434728005,0.3899296105751435,1.0,0.9287197968509692,1.0596637194793317,0.989319931756109,1.2459996425423243,0.4167875688589758,0.35121353904855196,2.066469921740553,1.4140586300675988,0.6486033344499641,0.010874243786698021,4.663012547041918,0.7706371540757058,0.008811037610120215,3.586842594920672,1.0124255776634703,0
5,4.0,0.2728393348643067,0.1533523193616712,0.3800317796610169,1.3888888888888888,0.3176669416831,1.2012082907397161,0.9978518739227483,1.4430652202513166,0.5269083799333638,0.435982118678985,1.6932781576002784,0.9898138761787005,0.7163038238021248,0.0031839968401864384,4.768788107962678,0.8328546551799448,0.0061983810313450995,3.0925496330686495,1.224906847641928,0
292,4.0,0.2670959752321981,0.0419671533245282,0.1367352839256995,2.25,0.5111847310819113,1.0465074107241528,1.0178399587042943,1.3267434554461344,0.36657876941278456,0.5163667557149005,2.0677278027370125,1.4761684903562438,0.7935356620753428,0.006337315118518897,5.037492704060932,0.8193654722699986,0.00837830041344603,4.618727587311043,1.111068008996679,0
105,2.857142857142857,0.3961074481127173,0.0808182018164862,0.1407459535538353,1.25,0.7347613405349893,0.9001379135920846,0.9965613224000565,1.2628202024036121,0.4001592505818356,0.4569505343409252,2.378164385697816,1.2955432831725424,0.7817921847105348,0.009057903819193181,5.257257484763903,0.7206084183898953,0.007748490074448526,4.565465178869396,0.625214595107493,0
338,2.181818181818182,0.4834622950819672,0.0342494464672728,0.118681588778999,2.083333333333333,1.215604912243873,0.763505458625596,1.0013908874874584,1.0776527897689885,0.4071268501430487,0.45414217964315007,3.265159868312912,1.1277199135728724,0.7912027469469004,0.012796196277588292,4.539389511967462,0.7481925687024368,0.012733592331294204,4.559937725671105,0.6789094606334152,0
185,3.004926108374384,0.2895014983023511,0.1235664780549205,0.3624058628479151,1.336842105263158,0.487020578578339,1.122509212034538,0.9941927596001736,1.3811165285806002,0.4865959321480593,0.403611540121372,1.7847264226486184,1.1821788863473703,0.700459158198477,0.005174817839587295,4.593695538498116,0.8317688560316308,0.006227603598622346,3.315041748751369,1.108456967318865,0
169,4.7,0.3920207541420919,0.1786945821343354,0.4617046818727491,1.3333333333333333,0.3043874938185217,1.3681085751995323,0.9910530706476053,1.5727478187166324,0.513635336069533,0.44821549842860725,1.7229380925124187,0.8839388592644073,0.7135377223639643,0.0028893060451140712,5.559959262387111,0.8093927322248446,0.005207085527609755,2.564988540945382,1.2035599180258156,0
201,3.916666666666666,0.1229309503617101,0.048127705028581,0.0,1.3229166666666663,0.2754795386188717,0.8637301301362891,1.0211709237881208,1.2430010622920278,0.3886397423847694,0.5181148445000057,1.6326999948339347,1.5867374544506532,0.8111350297625013,0.0056932339154819375,4.906477228185727,0.7488594437506924,0.00734886265350361,5.585301652396033,0.9180741446024976,0
10,4.0,0.1681380388201257,0.0191754126063525,0.3,2.611111111111111,0.8301052803842227,0.9723682549606673,1.0319753312369424,1.0311786784676915,0.5585642261351351,0.4570564619252562,2.4412498161206484,0.9238876869513781,0.7027534646190917,0.008155609043692367,2.9085841025958468,0.8900973776942611,0.01701088485091394,3.8282621081508426,1.8373350235463546,0
13,4.0,0.1743354050109145,0.0563046054627113,0.5,1.6875,0.545196676134645,1.25146526611081,1.0160679620578899,1.2593507381137632,0.5361096171642097,0.391831300113788,1.5116209242623297,1.1642898215793878,0.6150584222975343,0.006039917329339099,3.631717913624671,0.8871291744839648,0.011846811477149792,3.01290964499756,1.9056698369817928,0
52,3.0,0.2173575308185968,0.0689416314726482,0.1055197132616487,1.5151515151515151,0.476614025346575,0.8976115856959902,1.0082550206441603,1.2663569481825532,0.40621856357560376,0.4692444309960965,1.9267554023421578,1.468460466203065,0.7818532133565016,0.006404434828042812,4.707845537862499,0.7876288301136444,0.006936690478222552,4.818923533273382,0.8633002770913832,0
103,3.00218818380744,0.2140899839599931,0.0800197660364509,0.3103875077353259,1.7894736842105263,0.5452513813835986,1.0552669953130058,1.006787119802912,1.282153781896183,0.4783248257136045,0.4190097427606223,1.860505598807008,1.270538928152333,0.7056359526011513,0.005769008087598523,4.041906262017541,0.8655780233458364,0.008489675840084848,3.6913720370004284,1.295802732636155,0
145,2.0,0.2384161954674675,0.1055673753920099,0.0997304626188199,0.913978494623656,0.5598902879369332,0.7576895322048443,0.9952113043732752,1.2041138738125514,0.4589726846878357,0.42179093198528517,2.066795860285029,1.3137329104186872,0.7742976197544946,0.0071461799029266795,4.4421552033333045,0.7517286601336132,0.006263069086754511,4.757627831601507,0.5790690306726753,0
243,2.5,0.2982027419539741,0.0648371249783425,0.3,1.6666666666666667,0.7993310527353875,0.972150426975339,1.0023874302333637,1.1960596957112382,0.4727829245262008,0.40138185171712903,2.231192622867856,1.2160628221943188,0.701707616954393,0.008517339858112696,4.024848632109386,0.8265139949307562,0.010165309980323433,3.7876602690153596,1.153609017609459,0
221,6.557377049180328,0.145549104829664,0.1036988580264688,0.3961170963114327,0.8849557522123892,0.218586913017501,1.2409040966033316,1.0274937613573596,1.2570030087785546,0.6232116310820851,0.48534314248896154,1.3734388397840662,0.7254931410009475,0.6784253809826156,0.004331196924174006,4.381920460526727,0.749212543912395,0.013670474001046139,3.5822227089921395,1.8919028757139649,0
170,4.7,0.3221984071085403,0.1786945821343354,0.4561824729891957,1.3333333333333333,0.2733674914912262,1.317817677006424,0.9956751864797428,1.5111696734334013,0.5560439535394197,0.44292237194120504,1.6771020363222893,0.8085382737571347,0.7064815630444791,0.0024566809543241953,5.061876704689979,0.8247352453413744,0.006309776084768657,2.6103916081404175,1.3208782075241317,0
354,4.498360655737705,0.3380501060049569,0.0697127772553846,0.1013856923953268,0.7916666666666666,0.3605814858759095,1.0547248371959996,1.006353977611053,1.3929367274804387,0.33992397099198,0.51499632868391,1.68147019824684,1.546991696394798,0.794972536133303,0.007231968175435354,6.278424796330191,0.6630381641038966,0.00583814539158522,5.093513431047811,0.7197058309902613,0
116,4.5600000000000005,0.0810530904626166,0.0432283149133955,0.2,2.083333333333333,0.3797668651711147,1.0171791015386953,1.0316958131441172,1.1913702125563508,0.4980515048036286,0.4961575355678721,1.7476995898135455,1.2282556174784907,0.7431077447861364,0.004939287244383711,3.7949052963448278,0.8550671253296102,0.01188849846771454,4.441751858655878,1.6150611864876767,0
203,3.916666666666666,0.126986024584079,0.064019931588114,0.0,1.3229166666666663,0.2216904579615003,0.877249141663006,1.0186183799409771,1.281719326041884,0.39092349183266634,0.520867474556856,1.608130659844279,1.565696336562174,0.8195744294235359,0.004930245157488681,5.013988972437213,0.7537201455165877,0.006359301946829009,5.497526793354431,0.8642015604890542,0
56,2.5,0.1771998033670012,0.0619122603563926,0.3999416569428238,0.9722222222222222,0.7321473083720326,0.9695901716381023,1.0057635278663504,1.0953227238626522,0.5605894487776599,0.344504550102763,1.7707229983526664,1.1425860504283847,0.6221140343419641,0.008553535773127051,3.220888626435218,0.8215054159608122,0.012047399063093106,3.5908101469406213,1.4798006612599788,0
3,2.181818181818182,0.3144747106706088,0.1056984444198435,0.4200200818722484,1.25,0.6398198520675843,1.119463834448104,0.9887286480037076,1.3493556448573658,0.47146433630111956,0.3571289816080112,1.79535913858199,1.2932091756661566,0.6596297819978065,0.006701775941530854,4.367303088406558,0.8442534382609215,0.0063513518102230535,3.1276871411714486,1.1150389225530297,0
310,6.0,0.3441574803149606,0.0613130043400603,0.0962448789721067,0.8641975308641974,0.2977465407273655,1.1295541996945437,1.0178772281455435,1.390419744440704,0.358465598868274,0.567538263144147,1.6955649715089673,1.386831083086758,0.8099935067277642,0.0071017497380829585,6.574331789912606,0.6287462243698012,0.008249960084489465,5.191835070290455,0.931815743936786,0
194,3.5,0.384310315315309,0.0964561764435013,0.1534090909090909,1.4285714285714286,0.5439715662059975,1.0162424848757536,0.9981918781058586,1.3819138836743734,0.3815107864755178,0.48531534918041636,2.1575266005297964,1.3376926005024077,0.7964846695919827,0.00694841948472704,5.662056119029554,0.7413797423849809,0.005941404787439972,4.413443953065936,0.6838487096518667,0
190,3.5,0.4177286036035967,0.1088761188952565,0.1111660079051383,1.3756613756613758,0.5119187778069219,1.003028190441016,0.9946508101484379,1.4235817524505032,0.3592873476752742,0.5002525057276913,2.2122381353167766,1.3570779306630119,0.8234771277542213,0.006707680305922597,6.038076527819889,0.72156183975511,0.004643678747005298,4.5508996569439235,0.5018865465432173,0
16,4.0,0.1832756821909614,0.0622669313159055,0.7,1.6041666666666667,0.4898662098732854,1.4818625098364966,1.010222922573429,1.3736529706350014,0.5397309167289701,0.3401367487447211,1.079943259966459,1.2456005692670553,0.5336167216318306,0.005119963692161913,3.6376801319357774,0.9385307053331333,0.010580928649128416,2.078434762998139,2.2096360070561154,0
108,2.857142857142857,0.3592035556302301,0.092457895035826,0.1255886970172684,1.692708333333333,0.6244439766092185,0.9273329831015076,0.9982292246753158,1.3245108227005251,0.39257801393326147,0.4739776664906007,2.341000124884432,1.32625817931534,0.8035502310966204,0.007142872405853421,5.185008974811161,0.7740920448131492,0.006352269025233101,4.459253682306519,0.6514315613592976,0
299,6.221498371335505,0.1134087342445483,0.0151915558654397,0.0504858467109986,2.083333333333333,0.2801831817963103,1.0222428815528837,1.0453908845429527,1.2057523167508735,0.4346011429323471,0.5948011087404168,1.8081455774765478,1.2847197613779477,0.8151082467486869,0.005506846190080617,4.797206624918437,0.7653812774994639,0.01305482194846727,5.368059576037133,1.5325884983721796,0
275,2.5,0.4794648829431438,0.0586290535352208,0.1998751877291194,0.8333333333333334,0.8566921589593827,1.1051277088001936,0.9864194221320195,1.2531396325007702,0.38131229028931224,0.3990521914630163,1.9502034696355521,1.360729186800798,0.7440355141986086,0.005965211661881735,5.589060768639057,0.6097642247969012,0.007367015259611512,5.041442580158887,0.4774612825023964,1
18,4.0,0.2908427573831176,0.137920212638798,0.199951171875,1.1111111111111112,0.3201972645977145,1.0465879361824486,0.9985337444377147,1.304193087108998,0.48054843774507977,0.4924524770802281,1.686758398233209,1.2330889861932413,0.790988322017372,0.004516664248204396,5.8156122926290825,0.7785139132462549,0.007213969423780985,4.274881694513557,0.7139349736368912,1
403,5.333333333333333,0.358330731385667,0.0540565044171587,0.0430849462315006,1.336842105263158,0.3701579875120211,1.1468760322047609,1.0025794915690867,1.4186205400557659,0.33259241596315214,0.5681074242735156,1.6382059648177778,1.1104604513164718,0.8401301104006667,0.0057866114841137505,6.584391232861026,0.666987844063135,0.00731932740067817,5.109060246040904,0.7443096973036631,1
61,2.5,0.1311400962741969,0.1105440648159523,0.2538860103626943,0.9722222222222222,0.4237856196418204,0.8892620915102106,1.006722278884457,1.1518680035200908,0.5538597249152936,0.3864528360596452,1.4445174306337778,1.280532159280063,0.7050639229808866,0.0051243905846464,4.107385333278469,0.8224594787558204,0.008846276160448632,4.198494355391661,1.0246253833850079,1
51,3.0,0.2445272221709214,0.0539543202829421,0.1187096774193548,1.5151515151515151,0.597758465289246,0.9493449898988471,1.0111609177915037,1.212412064093685,0.4340288925159261,0.45528842858537544,1.7018896081352233,1.2015006887531712,0.766779211416961,0.005779504569733215,4.680516102523831,0.7313282811592241,0.009171874941844927,4.986242667931939,0.8669537572543385,1
355,4.498360655737705,0.3380501060049569,0.0697127772553846,0.1013856923953268,0.7916666666666666,0.3605814858759095,1.1106129093514183,0.9934333572404647,1.4002977180741383,0.3575840051839254,0.496236068320666,1.4356389717024227,1.157363234488404,0.7990824061388979,0.00582366699732986,6.406847070880998,0.6766248328213204,0.005937253194840661,4.9276354768287085,0.6855218065485997,1
67,2.0,0.092643441806449,0.0610952943185552,0.3499095477386935,1.3333333333333333,0.6677504471434148,0.9225641421173049,1.0170342765377405,1.058762156058285,0.5914789946446382,0.33119427085648157,1.6134872803238702,1.3633929840761199,0.6251778992237242,0.0058730511294783185,2.6888086880185167,0.8191360012539183,0.01206171852746169,3.9388194084581114,1.4723468221319231,1
356,4.498360655737705,0.3380501060049569,0.0697127772553846,0.1013856923953268,0.7916666666666666,0.3605814858759095,1.1106129093514183,0.9934333572404647,1.4002977180741383,0.3575840051839254,0.496236068320666,1.4356389717024227,1.157363234488404,0.7990824061388979,0.00582366699732986,6.406847070880998,0.6766248328213204,0.005937253194840661,4.9276354768287085,0.6855218065485997,1
6,4.0,0.2575603321119055,0.0977384381116824,0.21,1.5,0.3870776191097969,1.0843463149385066,1.006664218299688,1.3247476423273543,0.45758437298534355,0.48574961860607346,1.6966249725455744,1.1884207951228083,0.766910002877803,0.005130861144232993,5.242001383041307,0.7843634732637405,0.008090909215215462,4.207476261822276,0.9877596192135238,1
246,2.0,0.1671789982056369,0.1128889111594765,0.5668934240362811,1.3123359580052496,0.5287605946555258,1.1752998089200886,1.0019213446914674,1.2848254858636028,0.5848165583669505,0.2877299876865781,1.632334296939589,1.3428041310144705,0.5770335828739805,0.005372010884804977,3.1571141983941535,0.8969288598698506,0.008202101626460958,2.5376608754087973,1.6068441885294393,1
333,1.6363636363636362,0.4711054313099041,0.0715158455443966,0.0,0.9722222222222222,1.0220362608387008,0.7950539871490843,0.9956296399922802,0.9977478931539733,0.42417299162252403,0.4446200889409285,2.2061101209437046,1.4202635144179707,0.8292268748068324,0.0052868959546310094,5.445522190157759,0.5690158887502539,0.009984296110289578,6.331948530289884,-0.057275758550371036,1
368,8.0,0.4487600395128919,0.0470554576445095,0.281132086683322,1.3333333333333333,0.3680043873427329,1.5297378481904498,1.0013746865132716,1.4846044992027463,0.3916136598730542,0.6080773955775554,1.9650854293288906,1.2927525359194412,0.7624751471135612,0.005881246070956666,6.720294851339244,0.6334347993996954,0.011222619112438688,3.860837599078969,1.433395517032431,1
218,6.557377049180328,0.1221849222836996,0.0354691608481178,0.1360733979908762,1.91740412979351,0.3190912240364358,1.0844389317143697,1.0333937993288045,1.192198341155375,0.5152732018852438,0.5966049954541105,1.716705866776554,1.2157600779701572,0.7691510434309337,0.005706805660410709,4.56452364825146,0.7566746183838886,0.015044795024527892,4.491874594804269,1.6450218188326322,1
191,3.5,0.3899827922941327,0.1016444947619922,0.1556734317343173,1.3756613756613758,0.5297706192504589,1.0875223920263728,0.996623336471164,1.3396981274892301,0.4000534899406513,0.48860254590874064,1.881346214688573,1.2104513502873893,0.8055488644236436,0.0050492107036434536,5.964433361572518,0.7170340098254954,0.006630715159063995,4.69259943215418,0.5540000823114846,1
306,6.0131578947368425,0.2654607560276389,0.040424478291429,0.0685014756456048,0.9329140461215932,0.3249960137095146,1.1067367158736285,1.007619923044586,1.3028955593610547,0.4056672826429118,0.5583854481646421,1.4645574191921802,1.2033798083582166,0.7977830609390409,0.006050053748449378,6.040697162475563,0.6560401274548886,0.01023176712396785,5.076286396995089,1.0453472055561606,1
146,2.0,0.2384161954674675,0.1055673753920099,0.1996648730139565,0.913978494623656,0.6246738967102624,0.8566835171305649,1.0016786623504417,1.0930464863638778,0.5265415840364465,0.38865635652451436,1.6914576575728788,1.3451458887595424,0.73322700238362,0.00509374515002659,4.429542559643356,0.7502584142186682,0.009089545826907191,4.764159431847722,0.6792097369715977,1
242,2.25,0.3030138521084592,0.0805124897633335,0.0784438402971174,1.5132275132275137,0.6706621734965332,0.8763476315554377,1.0065309190208513,1.1761756070761176,0.4313406740985045,0.4553545320823772,1.8592303316456802,1.2208225770509702,0.8024707437946637,0.0052632119075643104,4.9811288512621665,0.7220043180590467,0.008264434775710138,5.28422318154076,0.49588158198110555,1
20,4.0,0.2908427573831176,0.137920212638798,0.199951171875,1.1111111111111112,0.3201972645977145,1.0465879361824486,0.9985337444377147,1.304193087108998,0.48054843774507977,0.4924524770802281,1.686758398233209,1.2330889861932413,0.790988322017372,0.004516664248204396,5.8156122926290825,0.7785139132462549,0.007213969423780985,4.274881694513557,0.7139349736368912,1
120,4.5600000000000005,0.0810530904626166,0.0864566298267911,0.3,1.0416666666666667,0.2771842030326142,1.034343289175609,1.0149397471806094,1.191712201140251,0.5757473143585156,0.443371385307333,1.375107743296028,1.2884369989729139,0.6819992193883032,0.005461368351508701,4.101168877459004,0.8208986631370495,0.011458698359521438,3.772043738720324,1.5442513520582677,1
360,1.9912472647702408,0.2702272796515058,0.0580725998306886,0.3068922873330327,1.0526315789473684,0.7143460152890663,1.0472622454096199,0.9990787080328033,1.2244738271291824,0.46651214102816213,0.33878941644443233,1.6482885184892135,1.3143769846481144,0.6665156847936128,0.006107485760915049,4.0957110424019785,0.7381243776534105,0.008205605818499247,4.246150538183475,1.0406685357491345,1
171,4.7,0.3920207541420919,0.0877617316170006,0.4617046818727491,1.91919191919192,0.5080437016339787,1.4626641763582138,1.0004299673069743,1.5043624831552822,0.4376746709610361,0.4598232605443348,2.0620545406425466,1.2508810656479752,0.6862372718548955,0.00541558826722123,5.1688235502580655,0.7907492293889187,0.008017697853944121,2.8702651523045937,1.4593883545821975,1
402,4.698090692124105,0.1586245943791223,0.0438650292272484,0.1028987116985612,0.8466666666666666,0.3101990331631684,0.9942189191775576,1.0094550345565447,1.2621213071434925,0.43985019740326836,0.483537603482098,1.2297498991274658,1.1777947554845856,0.7551442525677968,0.00617588622653218,5.166985007585415,0.7184887404114944,0.009340706108697557,4.89787322864088,1.1306337609444137,1
60,2.5,0.1311400962741969,0.0458193498492474,0.2538860103626943,0.9722222222222222,0.7361143191322704,0.8609072168475743,1.0156701503346792,0.9650004451875218,0.5856185096936894,0.36277592471789977,1.641770364079339,1.4327369828071317,0.6559006059309421,0.0060220374908754645,3.0992426695067388,0.7333834888197744,0.013658752516633193,4.66721549156439,1.2738800196747733,1
222,6.557377049180328,0.1048966533891443,0.0747353491454496,0.4134537862030472,0.8849557522123892,0.2588162222221008,1.224476041543036,1.0170639485027673,1.1723273806826837,0.6323103369481102,0.48091912107543117,1.516549249566795,1.428506804138857,0.6369672454980484,0.00559707253355479,4.117252386395483,0.7825295638553513,0.015156477202263008,3.2240002312754297,2.004725737103362,1
401,4.698090692124105,0.163271043034654,0.0438650292272484,0.1028987116985612,0.8466666666666666,0.3159222419092595,0.996554315705629,1.0092181750110454,1.2621537030697596,0.43880620256836966,0.4839464846411618,1.240078267744343,1.180165153713379,0.7557673931332375,0.006172975390383084,5.184383145580947,0.7162286344868535,0.009343613693561742,4.904948015167252,1.122626168304952,1
304,3.75,0.7252189971496247,0.1155658853630965,0.2412019391271849,0.9909909909909907,0.570570012718192,1.4763253621013686,0.9611815762326906,1.723763959758387,0.20475101615312888,0.47733713315031384,2.0252928200462996,1.1519675640813454,0.82805705074323,0.005280021564965728,8.311469388925694,0.6218552583093482,-0.0006932567059934067,4.269301028168834,0.07158666806205116,1
337,1.6363636363636362,0.5032627986348123,0.076397473226608,0.1235422681829171,0.9722222222222222,1.0487633365439422,0.9237382478128845,0.9910762024855242,1.0566007658530823,0.43433644574534036,0.41049807252112025,2.2716978152873013,1.4595594197912534,0.7821009708881511,0.0053463789025309655,5.288571361907714,0.585272409295889,0.009602610715835019,5.692854045003076,0.13316880789379903,1
1,2.181818181818182,0.2913315501450661,0.0917997853321692,0.2597402597402597,1.3333333333333333,0.648662878889607,1.011479900933666,1.0011127630750905,1.227804887423786,0.47413330929330016,0.3917668914415001,1.8067178346611843,1.2830797630904713,0.7215077655668976,0.005345009891583704,4.528539058910791,0.7636977477836752,0.007931523770494955,4.327839202988996,0.8336406786590947,1
63,2.5,0.1311400962741969,0.1105440648159523,0.4229274611398964,0.9722222222222222,0.4826730477396071,1.018509644119888,1.0053326872163555,1.1615898215424685,0.6019499141939815,0.33522798809993193,1.5276769309893534,1.3679782453926908,0.627486276985157,0.0052591470674385925,3.477055905930536,0.8480708807533258,0.009818119071649275,3.376715541700235,1.389474173256846,1
220,6.557377049180328,0.1110559025167279,0.0344646971879723,0.3710381053557547,1.91740412979351,0.4106553964058349,1.2489189594984202,1.0328707481817154,1.1812537725699828,0.5939271586007422,0.5248028257726036,1.8403417974542606,1.3509449230055073,0.6581742621305551,0.0058869864395455634,3.569497649965931,0.7925964122176653,0.016893256765416156,3.369854103073882,2.176341115596978,1
374,3.0,0.3479286155432214,0.0730848949551309,0.0905565245626531,0.6614583333333331,0.5016320326049301,1.0031930857916393,0.989345759714042,1.3353700609496082,0.3588898480383239,0.43647705874448417,1.4464599291290792,1.184177902617055,0.7892605022488669,0.005845128457197852,6.05379697296457,0.6712162945222201,0.005008784092860397,5.19834984411949,0.44694803347004997,1
343,2.181818181818182,0.4772038834951457,0.0338060879369521,0.2342905150653379,2.083333333333333,1.183978597722823,0.9185066199120513,0.9991826800303014,1.208518036490017,0.39879275206531745,0.37971351614875687,3.5493747400580995,1.4684169999561725,0.6906830087063217,0.009022201103748783,4.050381306687869,0.5484971782721475,0.011863765694279505,4.2472663862991,1.014902877333708,2
156,7.637795275590553,0.1019904935522901,0.0084387754544073,0.339495040428016,6.047619047619048,0.4518303279873847,1.2112537338330325,1.0497414305671584,1.4713856496341013,0.6028721101780208,0.5487862907267775,0.6337696133236752,1.2085248077902677,0.5785371360460736,-0.006959812577971786,3.9503948200590235,1.0172501492816308,0.029555525872700182,2.999027441891811,2.777621590862508,2
119,4.5600000000000005,0.0810530904626166,0.0864566298267911,0.2,1.0416666666666667,0.2345321282928151,0.9746095407457412,1.0209926062885857,1.2134305468935376,0.5413330986617564,0.5190163833296156,1.489211378503384,1.3546193243461302,0.7354844029675957,0.005574473382635899,4.384381464876567,0.830576273312751,0.010812181003658912,4.239064540913871,1.3745424387175882,2
316,2.0,0.1370886075949367,0.0402103029328457,0.2075863966606189,1.7796610169491522,0.5540116198929973,0.9509316640627041,1.0119862149764436,1.3214175449966552,0.40518263511480984,0.4277093035202993,1.5430175025985584,1.2988049734250102,0.7042552962203107,0.005822640335814385,3.4995600937986433,0.8594308106407147,0.008371584606929562,4.486471800175556,1.223244118372337,2
168,4.7,0.3920207541420919,0.0893472910671677,0.4617046818727491,2.6666666666666665,0.5021850676314081,1.392996278681016,0.9989196043780977,1.5870668987478629,0.4245704331912147,0.4360863594806433,1.4068853061573452,1.3357416944856926,0.633807475117852,0.0014813896671753007,5.391221417283849,0.8270766852116055,0.010819126129671211,2.9695133765748642,1.5411295231312974,2
313,6.0,0.375175965665236,0.0668390691089069,0.1049193101240992,0.8641975308641974,0.2993806458761555,1.1197818228855594,1.0131563728287813,1.3965736953047512,0.3459840061263265,0.552066950684058,1.6770671418871308,1.3004783737410834,0.8081393612429563,0.00843997327212992,6.83307925130773,0.5875102939234893,0.007867503968115423,5.108855067212739,0.8994567715760241,2
186,3.004926108374384,0.2900073544936885,0.122203302279735,0.3624058628479151,1.3543859649122807,0.4911993082650706,1.130148950966438,0.9949037916858777,1.379307197115725,0.48265430783725943,0.43364943365750214,1.9201448217648263,1.4295573442296154,0.6905772489333429,0.00440390941128177,4.759290158945754,0.821219771404683,0.007086183890766479,3.356943642071403,1.117009765077598,2
152,2.0,0.0620035612233917,0.1533708310271086,0.5991211550533584,1.1718749999999998,0.3889716676777381,1.192859542790803,0.9944219096204537,1.2790950134478143,0.6698054337310567,0.37067461018083725,1.6449049173221353,1.4881302788588786,0.574814864201231,0.0019356476616084351,2.5424671907147305,1.0546530702001178,0.00833045637193173,1.9128523454928468,1.7066196563632103,2
172,4.7,0.3920207541420919,0.0877617316170006,0.2307322929171668,1.91919191919192,0.4865821391852996,1.142115214342953,1.0042597959296757,1.4507304180162983,0.39427774141248234,0.495329449903235,1.8202705437773983,1.3557069729958597,0.7422370852271714,0.004661233694798323,6.071154000323633,0.7016839629460947,0.00945405824420161,4.151240656011243,1.052317639680563,2
107,2.857142857142857,0.3755747632594899,0.0966717937371908,0.1313125786507632,1.692708333333333,0.626030019995597,0.9249251214380103,0.9992016877689269,1.3635359438008037,0.382147606809607,0.4777504372180197,2.25639540805993,1.4060604248676194,0.7835619425475107,0.005745262486008895,5.668317858055179,0.6953745858129543,0.00725310099263086,4.560147063110509,0.6648192558772205,2
184,3.004926108374384,0.2342701713145108,0.0763754601914743,0.1431876803128545,1.3543859649122807,0.5263526554590484,0.9046708523844562,1.0089566145882918,1.2740565029766657,0.4305180372407254,0.47744706263975956,2.0131360671990874,1.3738607963390446,0.7608280104526074,0.00660696940931957,4.718994572225325,0.747015743781845,0.00832830636732568,4.6119868954936525,0.9425841191234994,2
311,3.0,0.3582622950819672,0.1212577512007293,0.100189341225062,0.4838709677419354,0.3429884575496945,0.9830438041546393,0.9939405456677382,1.4230148005212653,0.33087955016711745,0.5034714648188101,1.7638915285819559,1.3734753752962494,0.8350165533857827,0.007567626036810341,6.5242104807226635,0.6943303285745565,0.0014931265237151624,4.926048817163197,0.3506526265082105,2
59,2.5,0.1771998033670012,0.1493699265541105,0.6289381563593932,0.9722222222222222,0.4249249110719393,1.308576707821167,0.9887534484276965,1.3517695449996143,0.6110747838688773,0.3630927468634946,1.7499346171025703,1.4795611294033666,0.5758363776696545,0.0031802164447915582,3.245049656485245,0.9715658120431767,0.006952459341476315,1.94017387137165,1.618405586114528,2
125,4.5600000000000005,0.3242123618504666,0.0432283149133955,0.2,2.083333333333333,0.7609223826520778,0.968783424879119,1.016912801399502,1.2060264071499938,0.4782143264946989,0.4742740801599939,2.651600043112489,1.4020645746854037,0.7091368337610673,0.006805947327400541,4.5423213104880915,0.6334164060265415,0.014925344407075046,4.288049907700087,1.3643376235188218,2
57,2.5,0.1771998033670012,0.1493699265541105,0.3999416569428238,0.9722222222222222,0.4198635096689885,1.0605960668435208,0.9953005183930319,1.2741600427479631,0.5820100861429501,0.42837884251825037,1.9689343281711154,1.484961584505211,0.6759089474682071,0.0039285428958278495,3.9886211096169264,0.8999124297648825,0.007159730810734398,2.9645685580588577,1.2031828623628797,2
27,1.5,0.1297515587048026,0.1396953113777115,0.3332038834951456,0.9696969696969696,0.5047089002602484,0.9176020636120691,0.9970047490716086,1.2011687332204897,0.5815334475809456,0.41874654515039633,2.1567359108012205,1.494503830959473,0.6916842572443199,0.004569650553313887,3.431983824821093,0.9086418900832794,0.006990065503840006,3.2823054625804406,1.090683732326179,2
11,4.0,0.2344538404375138,0.1105359379490836,0.2230565371024735,1.95,0.3428120328803654,1.0416507075032937,1.0078538440307945,1.3989850044964722,0.4706384228973891,0.505461718324069,1.461651123838609,1.365818575990954,0.7414076783844935,0.0026146041013764363,5.35555905335287,0.8442918256908674,0.00954155524010431,3.9512568838490134,1.121781410558826,2
176,3.004926108374384,0.1622985079540362,0.0535658231327001,0.0495093276968009,1.336842105263158,0.45659162347404,0.8223246869269153,1.0172101981323558,1.249669720194436,0.4045605624603422,0.5007277222352655,1.747979756029299,1.3191756063369395,0.7892027140877252,0.007155879750786616,4.586804129778185,0.7586856613842935,0.008458357692784179,5.1902660585156575,0.9211809390920197,2
32,4.0,0.20693024755868,0.0416846908295117,0.0320060483870967,1.851851851851852,0.4528985576643131,0.8687595848662902,1.0217464074201694,1.2989378706321406,0.3871940464985054,0.5258672377436865,1.648601912272737,1.289911437169394,0.7919503009036035,0.006206595573756624,5.102406328543312,0.7299524914989435,0.010658408115857916,5.2655849930109255,1.0205075082333999,2
7,4.0,0.1446348721033339,0.0354417751862286,0.1,2.023809523809524,0.4865796836601485,0.8814280151204076,1.0254318748459739,1.2424461750612585,0.45044731762796,0.5068624192025462,1.6982672683014963,1.3037433059329444,0.7465013821640692,0.005626623047720249,4.270249282100271,0.775288476672323,0.012888669273014264,4.861741826471814,1.3125596966382254,2
397,4.698090692124105,0.1385867845521421,0.0438650292272484,0.0,0.8466666666666666,0.1979925176808568,0.9049935377515937,1.0255755897445806,1.2859155366469728,0.37625554262711897,0.5579511396997822,1.2268124717787634,1.2470897117634856,0.8229550752664374,0.008194275971945187,5.4342662793551115,0.7235524299866646,0.008030010171036064,5.640985895292953,0.9682419901436773,2
2,2.181818181818182,0.1625545605881891,0.0837095781636363,0.2139976843534155,1.0416666666666667,0.523924079239485,0.9064846335245739,1.0063027651534056,1.230229607162692,0.47298063786073835,0.4424749320434432,2.0048537539789715,1.395492400861798,0.7272189725999059,0.006796326185785819,3.8577801391536966,0.8114546059458766,0.007355349550200608,4.254820967655629,1.0427678714203885,2
95,5.495081967213115,0.1831290196430993,0.0442796912618901,0.265758905909403,2.2280701754385963,0.4151514406429186,1.1184085709046987,1.0248680049267143,1.3132252449418376,0.4993637836894417,0.5009294162205284,1.5132925578842424,1.304818850767544,0.6811969006400157,0.0041678564672317335,4.449800760793966,0.7909517360756377,0.01507939518075047,4.005170466733423,1.7235470555296952,2
215,6.557377049180328,0.1253585566287307,0.0788459484654048,0.1396077719646652,0.8849557522123892,0.1852231555536475,0.9786229259011477,1.0303009896639355,1.1475258558515642,0.5666840927113035,0.5774726154599976,1.729288627154024,1.3613453682959593,0.7644784148985809,0.006793044291785312,5.176331147368591,0.7110171590463351,0.013872318296984985,4.5332317927110415,1.455334820462887,2
192,3.5,0.3943482713123507,0.102782306270522,0.2098880597014925,1.3756613756613758,0.5461286297716522,1.0567088928854995,0.9969911563629166,1.4019555682670557,0.38784187285901023,0.4727288523884223,2.114348013544163,1.3999919551529896,0.7610701180473138,0.006093739271513206,5.861409904702396,0.6898974691643107,0.006582037575063468,4.258396883169757,0.7820597459037123,2
106,2.857142857142857,0.4387811167960234,0.1318346917131431,0.1530612244897959,0.8333333333333334,0.56355573833565,0.9654584332237149,0.9892600126769153,1.3683356789328127,0.3791043768618211,0.4789930979662823,2.4481460591171587,1.4572287237038481,0.8075879205395541,0.00721384064150256,6.334246228023867,0.6448083528577224,0.003797493265689001,4.457792340945288,0.3974437072251487,2
173,4.7,0.4130338227186827,0.0877617316170006,0.4617046818727491,1.91919191919192,0.5235228037703472,1.3917676435977828,0.9966790293846803,1.5262193042654335,0.4201025606717962,0.42704940663244784,1.702409543161852,1.3586236146352317,0.6420751460478036,0.004120211665146029,5.382694021845054,0.7557084961396635,0.009282439235038674,3.118254678116929,1.4471841971988049,2
148,2.0,0.1460085905369636,0.0932920991836366,0.1924887570705374,0.913978494623656,0.522222778820876,0.8505483854464155,1.0061706983138703,1.1891003061474792,0.49443086438942324,0.4482977435939479,2.1203471718296516,1.419708706290581,0.7388940262832949,0.006899163193107353,3.8048190731155582,0.8124124985165376,0.007262872162340317,4.282097998612157,0.9776799206085455,2
24,3.0,0.1983908359909642,0.0925306247446441,0.2999922762029814,1.25,0.46631047512654,1.0491906396497768,1.004668641095607,1.3047836930032346,0.48491170580457765,0.44320901427105724,1.8100993163701176,1.3886278028210735,0.6975574166443096,0.005519591258683184,4.180379600288859,0.8273907860732166,0.008130571694824328,3.79683368858059,1.220561421402992,2
118,4.5600000000000005,0.0810530904626166,0.0864566298267911,0.3,1.0416666666666667,0.2771842030326142,1.0585039500434401,1.0187782768640934,1.2109038207422476,0.5726431848473513,0.4887094523956488,1.5618287102911264,1.3709767708627916,0.6886122772681817,0.0054524545019512885,3.922515949014688,0.8487408295208961,0.011436010708326656,3.751952010095609,1.5782116500294099,2
300,6.221498371335505,0.1215541129471953,0.0162826620878193,0.0947891248821173,2.083333333333333,0.3157237110615077,0.9824328849659772,1.0383811755106103,1.2458553489765989,0.4715619766288211,0.5603507009043727,1.3569245653670237,1.2478029671584028,0.7441751451152849,0.005576502331951164,4.75663026943991,0.7414083533666498,0.01614689018427004,4.972356612267586,1.6351645359269222,2
293,4.0,0.3195259259259259,0.0903692701588175,0.6130412622798932,1.25,0.3761674710296161,1.553208080550402,0.9913694654729759,1.5804701177444775,0.4246278867885508,0.37444580994465115,1.1464663824528825,1.3211831758748462,0.5829316863798257,0.004579418738455916,4.524593516509264,0.8677565913181089,0.00576987006351546,2.601531603995456,1.6513349556277361,2
399,4.698090692124105,0.1586245943791223,0.0438650292272484,0.1028987116985612,0.8466666666666666,0.3101990331631684,1.0910710375889083,1.0188704727439102,1.2859545498696847,0.41767422208774996,0.4967271541259876,1.4050630274821247,1.5266209975300085,0.7521512461100988,0.007346799110265876,4.5547445891841685,0.640482644224245,0.01022884764441875,4.966991922614993,1.038015822091806,3
393,4.0,0.1858771686293372,0.0271121384510969,0.0602358454613318,1.653645833333333,0.4710391434239153,1.0671774411442791,1.0241297892070487,1.2938424874914234,0.3838887011220957,0.5089856277520199,1.620679974837171,1.3530991222954012,0.7836229010332584,0.007606890622532638,4.2940825226136665,0.6761431361639408,0.010159791288667615,4.912367894006557,1.0158950821764716,3
383,6.58,0.1525532444444444,0.0518292974672236,0.4187543391573424,1.0416666666666667,0.2796412016605888,1.347444056890864,1.0235725401800138,1.2667948114522671,0.5450675108775103,0.47707896189755444,1.6699737913362243,1.5743035097237996,0.6244777903495304,0.005315006550870892,4.063717545073772,0.6757794190820053,0.014513144378837835,3.6854907047244465,1.9452506354361951,3
379,3.0,0.2677432121212121,0.0485525062547868,0.0428700183412512,1.1228070175438596,0.5041050008447017,1.0242935751604911,1.011275691221973,1.3543970337987652,0.3339988312801097,0.47527449764783797,1.572603833687754,1.40168020061474,0.7995558537503076,0.008527037497446526,4.930500890315454,0.6478550085575729,0.006776909464884191,5.006378908436469,0.5604386069938586,3
4,2.181818181818182,0.2863727152489799,0.1659730037840862,0.5999648320731493,0.8611111111111112,0.4673636988438908,1.1851068291866111,0.9833471605506824,1.352488735269656,0.5719878640887301,0.3326088170314373,1.7177246519484979,1.3687314386715417,0.5893640974800535,0.004196940974420818,4.161509862512124,0.8683899992521165,0.0053461210454477485,2.30877763519134,1.197738267501225,3
365,1.9912472647702408,0.720349014975276,0.1720176062206572,0.3333892619100884,0.5249343832020998,0.6811417752409096,1.1523010101763798,0.9685441380199746,1.6253176574737576,0.2757691327475534,0.40194858160670327,2.2789624944073212,1.4279034677166336,0.7904640260509407,0.007868873494437741,7.876377794931482,0.6100814691074743,-0.001153749595463824,3.496981130070475,-0.12544505932895667,3
155,2.0,0.0620035612233917,0.1971910684634253,0.3496965892446118,0.9114583333333331,0.2932052623748773,0.7156375601675211,0.9879207953451671,1.0798283963490856,0.701556804063111,0.40103401481686185,1.636332216225905,1.3373904558613439,0.6636130270236719,0.0019181871471303097,3.361884327888271,0.952063076534231,0.007915319061722902,3.442036132381241,1.126104951546447,3
23,3.0,0.199010807353436,0.0759434587747945,0.1,1.5277777777777777,0.4246670963405309,0.9991902232809873,1.0110350104931514,1.3141755628288716,0.4113406893043129,0.48177647940874063,1.5240142166000883,1.30731034468811,0.7824216825612066,0.006547802941370014,4.464760012642981,0.7454401738841597,0.007358205940111735,4.535525583674941,0.7882217092543686,3
178,3.004926108374384,0.1629687346048603,0.0686717672102935,0.1020053828777415,1.3543859649122807,0.4338326201985894,0.9664964853091399,1.012498703972701,1.264906632516542,0.43426175707955444,0.471477765718494,1.523870631789186,1.34753429985475,0.7647174702701903,0.006716429304803715,4.134050862506068,0.7409277426281848,0.00829061659609675,4.652501167268085,0.865917582749075,3
387,6.58,0.1525532444444444,0.0748813269748844,0.4187543391573424,0.7374631268436577,0.2166850372099689,1.2936629341013368,1.017965359217089,1.2533412673117086,0.5669817323541037,0.4750327000031823,1.634286414799333,1.6213024117422687,0.626710574335056,0.004834991162593239,4.308188885341581,0.6773126126904365,0.013909854280888322,3.726197817097131,1.8495013313727087,3
392,4.0,0.1858771686293372,0.0541390186051779,0.1204716909226637,0.8281249999999999,0.3372935707327432,1.0982558854034739,1.0134449591131922,1.3257851773961722,0.3991001032047231,0.4747670071810741,1.351557566184666,1.4933330515579901,0.7514050060792414,0.007520483247818305,4.629517298795194,0.6603784856471314,0.008439453148845574,4.783689781689508,0.8838636852772521,3
346,4.498360655737705,0.3147363055908219,0.064904999513634,0.0943935756784077,0.7916666666666666,0.3591616971926681,1.1309911866101898,1.0095540049375251,1.4061459026377243,0.3405545429119148,0.5032606427332291,1.5639348487512441,1.518417603611627,0.795728637433047,0.007863085267667973,5.791940179509439,0.5928705197925714,0.007313168981911894,4.896245579537672,0.6583728157914706,3
385,6.58,0.1525532444444444,0.0785398163397448,0.2093771695786712,1.1111111111111112,0.1734527065755909,1.1306596616437194,1.0213881108068121,1.2412413508590434,0.5218392218670506,0.5462189330714174,1.6534660283870357,1.5431769963939734,0.7324003117158547,0.004652878122353121,4.871159288936237,0.6654143351129608,0.013317939182392834,4.4925550149249815,1.5130256305380656,3
238,2.25,0.3038463077461198,0.0606032332957975,0.1579101143550272,2.0158730158730163,0.8362216298696364,0.8767289840230567,1.0130248823378871,1.203274934632263,0.43891313840888624,0.4544157024443244,2.4177462780969647,1.220369269633753,0.7615727205101053,0.007280208911721648,4.0318879882582825,0.7360536793260422,0.009808989753805104,4.4175364927728,0.9517036266713552,3
22,3.0,0.199010807353436,0.0759434587747945,0.1,1.5277777777777777,0.4246670963405309,0.9991902232809873,1.0110350104931514,1.3141755628288716,0.4113406893043129,0.48177647940874063,1.5240142166000883,1.30731034468811,0.7824216825612066,0.006547802941370014,4.464760012642981,0.7454401738841597,0.007358205940111735,4.535525583674941,0.7882217092543686,3
396,4.698090692124105,0.1540837093423177,0.0440149831610284,0.0,0.8912280701754386,0.2172556643312284,1.0799559177663092,1.019259551945521,1.337020361370836,0.3675795584883038,0.5270411683529093,1.1787328549647325,1.5074812981448273,0.8041557131498968,0.007513450593635493,4.976027239304176,0.629223202137976,0.00876610214621084,5.2997468600014495,0.7932816039949264,3
367,8.0,0.4330534381299408,0.0301588581406785,0.2712924636494057,1.3281249999999998,0.4633707614260111,1.382459678175296,1.027346078365888,1.390385808581796,0.3858380920277674,0.5693007525212475,2.38739099885306,1.603066149175993,0.74822763920014,0.007170224696646826,6.348037467778769,0.4788843893364434,0.014490992391589876,4.451757280989639,1.5516387246232834,3
96,5.495081967213115,0.1913993624656909,0.0735869484928307,0.277760921014989,1.3333333333333333,0.3153005960815045,1.1819200089468855,1.0181122365332267,1.282141748337252,0.500067207391972,0.5013550489185199,1.714215589644129,1.4589220752639211,0.7064683583347682,0.005250621898750058,4.540581173628299,0.7007896211749141,0.011896036037902694,4.055283938888495,1.4755273794972419,3
50,3.0,0.2173575308185968,0.0689416314726482,0.1055197132616487,1.5151515151515151,0.476614025346575,1.000258894936504,1.011764271483805,1.307460038699546,0.405774644177953,0.477496638438294,1.623652789074367,1.3169972750711252,0.7784200355472856,0.006898704593832725,4.4591148119890205,0.7291850646566018,0.007714655096092513,4.569211867425361,0.8036734398578393,3
312,3.0,0.3597366255144033,0.1217567542920903,0.2003649390562659,0.4838709677419354,0.3737755729378513,1.079446564527699,0.9909660813602925,1.437720911362404,0.3732610750355324,0.4401969678557754,1.5245031677134495,1.4862061696774407,0.7659835680014019,0.007049830086401932,5.911011401498014,0.6687090772942466,0.0036881108278375187,4.254626955591483,0.4003268050368919,3
307,3.006578947368421,0.2770698269909468,0.0885409955126088,0.0714971670003689,0.4712041884816753,0.3528457468796157,1.0085903269158591,0.99967183804001,1.3842482642455542,0.3523148112074819,0.4607510386210508,1.355750538885411,1.501866395672907,0.7931834565513816,0.007898793959958447,5.480354103509631,0.6461660124998069,0.004777256986025911,4.921835624807094,0.36183467046142803,3
62,2.5,0.1311400962741969,0.0458193498492474,0.4229274611398964,0.9722222222222222,0.8003933063062444,0.9640437317688167,1.0133688459500476,1.046559990519612,0.6004235629595689,0.34333772376729677,2.2087444671827083,1.4483054180110304,0.5717513721432939,0.007148346804312188,2.1555573415850633,0.7685984294649095,0.013630819998126317,3.789976493653663,1.6793519497005758,3
19,4.0,0.2908427573831176,0.137920212638798,0.199951171875,1.1111111111111112,0.3201972645977145,0.985968745944379,0.9988148892060861,1.3245371081339532,0.4719745290607688,0.49545895116459215,1.777722416723364,1.4058166049798786,0.7752964393554144,0.004751581846224326,5.569914095869223,0.7285224225535715,0.007117634336667645,4.169730717496318,0.7941542382233202,3
115,4.5600000000000005,0.0810530904626166,0.0432283149133955,0.3,2.083333333333333,0.4378615678539381,1.1674306312288683,1.0279511530617105,1.2086083245331523,0.5374265551725331,0.4780855757282622,1.6957049528182133,1.2910304632106235,0.6725000426731341,0.005123726325159925,3.024425973243112,0.7995707449329241,0.013476772936010888,3.774202252348329,1.7881376636458357,3
167,4.7,0.2613471694280612,0.1340209366007515,0.1995198079231692,1.3333333333333333,0.2656232507328804,1.0112205446069744,1.0041453566359535,1.3096169625237466,0.4922704637100636,0.5223744843606082,1.781074572346923,1.3932454189546992,0.7777738303274477,0.0041097300624453655,5.504659915594688,0.7349987852660912,0.008528933931511664,4.150544581796364,0.9787939645166339,3
359,6.0,0.2932552861349178,0.0410696419055504,0.1481933204537532,1.0,0.3835846773122155,1.1874808220050184,1.0210226723886477,1.335163783141488,0.3914538587544188,0.5314163979163669,1.848452639726795,1.5636820583177669,0.7650831667299757,0.007433402317061402,5.508169423318636,0.5604136672345374,0.011595451731804818,4.868504052034133,1.1530688833775289,3
179,3.004926108374384,0.1683970547377035,0.0718760734945415,0.2108040209848178,1.336842105263158,0.5063099927134541,0.9945383162789374,1.0114703836385723,1.229724433735738,0.4817167324903688,0.4419359244338419,1.7051068767657211,1.357655462958401,0.7136633331561876,0.006415692962833401,3.7635681714985045,0.7591425811191921,0.00941855275225659,4.250053670980614,1.1009219761564564,3
223,6.557377049180328,0.1046092652976672,0.1531450577347175,0.4123210361038607,0.8112094395280235,0.1496013067124592,0.9700271325359459,1.008971611556309,1.070612960926339,0.7253974051255834,0.5041771255059978,2.006105217727177,1.580591704085804,0.6451510597062196,0.0015278214841564514,4.2991801019738505,0.7726856047771722,0.01529106034449974,3.699912182004298,1.904533272791886,3
241,2.25,0.3030138521084592,0.0805124897633335,0.0784438402971174,1.5132275132275137,0.6706621734965332,0.8479326917754755,1.0063188366750995,1.2558242882265347,0.40398858765812173,0.46704374172611945,2.084735971334418,1.2958006047587312,0.7995164866335173,0.007353529016350339,4.710129286291712,0.7099638726183854,0.007456732160115552,4.762963725519143,0.600862450740519,3
136,3.8278688524590168,0.3547213947733016,0.0546170367251115,0.2324374614267423,2.305555555555556,0.7295960902153189,1.1094435200785562,1.0182975933748468,1.3153593069210014,0.41296886222411244,0.49233705051720134,2.376495550710897,1.226940452899675,0.7578394923853803,0.0067144082903624145,4.671543300670805,0.7054582347160854,0.010533881918979908,3.9980932546432086,1.2019188578156432,3
373,4.0,0.4461052047104093,0.0649668223262135,0.0722675411254063,0.8281249999999999,0.5317759914540684,1.0533333745001479,1.0039424637769778,1.4592922122755885,0.28117701819491614,0.4761661127561972,1.9706423491913354,1.4219482081021941,0.842778913207352,0.009114577585228429,6.8229739783542716,0.5609342243000044,0.005613419682312822,4.846102611207427,0.44306975152098893,4
21,4.0,0.2908427573831176,0.137920212638798,0.199951171875,1.1111111111111112,0.3201972645977145,1.0166465082874696,0.9983680477589132,1.2943391056110383,0.47676938305681793,0.519878178066872,1.6605884794448638,1.3763295790867711,0.8055807443341968,0.005429629855581574,5.375639101424528,0.7593396673521962,0.0075850662021413225,4.426469396556219,0.7568438655715902,4
163,6.039344262295082,0.1143154929601453,0.0631970938082168,0.4500160720025715,1.3864306784660765,0.3246690681481317,1.3518335071780743,1.0161622071118421,1.236111618450245,0.5982238280344445,0.47313332508399886,1.779014612040257,1.436012647010909,0.586770343972113,0.005059810355918815,3.240346011356106,0.7357527904326736,0.015161021728114876,3.216753820930756,1.8698117245609276,4
224,6.557377049180328,0.1099300820546503,0.1106425276160432,0.3713941879904531,1.1799410029498525,0.1906018747522021,1.2138703497798595,1.0134078778610278,1.1401911175328845,0.6491093757515236,0.5325184194636863,1.6891710489467535,1.419311978392126,0.6537750760059464,0.0038719318328733765,3.707769961279939,0.7667146085218062,0.016219115513694246,3.730539652915559,1.6788168606341298,4
25,3.0,0.1983908359909642,0.0925306247446441,0.2999922762029814,1.25,0.46631047512654,1.0792237324101552,1.0018538194054363,1.2692856955176643,0.5015413282707524,0.43402264887865216,1.764879857409172,1.3826350011209037,0.6870499483539066,0.006486698599247841,3.814167417570368,0.7798054541565058,0.008394765144551808,3.9128775991434885,1.0723438158102827,4
58,2.5,0.1771998033670012,0.0619122603563926,0.6289381563593932,0.9722222222222222,0.7103550446199894,1.3065405389721625,0.9990062438572401,1.2503857433426018,0.5957119272315736,0.2788366926397599,2.1654465848124937,1.4506521229071412,0.47475503057086255,0.006670612957150838,2.124043795650748,0.7689976292827663,0.011374709331200954,2.1977082992692405,1.7935362939932071,4
112,4.5600000000000005,0.0810530904626166,0.0288188766089303,0.2,3.125,0.4785475406271931,1.1607182914360146,1.0337205462993864,1.2144472844489584,0.5184534581894968,0.5585122639845459,2.047008116427545,1.199919397132711,0.719693253301479,0.004941340366902521,3.082539041421155,0.7979575840226617,0.012548435704546309,4.430266118868033,1.5776700525646055,4
165,4.7,0.2613471694280612,0.0670104683003757,0.4278511404561825,2.6666666666666665,0.485270969404303,1.4078190344650618,1.0161544899834027,1.4260261100796756,0.48273668278374937,0.5122784728991553,1.9869930423976336,1.2947997563752762,0.6968741529887387,0.0040179939388225155,4.226052751400281,0.7711610515132179,0.009017585751852257,3.0996820734735033,1.6441014202465294,4
127,4.5600000000000005,0.3242123618504666,0.0432283149133955,0.3,2.083333333333333,0.7868914435733787,1.15451900633433,1.0239563408934043,1.2089216277613515,0.5054102591281187,0.45091070069811173,2.8411429207278713,1.267986908573146,0.6986761363527121,0.006027377759750808,4.402414059541082,0.6339751525264147,0.014217390113525808,3.7938374905894516,1.514608700207904,4
53,3.0,0.2173575308185968,0.0689416314726482,0.1055197132616487,1.5151515151515151,0.476614025346575,0.9670731878673858,1.0094148540857062,1.2852928962267938,0.4151170002030138,0.4824124553710613,1.7911186789154143,1.3353220260783236,0.7756095686603052,0.007650269626229034,4.516846392386475,0.7335444361586884,0.007378920864057961,4.867680503510886,0.7429079204241182,4
314,1.5,0.0888074626415094,0.1333436553996239,0.1414497064037856,0.9363295880149812,0.2674987814728254,0.8259184678863127,0.991588374606135,1.2065871465688258,0.5018428023465928,0.46307886737998943,1.1489194637892697,1.3809480861412526,0.7513653123475854,0.0068333701271907615,3.48102472782625,0.8979939122735364,0.004820592147897245,4.866039977846059,0.5094088911566668,4
208,3.916666666666666,0.1420130578920206,0.1089823385185393,0.2000139832933836,1.3229166666666663,0.2841766447439349,1.0111358865762035,1.0057056678330478,1.215691009704097,0.5240049821950867,0.5120846339904855,1.5244399566027378,1.367695318117864,0.7414982055797052,0.005727637848871366,4.031596533816884,0.8050775122187661,0.009512009259049525,4.5205975643745875,0.9859507928638069,4
114,4.5600000000000005,0.0810530904626166,0.0432283149133955,0.3,2.083333333333333,0.4378615678539381,1.1891116793099459,1.0223791858266689,1.2052235193591767,0.5502151952075929,0.48803413745748514,1.8911714956518224,1.324097199046748,0.6453551066548548,0.005745595787825341,2.9151582058843664,0.7749680016875559,0.013097192576157464,3.9635150423221477,1.599695712725378,4
197,3.600393700787402,0.0,0.0,0.1199842612997491,1.25,0.5958602917261285,0.8978066155950787,1.0274274740816967,1.0036919735066885,0.5495113168492787,0.4100286123549868,2.1585780661258767,1.3522637799336024,0.6101571145501423,0.009201598530286941,2.1550690414954254,0.6962306536423535,0.016228605205126312,4.995698164258704,1.3251193572601536,4
174,4.7,0.4130338227186827,0.1786945821343354,0.4617046818727491,1.3333333333333333,0.3136615879381742,1.2945378438502024,0.9893280453411811,1.4345912965770338,0.5129844115086551,0.5164693217594374,1.7311886939736059,1.3957702017173081,0.7748484125768509,0.002760082055472103,5.917386261981048,0.784485082968774,0.0064666993387564944,2.9784407567466737,1.135883518631113,4
237,2.25,0.3038463077461198,0.0606032332957975,0.1579101143550272,2.0158730158730163,0.8362216298696364,0.9039098353582519,1.015919053069811,1.1734510470872614,0.4631707211671307,0.4305372526415458,2.7006225994533546,1.2222650983971894,0.7587128362831131,0.007132864892380878,4.2341290418910456,0.7004407496506507,0.010076883419070507,4.543931487040033,0.9525280098422875,4
305,3.75,0.7252189971496247,0.1155658853630965,0.3514200437614614,0.9909909909909907,0.5728223274780351,1.4148936114105057,0.983005328379295,1.8248879105861215,0.1857868479750229,0.4538227274430452,1.9129583768585852,1.4689970263498568,0.8692037085986573,0.007112075948189709,8.677498715696327,0.5588051591730419,-0.0017585263614372801,3.1093075587369907,0.46292784688993316,4
66,2.0,0.092643441806449,0.0407301962123701,0.3499095477386935,2.0,0.7989298367630033,1.0083702626854467,1.0178818633429387,1.0622368669609008,0.6011870376841877,0.3624025433298559,2.507856190623806,1.2623014790922933,0.5817323720814117,0.006665179339937494,1.7507502506708854,0.7994133218120952,0.0133864020469038,3.713439503366153,1.565433173794974,4
12,4.0,0.1654624360194923,0.0992072926767892,0.3899625935162095,1.5333333333333334,0.3663062582104558,1.212031327663308,1.004603691588118,1.2850092306055907,0.5488751524553164,0.4671458670658078,1.6562699636999485,1.3840157425693156,0.6611836444510907,0.004991633260681402,3.5813617123465242,0.8108536085854522,0.009743357169942088,3.4768964808127434,1.3887094377160936,4
362,1.9912472647702408,0.2626828632145348,0.0564512835917607,0.1500905091769369,1.0526315789473684,0.666840692454253,0.9286568333900609,1.0046702717068117,1.2651878946135993,0.4062988325108014,0.39216178781594313,2.082086332170488,1.3663570558064244,0.7251240583708992,0.009061852078369164,4.296454779931056,0.6886898943405062,0.007353814269152803,4.598565403291813,0.7023978062458289,4
26,2.973333333333333,0.3027140579221095,0.1202184735237544,0.1000619578686493,1.1111111111111112,0.4134315904828285,0.9082687669424666,0.9986890907460363,1.2993324853426698,0.41718094978120773,0.49938898650752767,1.7245335364403755,1.3547186225208339,0.8339319353686757,0.006869684727082747,5.459096475341777,0.7409286658699727,0.005841717364620299,4.899179214328412,0.47911800223701995,4
294,4.0,0.2275199999999999,0.0278255349317953,0.527598636349633,1.75,0.6682423237992285,1.412764079686999,1.0131898098699867,1.357901960533327,0.5091053500982776,0.3724090728692281,2.219701541513312,1.396440541192702,0.5549494692995225,0.00645796918889039,3.1666854125062733,0.7025922703740131,0.01143913382745841,2.6079537473165013,1.830934011745121,4
126,4.5600000000000005,0.3242123618504666,0.0432283149133955,0.2,2.083333333333333,0.7609223826520778,1.0681928203792088,1.0257813498413941,1.191032005877759,0.48036013603989,0.4777076142604417,2.808464017442758,1.2511183412461742,0.7454505239618926,0.00641880563588094,4.728487870646876,0.6232895448200894,0.013919775616135296,4.3191451903697855,1.3173089028267817,4
398,4.698090692124105,0.1385867845521421,0.0438650292272484,0.1028987116985612,0.8466666666666666,0.2855176954456508,1.0575937758656524,1.0129568974671503,1.285254374986916,0.42145862327425465,0.49153353240916575,1.4415247653147947,1.4547593851373175,0.7220473478144693,0.008681228344355375,4.423058961809024,0.6737666231102007,0.010197185229358764,4.955263600505444,0.9078931322154948,4
102,3.00218818380744,0.2168137751045223,0.1067390101346243,0.2059025637147512,1.3385826771653546,0.418819547804882,0.9948389621621254,1.0019099873726702,1.2641096293941154,0.4793080923054616,0.47599200542593045,1.7091583152654766,1.35324902779116,0.7537647547030475,0.00631012255495168,4.340546419230681,0.7856391845258357,0.007493348936839181,4.40253230886305,0.8430819158668688,4
229,2.25,0.3445484611202107,0.1374428468515284,0.0891962670045104,1.007936507936508,0.5129290691185904,0.8104698330845331,0.9950396779616085,1.2489404850717998,0.4309614312832848,0.4764456522019792,1.9485566997083439,1.32789940035655,0.8498820665153526,0.006836110211140745,5.5529676914190205,0.7442203310010841,0.005635286990312703,4.957074923150445,0.3491503582055713,4
49,3.0,0.2173575308185968,0.0689416314726482,0.1055197132616487,1.5151515151515151,0.476614025346575,0.9670731878673858,1.0094148540857062,1.2852928962267938,0.4151170002030138,0.4824124553710613,1.7911186789154143,1.3353220260783236,0.7756095686603052,0.007650269626229034,4.516846392386475,0.7335444361586884,0.007378920864057961,4.867680503510886,0.7429079204241182,4
128,4.5600000000000005,0.3242123618504666,0.0432283149133955,0.3,2.083333333333333,0.7868914435733787,1.15451900633433,1.0239563408934043,1.2089216277613515,0.5054102591281187,0.45091070069811173,2.8411429207278713,1.267986908573146,0.6986761363527121,0.006027377759750808,4.402414059541082,0.6339751525264147,0.014217390113525808,3.7938374905894516,1.514608700207904,4
175,3.004926108374384,0.1622985079540362,0.0535658231327001,0.0495093276968009,1.336842105263158,0.45659162347404,0.9087500618340256,1.012222115485224,1.237237510335652,0.41658224197447624,0.4768937702562394,1.7268977200211701,1.3504250604989778,0.763216930027774,0.008509671070944684,4.193740022534988,0.7231214107392433,0.00834224430850414,5.203790929106578,0.7030846093455627,4
408,4.5625,0.1472067636986301,0.0466297841721397,0.0,1.1777777777777778,0.1926270748429406,1.0325533498546005,1.0133497310745763,1.3643102564828593,0.3538250274336069,0.5477721675782701,1.1796885285582888,1.4254870699331827,0.7990955448871436,0.008684769757929041,5.008006976546279,0.6942685845998001,0.007269767844705892,5.442418484545289,0.6405262732112146,4
226,6.557377049180328,0.1047048861983049,0.0837958240950657,0.506046270316161,0.8849557522123892,0.2463802441743374,1.3679127303133785,1.0112399659088733,1.2024694236633795,0.6453427350978398,0.4630029841073497,1.6792571023811946,1.493622948475755,0.5578224969754498,0.004706476055335661,3.2126811137204836,0.7358138846331274,0.016482323387188927,2.991944147192242,1.94210117470776,4
181,3.004926108374384,0.291029210694448,0.124218543902176,0.0,1.336842105263158,0.3401808241119036,0.8466685587958859,1.0008074294273843,1.3089530326481795,0.3873949383484279,0.5484210539947774,1.5773144637499545,1.3229980696411872,0.8942604359706129,0.006788400719367658,5.790054024166148,0.7570237208125946,0.004733746952441078,5.419960739829,0.28654739380558775,4
369,4.0,0.2230526023552046,0.0649668223262135,0.0722675411254063,0.8281249999999999,0.3004249610560432,1.1207875699452687,1.0086170959233978,1.3290780506068303,0.38196882155640527,0.4820316536069228,1.125465170416144,1.0532363754360083,0.7856491789007072,0.00626168928442823,5.364795550553563,0.7164581522428968,0.006404393107102705,5.325175711636565,0.7073222782334463,5
183,3.004926108374384,0.2338711418964994,0.0771880184272449,0.1431876803128545,1.336842105263158,0.5220121565366791,0.9495961206674607,1.007148506091912,1.2220413471754417,0.4503880206188039,0.46038396012385435,1.882283658240796,1.366394726556115,0.7823464813859928,0.0067266472523495905,4.541684904955115,0.7712663587257824,0.0072050694595667975,4.646989548973063,0.8578022298253851,5
319,2.0,0.3532939746835443,0.1254352589562816,0.2075863966606189,0.7865168539325842,0.4980034092301829,1.0592665367171268,0.9857801292399684,1.3635811074303184,0.4112149463210165,0.42149260963207064,1.3978418639123575,1.1089696765078465,0.7729479744410228,0.006002132215218136,5.550859948728264,0.7791374452443989,0.0028029023681087903,4.305334731344137,0.44848134271412204,5
377,3.0,0.2734512101910828,0.0334342607418883,0.0450544778745634,1.7017543859649122,0.6425319835986391,0.962559959691742,1.0149467245324788,1.2424210538350149,0.36701941516266845,0.49425764569120934,2.1070396663785793,1.3677614243972345,0.8231939663082406,0.008204253931513764,4.512135793272521,0.7224968876302993,0.006636332179254091,5.252611426369317,0.777519848273167,5
296,2.0,0.3562105263157895,0.0516709318024637,0.1899388597162487,1.0,0.8646993989316731,0.9189656953667494,1.0046191196034955,1.1432235638478274,0.4663978840638831,0.412384181966276,2.4239111494218903,1.4393817812117016,0.748582162331076,0.009253892155588037,4.11310055705448,0.6226587119211862,0.006366544435880547,4.88034698888699,0.8135810079848635,5
404,5.333333333333333,0.3426144712371728,0.0516856051006167,0.041195255607312,1.336842105263158,0.3686141345804258,1.21231202507,1.018957850370201,1.379191829851846,0.3322094483843901,0.5765799947321926,1.3124893581593393,1.0761131045633934,0.8491910047580633,0.00559214709504742,6.467034138121116,0.7063760176280292,0.007127363901184323,5.769681757112491,0.7419917986925882,5
384,6.58,0.1525532444444444,0.0374406634874422,0.4187543391573424,1.4749262536873151,0.3415886057778702,1.3612747744898364,1.0345047591493255,1.2469151834421053,0.5941200002729513,0.5028429408884676,1.656486542086088,1.142465865366954,0.615675592288102,0.005059986729141852,3.616415278397923,0.6980519908793776,0.015339465274752823,3.9440732190149683,2.109457386398402,5
234,2.25,0.4036498394875461,0.1072520392832728,0.1044963566001746,1.5132275132275137,0.6903085574650586,0.882385005744529,0.9968806790460063,1.2617721174576637,0.39343203060448173,0.4900941078431272,2.1359935883736636,1.4546144918115165,0.8667208825105763,0.0064755024841340655,5.813234715391246,0.7986818170708424,0.003997173852368105,4.7964115511090135,0.4105729292220363,5
104,2.857142857142857,0.3161591558330862,0.0322531355873133,0.0,2.5,1.0323673510773903,0.5347088496088104,1.0281239732049385,0.9236936508129799,0.47926731562808966,0.5406147942999249,3.6355024468771733,2.142652944234503,0.9138204323703237,0.008905835079484692,4.171800666958825,0.749268306472865,0.010389993066107635,5.436626026798324,0.9208571850739937,5
394,5.999015748031496,0.2441301603163874,0.0089631860669541,0.1869728508666061,3.307291666666666,0.6461033519553142,1.094416930886592,1.0463941771800696,1.2191361897358033,0.4548186426941613,0.629695069653289,2.7825616940139186,1.6114792577345682,0.8162286123297638,0.0059207289933939766,4.080691308594636,0.8300867327635146,0.014156903713890652,4.494429857807454,1.8014925802044668,5
177,3.004926108374384,0.1626844702849495,0.0694377996149332,0.1020053828777415,1.336842105263158,0.4299826822788952,0.937390427226741,1.0087163153928438,1.2259267201144164,0.43764549680446424,0.45507678451407013,1.7189433485093282,1.3333809193523827,0.7809055439138364,0.006789648793089478,4.252002901192032,0.7882759120351597,0.007370699786452091,4.720081287134626,0.8600252596517559,5
154,2.0,0.0620035612233917,0.1533708310271086,0.3496965892446118,1.1718749999999998,0.3534259679195131,0.8104872285720396,0.9927834890716543,1.1355559385119145,0.6340264624244933,0.3626648708337057,1.8257800071531614,1.5165343296415703,0.6838854819579478,0.00463364384711792,3.2401122908846056,0.9382093382997797,0.008853009328811884,2.8641530001792335,1.186808548616708,5
97,5.495081967213115,0.1865842841646672,0.0429284530899591,0.2707732248888257,2.2280701754385963,0.4259538041626897,1.202045010149553,1.030566810693802,1.281916903285477,0.49118430500261023,0.5426078995469952,1.958614782851712,1.300007845335513,0.7293397648291916,0.0053058435298829155,4.037089188043774,0.8038500862926584,0.012488843310839203,4.130482566707183,1.6890214132763872,5
239,2.25,0.3169056046406522,0.0842036067725408,0.0820401195084465,1.5132275132275137,0.6739620395317363,0.8381069062946084,1.0027268703297434,1.2026977158507237,0.4127421771333592,0.4727584603867335,2.2075757426345595,1.5014933656988838,0.8437083257396863,0.007247382233443981,5.010129635623977,0.7794357692230193,0.005381252683208769,4.882809970877005,0.561439834450199,5
386,6.58,0.1525532444444444,0.0785398163397448,0.4187543391573424,1.1111111111111112,0.2092100197404387,1.3318583134229327,1.0257526613432468,1.2610102694638023,0.6112775727495439,0.49732793180337076,1.324595045543928,1.1139328755271183,0.6321751940107884,0.0036507765910247427,4.360404254599356,0.7430224775196204,0.014382216507154892,3.8644062393940644,1.9052849458904764,5
228,2.25,0.3281900772094588,0.0654586852215736,0.0849614294019224,2.0158730158730163,0.8061712829162269,0.7954900013688285,1.0096210193979989,1.1628101552895886,0.4170690025010005,0.49224224555196316,2.6611672393312595,1.6464569199725874,0.8545130386436406,0.007846627601402437,4.578253408316915,0.7859873093808557,0.006471803028903725,4.80951478781051,0.7207811911157742,5
303,7.5,0.7252189971496247,0.1155658853630965,0.2412019391271849,0.9909909909909907,0.2891096231747155,1.7629095138949469,1.0063688662102597,1.739978881189066,0.25520716812595434,0.6787467522904351,0.44228352118394576,0.502456886236033,0.8605858424623366,0.0017791467187856375,10.078169080363097,0.6740910146952344,0.0037732601173908918,5.572545639393162,0.5585386548736337,5
17,4.0,0.1786937901361874,0.1674710545336712,0.7,0.7222222222222222,0.2569309458093186,1.3369372368526695,0.9930985375987339,1.326984416942512,0.7156339404235414,0.3581398757227494,1.2181367425071505,1.0200408058279669,0.5174807814181517,0.0026785976403262603,3.5930702089559308,0.8542822224159056,0.010952843890134973,1.8140158301490792,1.8718286151123442,5
352,4.498360655737705,0.2782729531138365,0.0573855178626642,0.0926380853990227,0.7916666666666666,0.3608154540952911,1.1669361567612624,1.0122132975307074,1.3223273037732524,0.3881444813606709,0.5001616760269706,1.2213561898001772,1.0539689580738392,0.7845656261625809,0.006333664972312646,5.64934298274476,0.6712478807078764,0.007028144817696617,5.500434383435456,0.7729953896741849,5
353,4.498360655737705,0.2808416265271949,0.0579152303352426,0.0934932061873213,0.7916666666666666,0.3610211893121618,1.1694840975817407,1.0120396216067962,1.3248743824808427,0.38720964496497917,0.5005991516601266,1.2170985142364816,1.0507918212458913,0.7849619766430944,0.0063145850782813494,5.671128129035953,0.6716069526206317,0.006980729308639385,5.497222977655646,0.7690405431014651,5
113,4.5600000000000005,0.0810530904626166,0.0432283149133955,0.2,2.083333333333333,0.3797668651711147,1.045937035512245,1.0270206475184007,1.2145370383141425,0.49763516341121,0.5003783485219289,1.9492298933451415,1.388984316506183,0.7335785256961125,0.005985609079408123,3.3652805384852265,0.8302002443811918,0.012005852628425262,4.180193683640768,1.5510931766763825,5
244,2.5,0.2982027419539741,0.0648371249783425,0.6,1.6666666666666667,0.7709246005897303,1.337027200986115,1.0041904267168855,1.3396399049423218,0.5700809772914917,0.3659029203639447,2.212975766714883,1.0923132832521623,0.5443769114369451,0.007571504134482059,2.319566906637013,0.7236195822740773,0.009038431554676618,2.4296382355253163,1.8410550680749487,5
14,4.0,0.1786937901361874,0.0285688581935821,0.5,2.6666666666666665,0.7481584131326527,1.1870871863019081,1.029038919800415,1.2061340005708219,0.5982081265243957,0.4546911849441898,2.782248389671663,1.450160601268373,0.6056743543721232,0.0071748877881386616,1.7773543378222396,0.7925767881058517,0.013967270487554346,2.7500586895139767,2.2424045120452165,5
69,2.0,0.092643441806449,0.0592534895802698,0.3499095477386935,2.0,0.6778157230307,0.9014557916658129,1.0119870152555515,1.1230051092619915,0.5810467712457984,0.3805733711929149,2.5767965862017004,1.5547197721811488,0.6516021108775639,0.007896153320939143,1.7331275437540994,0.8258664107346972,0.01059100994196499,3.099824583068907,1.6104217940784498,5
375,8.0,0.3479286155432214,0.0730848949551309,0.0905565245626531,0.6614583333333331,0.202285045352344,1.2399698721820536,1.030733888633109,1.2562487598954573,0.45898182754500566,0.6301421874833797,1.1117715400695212,1.1687647887912551,0.8421943059990509,0.0032693219542976656,7.65760183916024,0.6415177421667776,0.011867701728581278,6.278331713895902,1.0239488991738117,5
68,2.0,0.092643441806449,0.0219037944075412,0.3499095477386935,1.818181818181818,0.9762176536582098,0.6855468941811929,1.024436150082639,0.8551469610365073,0.6879840748616326,0.35788735685872014,3.482284534873779,1.9503608568626056,0.6329137052577004,0.010093489935963155,0.7719995253758161,0.691476563540423,0.014155586705509147,3.595175020418803,1.8623281359318176,5
210,3.916666666666666,0.1335249210984745,0.0683123010790537,0.1999365429126771,1.984375,0.3961636165757645,1.02647745716716,1.0174089404517037,1.2535432508327449,0.4770442471727536,0.49034631906971016,1.8733060889925224,1.3636171302692959,0.7541708054458123,0.0056634737857618805,3.852178432836694,0.8575108628938016,0.009912800954947338,4.0607757835162905,1.3054193759988448,5
266,2.0,0.2418215384615384,0.1049833852724085,0.7367377536629959,0.5729166666666666,0.4392805725864854,1.616878066231549,0.9833156892176431,1.5397564314533705,0.5690080846504859,0.27012119590785655,0.9479589240602011,0.5200075743445015,0.4237058355044111,0.006400434497809097,2.3410858640125918,0.7219048335995162,0.006055557481648377,1.6898112891782668,1.7509580895469352,5
295,4.0,0.2333538461538461,0.0597086323050691,0.738642171785463,0.95,0.4121736351922188,1.7604049528751782,1.0039426589450648,1.5405885668794526,0.5693197888881294,0.341925019373557,1.0260430404222718,0.4945304274132316,0.4162504997747119,0.006243042597276441,2.3314962689743646,0.6689822028121831,0.009709530571136904,2.086735065257298,2.1849661206558277,5
31,4.0,0.20693024755868,0.0416846908295117,0.0320060483870967,1.851851851851852,0.4528985576643131,0.9995374281744566,1.0201247512613254,1.2672653290626308,0.37506895702145204,0.5297332527993173,1.834046030678054,1.3375711547760512,0.8338415049283456,0.006736529499460076,4.765209314277067,0.7828934882420369,0.008080191384697991,5.205221054296185,0.9023844892755307,5
166,4.7,0.2613471694280612,0.1340209366007515,0.4278511404561825,1.3333333333333333,0.3052704198528541,1.2496731151464107,1.004375292773998,1.352385419829936,0.5591327183939155,0.4772847348764604,1.3967893767784771,1.1354177511725692,0.686336001401458,0.0030739504099432284,5.059768601900492,0.8553378546529797,0.009576354542184596,3.267542374560355,1.4090880998357256,5
