Unnamed: 0,UniqueId,Name_x,Type,FailureType,ar,lrr,srr,alr,sdr,smr,Name_y,Location,res_mean,res_median,res_std,res_max,res_min,gamma,kappa,eta1,sig,lam,mup,sigp,rsmax,alpha,alpha1,alpha2,betam1,n,kappa_k,color
132,301,"Petrovsky and Ristic 1984, M2E1",Spiral,Flexure-Shear,2.931596091205212,0.1225698854787875,0.0164187289019237,0.0545640905957311,2.083333333333333,0.5053963870467643,"Petrovsky and Ristic 1984, M2E1",0bf5a557-2755-4d34-bbdf-a2a14ab37164-007,0.0690297048371758,0.0689732617932547,0.0004809091777671,0.0711821678994897,0.0680941666386634,0.885111913157409,1.006220881062492,1.2224455272916157,0.3069860823425978,0.5174242845786162,0.8960216906440015,1.2241106171155458,0.983607549637633,0.0004623415426355,8.983143518813145,1.836990780630824,0.0018811238211997,5.538987262818021,0.502199189123479,green
199,47,"Zhou et al. 1987, No. 322-07",Rectangular,Flexure-Shear,3.0,0.2622702346798754,0.2024641587121839,0.7012261284722222,1.3333333333333333,0.3130620037292028,"Zhou et al. 1987, No. 322-07",ed0e0dfb-c1ba-4263-82ce-8bdda04c6409-007,0.1136063900704913,0.1136119539088389,0.0039695851484078,0.1272867663540904,0.1045263599647037,0.6577102267421501,0.994884511710851,1.9239842720571243,0.4382663852242808,0.6404566223158379,2.416053346686593,0.3846032225104011,0.5876669409659864,0.004720142437784,9.607956075526875,0.5704244520046995,0.0070747660772251,2.68768301490156,1.262000968557481,green
82,269,"Ang et al. 1985, No. 3",Spiral,Flexure-Shear,2.5,0.3875555555555555,0.0214675497995302,0.0,1.6666666666666667,1.2634613495159657,"Ang et al. 1985, No. 3",d86d8b22-500f-4d0a-80da-fe077a12ece1-007,0.0963490288644956,0.0962067263446304,0.0015599415054138,0.1043373578291587,0.0934168917509292,0.1177931520090876,0.903979331762278,1.9621313094255728,0.3161783565358779,0.5163412400261242,3.618975667343631,7.320976596766421,0.0125597667227436,0.0210930869964555,8.488357540034272,1.6324963753876924,0.0419618302983943,6.441808871993088,1.5027346666205743,green
5,326,"Arakawa et al. 1987, No. 9",Spiral,Shear,1.090909090909091,0.6499438016528926,0.0496212452754188,0.118681588778999,1.3888888888888888,2.498800695654154,"Arakawa et al. 1987, No. 9",780e70bc-6017-42a0-80c7-1e9b682eaaf0-007,0.0482435300629062,0.0480967234937864,0.0020404279919605,0.0599571283355201,0.0434600166960971,0.2391812345045678,1.0719026368502702,0.72551428492262,0.2098375576479642,0.0499289062907952,5.163041814418964,0.7138440061944269,0.8079083278901974,2.313334440015421e-05,5.58485776591787,1.621699513911878,0.0028515616969678,1.1056417445355595,3.738589309851341,red
3,330,"Arakawa et al. 1987, No. 13",Spiral,Shear,1.090909090909091,0.4874578512396694,0.0496212452754188,0.2373631775579981,1.3888888888888888,1.9414643374532217,"Arakawa et al. 1987, No. 13",0bda6e5a-bc4e-4e60-a687-23ed0f04e8f0-007,0.0591864877883583,0.0589801792417425,0.0019405340100776,0.0715792178282973,0.0546442360049873,0.29155993503866,1.0984248757977475,1.7058938167596815,0.2434440433197871,0.1313872633120119,3.889346537535713,3.2825624382943075,0.8313413717258801,3.234214647614934e-05,2.242574612683536,0.7995359909495494,0.0041542692313576,3.273403940178885,4.778648494229972,red
16,412,"Hamilton, 2002, UCI5",Spiral,Flexure-Shear,2.578248031496063,0.1517809851694915,0.0240772234034443,0.0,2.351851851851852,0.4583490248515089,"Hamilton, 2002, UCI5",2fec0d50-c381-424e-a520-8a420884a0bb-007,0.036767006555273,0.0366145255244497,0.0008338134049739,0.0405103944693067,0.0353692688041516,0.2691947599613328,1.0840088180824483,1.4741609342974302,0.2867536083432088,0.3069172681409253,0.5633737035699602,1.1755931786744316,0.8941829099254491,0.0114947763683525,3.67972546753878,0.5020412488166365,0.0054524193603645,2.6292506987112323,0.479638577142632,green
246,144,"Lynn et al. 1996, 3SMD12",Rectangular,Flexure-Shear,3.2222222222222223,0.3945567505589216,0.0271210218311461,0.2836606980403503,5.347368421052632,1.145922848537989,"Lynn et al. 1996, 3SMD12",732bd5be-4e75-42e4-aa5a-8c755c7d073e-007,0.0612684003320563,0.060995284400033,0.0018312021931913,0.0691536746600941,0.0577394165456738,0.6333216311997818,1.060514880530144,0.8023890487008345,0.4911857709711159,0.1133991896453805,3.0095207029917885,0.8965563048611316,0.7142695327316404,0.0049809860034921,4.311395851695886,1.641010202808854,0.0196507105995582,1.0031267001088913,1.9896811878218856,green
183,271,"Ang et al. 1985, No. 5",Spiral,Flexure-Shear,2.0,0.4486173633440514,0.0372748453110814,0.0,1.1111111111111112,1.1927604459132382,"Ang et al. 1985, No. 5",d2e3e63e-6a7d-4c13-9e4f-bf0d75bcc321-007,0.0433440322744201,0.0432254826480295,0.0016023742725296,0.0495073366496898,0.0390910171972877,0.1785372458915879,1.0277439028056976,1.7032385752804255,0.0294672979673501,0.0952846813028458,1.983336169168317,1.470709454397604,0.7332386410703411,0.0188276050824384,3.454019516578224,0.0408422001649969,0.0293674135817116,2.221026533801519,0.2655610903647885,green
52,281,"Ang et al. 1985, No. 15",Spiral,Flexure-Shear,2.0,0.240551724137931,0.0220723966609972,0.0,1.6666666666666667,0.8489598591578973,"Ang et al. 1985, No. 15",d9bf5839-eaa1-46cc-8bb6-caf88c08b4cf-007,0.0949987990603613,0.0947329885364628,0.0030413653629764,0.1036031253787877,0.08755371377335,0.120389812387993,1.0897347633238292,1.2945966858388462,0.1422161181188473,0.2215312367621423,3.537161106659989,2.533905708349332,0.990013430865323,0.0206138357936039,9.244415097186318,1.8631345845888625,0.0303544811153818,1.0637223232100117,0.2493129919158895,green
282,149,"Xiao and Martirossyan 1998, HC4-8L16-T6-0.1P",Rectangular,Flexure-Shear,2.0,0.1460085905369636,0.0388969081265255,0.0962443785352687,1.3281249999999998,0.741460410374528,"Xiao and Martirossyan 1998, HC4-8L16-T6-0.1P",2c081ff4-795e-407f-997c-4cad6ada1b5b-007,0.0442098159130608,0.0440937884568362,0.0011188939241049,0.049181005966113,0.0413598544220482,0.6430203411119044,1.0763421428099895,0.5921963583510197,0.3881774960097834,0.1587897363468838,1.1373398604569218,0.961815047706194,0.5014438536509545,0.0032630484501937,5.142370823265931,0.1933954764096131,0.0077077668750429,2.8492882755017663,0.2193459852635575,green
139,141,"Lynn et al. 1998, 3CMD12",Rectangular,Shear,3.2222222222222223,0.3645361282337861,0.0250574658222545,0.262077818841628,5.347368421052632,1.1392106467999783,"Lynn et al. 1998, 3CMD12",0c30b3dd-faca-48db-b973-720f71102db7-007,0.0747233119881857,0.0747565102648833,0.0017656282993967,0.0868377320425256,0.0713534933981411,0.5960664109655794,1.0963869782581264,1.807088124512624,0.6555153990272886,0.1055667318850316,0.3663072215300469,0.1584363853003585,0.8094902994664632,0.0037609092588916,6.993873980504413,1.6173609564280582,0.0243621462054424,1.9847572960375384,2.257386736258712,red
184,363,"Vu et al. 1998, NH4",Spiral,Flexure-Shear,1.9912472647702408,0.6936803965681287,0.1529045388628064,0.1480568822484718,0.5905511811023623,0.715319910010955,"Vu et al. 1998, NH4",4fe4d7b9-ca65-4444-bba9-7e335d2ec60e-007,0.0427203850387468,0.042612354996144,0.0006880510800439,0.045877596088573,0.0409957196515003,1.2622532239084,1.0776243510451653,1.8029779518955724,0.4089447135707802,0.5591957016770115,0.4877402720925243,0.4642109825401565,0.9527826987968896,0.0009254045036983,5.561157655371601,1.6885462069592625,0.0050546468005148,3.5875190583829006,0.3892229276034605,green
280,276,"Ang et al. 1985, No. 10",Spiral,Flexure-Shear,2.0,0.4594871794871795,0.0501446519707601,0.1999639028590479,1.6666666666666667,1.0172615127664126,"Ang et al. 1985, No. 10",5efe76cf-fe52-4c57-b694-2cdd4bed65c5-007,0.0608330008771323,0.0606696715654218,0.0026303608250162,0.0695826530893782,0.0546654937912658,1.6151121757592133,0.937433397145964,1.467600904198761,0.1987475122662083,0.3630542591151203,2.227369962846507,0.8534938516744857,0.895181533817508,0.0242322503963712,3.79103615839045,0.0763528361192305,0.0007416500347887,6.298576448397983,0.1560416146595834,green
260,329,"Arakawa et al. 1987, No. 12",Spiral,Shear,1.090909090909091,0.5348008799571913,0.0272202874262639,0.2604164358100339,2.7777777777777777,2.531022062264917,"Arakawa et al. 1987, No. 12",494855be-b0c4-4530-b02f-52f831fbff6d-007,0.0633155769320114,0.0631034353515303,0.0018567545625029,0.0702627347420828,0.059921423397685,1.9837369850975304,1.016416886582283,1.364907254310505,0.2409836224376019,0.1967300833445176,1.9762123649418069,3.333125317705997,0.8806176059871467,8.953873897869416e-05,1.3004173091451143,0.4341764448801395,0.0471133756855056,7.554133320961697,0.4174603218820902,red
95,341,"Arakawa et al. 1988, No. 24",Spiral,Shear,1.090909090909091,0.4741350482315112,0.0335886854421807,0.2327838236501267,2.083333333333333,2.2408095158667507,"Arakawa et al. 1988, No. 24",24b12990-0125-45dc-8cd7-655567df9bb8-007,0.0631108425192155,0.0628920682653661,0.0041880868482883,0.0757042635220212,0.0525141535387151,1.563371151834699,1.0547268367977176,0.9949560375396512,0.1473650707024213,0.0739878370171512,1.9721373148638408,7.56650007363818,0.990064762619091,0.001270926054521,0.6421406346328388,0.0654533270809472,0.044483666284098,4.2186466832950185,0.3862451721425047,red
272,344,"Arakawa et al. 1988, No. 27",Spiral,Shear,1.6363636363636362,0.7801904761904763,0.0552702707540645,0.3830463976465049,2.083333333333333,1.5197989599411117,"Arakawa et al. 1988, No. 27",8b4d9c9c-8a9b-4336-a7c8-8843469b5bdd-007,0.0558301447742957,0.0556955740959985,0.0015329250089134,0.0614402757227731,0.0526255987709291,1.7022256376335303,1.09644595324983,0.5477295520162818,0.176379640819396,0.1153346429074213,1.762138133669684,2.9568796303446097,0.9909390710257544,0.0012561134309294,1.46962296670408,0.7924527793352081,0.0409505568951155,2.899452421838489,0.5726822126086136,red
270,82,"Wight and Sozen 1973, No. 40.067(East)",Rectangular,Flexure-Shear,2.8721311475409834,0.3632861633384486,0.0661987886150566,0.1149555935583535,1.6931216931216932,0.7628170111050468,"Wight and Sozen 1973, No. 40.067(East)",443dd2ab-efeb-4f00-84d3-81000fefccc9-007,0.0520535993286656,0.0518147221292169,0.0015443797343766,0.0584804176633943,0.0484203546407102,0.3380568648332464,0.92774747374496,1.605257534270126,0.3112535186040933,0.2909478587821,0.5304786047476429,1.4152763746415609,0.8451879422691182,0.0038999856398034,2.198188759281075,1.5561639833696557,0.0003139128292117,2.062600252466071,0.4246251590048915,green
83,286,"Ang et al. 1985, No. 20",Spiral,Shear,1.75,0.4202724795640327,0.0156972630204912,0.1749837044620702,2.2222222222222223,1.698326554935525,"Ang et al. 1985, No. 20",865331fe-7e2c-4213-a075-2b926c544aba-007,0.0363627835738321,0.0362815668796344,0.0011580963273973,0.0401738389729995,0.0333645573677092,0.2244775012616838,1.0987321632648626,1.9794874351909573,0.1564136438385478,0.082728741365939,5.573355338065885,1.4983839546799125,0.7545360572623323,2.049294936029616e-06,1.739820367571303,0.2166161688262737,0.0446051790592404,1.4676149543181898,1.2120890221771965,red
55,278,"Ang et al. 1985, No. 12",Spiral,Flexure-Shear,1.5,0.4878321678321678,0.0540441813135027,0.0998892037936895,0.8333333333333334,1.3516951257321212,"Ang et al. 1985, No. 12",7702d9e9-639c-4aeb-a23b-fd73602e3f30-007,0.038377452903688,0.0382145053170204,0.0010432876648866,0.0414103642575582,0.0353532271249345,0.3232346433143158,1.0317174102929434,0.926379919066814,0.1439612318250138,0.0930084562545139,2.0667264262772744,1.2361841842318908,0.709500889767023,0.0019154404304117,4.038937619049496,0.0755666790206415,0.0476621873146445,3.582145801352849,0.1812390864627292,green
21,279,"Ang et al. 1985, No. 13",Spiral,Flexure-Shear,2.0,0.3854143646408839,0.0424375361216963,0.1000214076060944,0.8333333333333334,0.985548691488518,"Ang et al. 1985, No. 13",701e9640-6c57-433d-ba71-4fe85691ec54-007,0.0661311289372566,0.0660276179441204,0.0012708168397218,0.0698944837869277,0.0628074138559931,0.2051612663061848,1.0764443022745205,1.3248890536343982,0.4395207948971732,0.2956765280930492,1.507202451659182,0.8009654817823328,0.8284107188380352,0.0001342513637936,7.901061462926801,1.8402003987854283,0.0041459649497349,1.0301643291701452,1.4668138918473197,green
189,289,"Ang et al. 1985, No. 23",Spiral,Flexure-Shear,2.0,0.4319504643962848,0.0363277045237086,0.0,2.2222222222222223,1.1747270513412311,"Ang et al. 1985, No. 23",2de73385-d434-4a9b-ae09-bd6cc786beab-007,0.0672647719727765,0.0671344459286028,0.0014242885832151,0.0709963374215467,0.0636188356129563,0.5013438905401992,1.0466676387239875,0.9187078048465424,0.1953822797154862,0.1660991503243822,1.5605273807063655,1.207274398411842,0.9058614248496912,0.0078928261648433,7.874983108869682,1.0436698229482435,0.0470345337669235,5.56368425750037,0.2547541502637889,green
222,76,"Wight and Sozen 1973, No. 40.048(East)",Rectangular,Flexure-Shear,2.8721311475409834,0.4648949369924974,0.060918046641502,0.1471079243237167,2.354497354497355,0.9492901343385364,"Wight and Sozen 1973, No. 40.048(East)",a2a9b24a-6c6f-4840-91d1-91520bb87510-007,0.0798119238496763,0.079420598461319,0.0018290773514545,0.0864726909057384,0.0765912260486512,0.5403013862458997,1.0113079700237038,1.6841466731830306,0.2307513752048234,0.1961766767182266,1.0947481617292114,1.2359279911244148,0.6746627772794603,0.0307493176537016,4.40369505674275,0.0721613579959723,0.0290343941050581,5.850365857941365,0.3843102058282429,green
35,81,"Wight and Sozen 1973, No. 25.033(West)",Rectangular,Flexure-Shear,2.8721311475409834,0.3611237456995292,0.0331614479151539,0.0712590903488228,3.35978835978836,1.0930896313803085,"Wight and Sozen 1973, No. 25.033(West)",422bb73e-e25a-4fa0-973b-96dec9c6f146-007,0.0374212802026048,0.0372955496385987,0.0012311467019224,0.0423828848846733,0.0351242415081813,0.3907362106296562,0.9068589258154152,1.802536553682803,0.3402882960544964,0.2710300656843061,0.1090183367803963,0.5737605571716449,0.9270666176358656,0.0243245745400297,2.6468575159195464,0.2754297838326719,0.0085353684040608,4.154862104563704,0.6267466717016972,green
70,274,"Ang et al. 1985, No. 8",Spiral,Flexure-Shear,2.0,0.4995121951219512,0.0610804425332092,0.1999141358349417,0.8333333333333334,0.9680726335871248,"Ang et al. 1985, No. 8",abad07a4-cc95-49ae-9f8a-6558328fbca4-007,0.0807441087224367,0.0807152808779479,0.0031774257623085,0.0912116187998003,0.073179559992554,0.1669588912832428,0.902177951170097,1.856759096103224,0.1769293294350964,0.4042294636880597,3.161105634612234,7.5045578054076305,0.9759877779231548,0.0114770688897089,9.923735969475391,0.6914145150824471,0.0025362133419501,3.681186307439548,1.4146341377592044,green
81,140,"Lynn et al. 1998, 3CMH18",Rectangular,Shear,3.2222222222222223,0.3645361282337861,0.0098264571851978,0.262077818841628,8.021052631578947,1.425095045132254,"Lynn et al. 1998, 3CMH18",bee24619-0682-466e-a8dd-ca31a98be8c0-007,0.0549474267747085,0.0547881913416886,0.0011689080743906,0.0595625760351063,0.0525037618159564,0.5309634031685373,1.08827193493275,1.97291883285808,0.231351320174117,0.1599438454644474,5.959468615032222,0.5750851350035897,0.7827460164368294,0.0001567190814108,1.538625798537571,1.495910686904609,0.0297470904267337,1.3642572626652842,3.569329572403192,red
51,55,"Arakawa et al. 1989, OA5",Rectangular,Shear,1.25,0.3222606488835563,0.0163848243082742,0.4451926674148896,2.6791666666666667,2.0709533236258437,"Arakawa et al. 1989, OA5",fa4acc2e-6cdc-4b5c-8e34-c858c1c11cca-007,0.0524027342085449,0.0520810725441255,0.0029682940855471,0.0676978326652892,0.0462844815318936,0.6427558041240202,1.0263379449552847,1.815341813640475,0.3861590798021576,0.7217670925017842,3.4354708367771782,6.10016790143733,0.1391422229876504,0.0042252362197798,0.2041447460474525,0.0197998823178725,0.028955810901712,3.929159764377517,0.9612663696487443,red
20,150,"Xiao and Martirossyan 1998, HC4-8L16-T6-0.2P",Rectangular,Flexure-Shear,2.0,0.1460085905369636,0.0388969081265255,0.1924887570705374,1.3281249999999998,0.8374140074196855,"Xiao and Martirossyan 1998, HC4-8L16-T6-0.2P",a934abc3-fc95-4d0e-b9fb-c9e3c38d72d9-007,0.05407832368596,0.0539630307837892,0.0013098650539202,0.0592983572782312,0.0513210971967915,0.5367638628092033,0.9792174834309162,1.390080307812032,0.5140060785051919,0.5699662016586935,0.2588536595978012,0.4556432703501745,0.2266419927804201,0.0204081449090754,0.4124929782537184,0.1999773206601719,0.0100046374651011,7.25516132680568,0.4581223179332899,green
161,284,"Ang et al. 1985, No. 18",Spiral,Shear,1.5,0.3986285714285714,0.0219462686800772,0.100040249943477,1.6666666666666667,1.761817228178305,"Ang et al. 1985, No. 18",a16d36e6-9124-4c7e-919b-d8266aaecd58-007,0.0682601335627324,0.0684282500978384,0.0013118490736098,0.0722725917660764,0.0649291772726027,0.1238019465308554,0.995547228713752,1.989073232539803,0.185968576418234,0.051254423560018,0.7937330364167889,0.0949664310947734,0.64741162795058,9.511817411246787e-06,9.767758635069844,0.9019416178960824,0.0290026439570043,3.1022744509098845,0.945111775355676,red
245,282,"Ang et al. 1985, No. 16",Spiral,Shear,2.0,0.4177245508982036,0.0229975869402007,0.100067479189515,1.6666666666666667,1.336156006400793,"Ang et al. 1985, No. 16",8805c455-16a6-402b-b094-1b2759549630-007,0.0543236421821083,0.0542105308710187,0.0012109266542834,0.0603763177913489,0.0519804995265541,0.3942437098618856,1.0818659367200414,1.0124090399921168,0.1563314953061762,0.10618742515294,1.7080479281059342,2.0687495241364147,0.959953465260274,0.0003128329655146,2.3266458645960526,0.3035013593088701,0.0429645317201367,3.1514753773032167,0.4355028768885735,red
79,290,"Ang et al. 1985, No. 24",Spiral,Flexure-Shear,2.0,0.4215105740181268,0.0334349671317232,0.0,1.8333333333333333,1.20504572268205,"Ang et al. 1985, No. 24",3ea4e034-df80-4c37-9008-d15d5d156c91-007,0.0632697151872809,0.0631952406951991,0.0012758936436245,0.0677485520830459,0.0605883998597053,1.7228637256077024,1.0724366272347916,0.5547469469993914,0.1657598966897575,0.1524543860053617,1.6116722869544755,1.973468287202262,0.984023694605438,0.0002501840419909,5.203363497973325,1.633235894554377,0.0415112601492941,2.2365034733525184,0.2249237316777486,green
107,137,"Lynn et al. 1998, 3CLH18",Rectangular,Shear,3.2222222222222223,0.374022198485223,0.0100821642494967,0.0894547201917387,8.021052631578947,1.5239557303264712,"Lynn et al. 1998, 3CLH18",8b9115e4-3f93-4dcb-b156-8e2a25976571-007,0.0383311586416144,0.0382584957174619,0.0004496678453896,0.0402206322413452,0.0374146472125008,0.3966484809958429,1.0859142990617947,1.8825056068697927,0.1621905911007564,0.1203475918785329,4.554335633595515,2.3014646457014805,0.9643938872598026,0.0005866872879467,1.8260523655457068,0.4350963253549886,0.0370456350774174,1.2205257099315376,2.346660223927873,red
154,139,"Lynn et al. 1998, 2CMH18",Rectangular,Flexure-Shear,3.2222222222222223,0.251722868152559,0.0106356948357435,0.2836606980403503,8.021052631578947,1.10201696523192,"Lynn et al. 1998, 2CMH18",05c9b502-eef1-4ff6-96ba-0c24f50dc295-007,0.0406867688860236,0.0406031116202344,0.0011204082214155,0.0470059621408845,0.0373908460733974,0.9139490613762938,0.9517205997418048,1.4744977892140587,0.8379045268296067,0.4417082055755129,0.1688687444459952,0.9254879150153584,0.5755431887296205,0.0307372001370373,0.2625879503647511,0.4666159231291827,0.0047820143467569,1.3805306792646097,2.8793960537680863,green
75,101,"Bett et al. 1985 , No. 1-1",Rectangular,Shear,1.498360655737705,0.3767542662236212,0.0122245363569698,0.1035432090665022,5.833333333333333,2.2133958786422734,"Bett et al. 1985 , No. 1-1",e313a222-3f8c-452e-964b-65392e1a04f8-007,0.0359318765041952,0.0357923555718313,0.0012839511566013,0.0401779829658376,0.0335538825340617,0.2030891766472496,1.0726907912770265,0.9080338746568654,0.1648849308425886,0.2472332668515763,3.646067585462868,3.7001203100179567,0.8424679374242451,0.0347372790376128,0.5152786475489456,0.2522511566925153,0.0356956405653913,2.368520626079136,0.3500356460532242,red
45,79,"Wight and Sozen 1973, No. 40.033(West)",Rectangular,Flexure-Shear,2.8721311475409834,0.3611237456995292,0.0331614479151539,0.1142713340728871,3.35978835978836,1.0992997381814311,"Wight and Sozen 1973, No. 40.033(West)",ed47a871-0afe-4b19-a128-787960cbc815-007,0.0321425832051527,0.0318393616080837,0.0016447435620315,0.0394428305535574,0.0292305653535584,0.2801724603297354,0.940694547782255,1.6220947014857785,0.374692769779666,0.2290308187275622,1.5630563318820925,0.7905906668012184,0.577779410109609,0.0165421794331435,4.591234352673201,0.6053154364058017,0.0097047676149119,2.592301106692629,0.5787169086124192,green
92,357,"Benzoni and Priestley 1994, NR1",Spiral,Flexure-Shear,1.4991803278688525,0.0801031765654393,0.0166563932518195,0.0573716286842055,1.984375,0.5565166020669209,"Benzoni and Priestley 1994, NR1",bc96ddab-f69f-48cb-b25f-25976fa75520-007,0.0699484653801988,0.069758928780627,0.0016213249652154,0.0772954080832752,0.0666534158017452,0.996047111048476,1.0185098654926017,0.6666046583203843,0.3672819779601544,0.1293313748273112,0.9655574592825096,0.7890113264176245,0.6670251904412011,0.0031803129814593,2.329161011285099,1.9979583929614173,0.0027168587265023,2.2581978189366154,0.3845411363518188,green
244,328,"Arakawa et al. 1987, No. 11",Spiral,Shear,1.090909090909091,0.5180301206553979,0.0,0.2522500667428203,2.0,3.5851316547384924,"Arakawa et al. 1987, No. 11",c15902b5-d0c1-4d99-9cea-ad871cc70a4b-007,0.0368901406496717,0.0367118241505514,0.0021410362337153,0.043735821115214,0.0321947715892265,0.7266965497724608,0.9668920499138548,1.119070931327384,0.298690330206988,0.2605972644751708,2.736968126463526,6.937252212187726,0.7843566834441986,0.0017590876139732,0.7302961494498219,0.5089677148596093,0.0463816620642538,2.7797069427374663,1.6140347680529386,red
261,283,"Ang et al. 1985, No. 17",Spiral,Flexure-Shear,2.5,0.4067638483965015,0.0223941517143645,0.0999938490854328,1.6666666666666667,1.2243661511164816,"Ang et al. 1985, No. 17",d3284470-ee39-41da-bb70-6710cf59a02b-007,0.0462373848512924,0.0461050680214969,0.0006786352505329,0.0504710331277784,0.0448857861290172,0.2760414872955506,1.0993411187284012,1.0333296859220074,0.1315579673606745,0.0895659937038971,5.7612650375018655,6.753152109231377,0.965331083036432,3.7128527851951054e-05,1.670766560066335,0.3784846441808955,0.0053109991656709,1.85435768849603,2.0370773100290216,green
121,272,"Ang et al. 1985, No. 6",Spiral,Shear,1.5,0.4635215946843853,0.025675474843292,0.0,1.6666666666666667,1.959991531834249,"Ang et al. 1985, No. 6",11143bf5-f445-4e6b-8d9a-43728158c7df-007,0.0302873941378793,0.0301717036755165,0.0012213263751373,0.0354673408257147,0.0275591229206046,0.1469717098241785,0.9386154233128072,1.8773892795745928,0.1740882005656767,0.0636781849243396,2.47239186203138,1.7027953909376952,0.8019998092169154,0.0016237311165108,4.365437432357687,0.905773414602708,0.021282198376563,1.646189938121737,0.6581331470008897,red
181,322,"Arakawa et al. 1987, No. 3",Spiral,Shear,1.090909090909091,0.5198414147835635,0.0,0.1265660299915899,2.0,4.068249664091903,"Arakawa et al. 1987, No. 3",a2f27e78-d1b0-4bb3-a104-5316ffe2abc4-007,0.0371215174389972,0.0368268972806702,0.0016636131495006,0.0462923229333531,0.0340942697947145,0.4104230515391233,0.9868025363161153,1.5258045785688088,0.3702118685019353,0.1249888263259987,4.77850460155045,3.586847343208229,0.7409393944050593,0.0001001063502283,1.1285568536817534,0.8897005246387016,0.0068452659637492,5.5376799009382855,3.663055683105394,red
180,288,"Ang et al. 1985, No. 22",Spiral,Shear,2.0,0.4515210355987055,0.0179077251142401,0.0,3.6666666666666665,1.669565854845116,"Ang et al. 1985, No. 22",3cbcbe2c-7558-4cbd-a482-11cfaedacb42-007,0.0508954098940903,0.0509924106200825,0.0015721585438556,0.0556257138689039,0.0475387774982223,0.2032871731400453,1.0274134730225968,1.4024836335465476,0.176203653995586,0.0934407795890403,3.0559860527355367,0.7837242563662424,0.7948666376552928,5.211205548228245e-05,8.3204462565612,1.1807967256209189,0.0217671045720675,1.2557163779236542,0.7788933073203658,red
74,44,"Zhou et al. 1987, No. 223-09",Rectangular,Flexure-Shear,2.0,0.3579802255346166,0.2763491834554928,0.8997334123222749,1.3333333333333333,0.3251456110414734,"Zhou et al. 1987, No. 223-09",b7cea5c6-94ba-4515-9b22-60c6ff7a8056-007,0.0703556951252471,0.0703400566388857,0.0024031958750427,0.080837658828358,0.0644784931196578,1.5782222721309849,1.008453155430338,1.2002867798015455,0.2994498732688043,0.5843795218186147,0.1965744566844169,0.161313534082878,0.604958831886522,0.0013902099417412,3.305287466084604,0.6518858725108836,0.0243349577675748,8.708659961538187,0.3344211770416478,green
145,45,"Zhou et al. 1987, No. 302-07",Rectangular,Flexure-Shear,3.0,0.2622702346798754,0.1190965639483435,0.7012261284722222,1.3333333333333333,0.4437507760041941,"Zhou et al. 1987, No. 302-07",28e473c1-55e1-4f72-b577-0d809394037d-007,0.0723159012396578,0.0718881571656303,0.0037796103467461,0.0833512176843695,0.0636876725100271,1.0812508531796607,1.0121880134695556,1.400554232960713,0.7257072801585793,0.47127883642711,1.604180318379932,2.106108981164445,0.9269722900797984,0.0011846453574654,7.4467144909053316,0.1869513971595243,0.0068534744716557,7.182799873669129,2.494013623387181,green
109,64,"Ono et al. 1989, CA025C",Rectangular,Flexure-Shear,1.5,0.2975403315468571,0.1333872229663706,0.2567829457364341,1.9444444444444444,0.7526079372813009,"Ono et al. 1989, CA025C",81828011-5b4b-4138-be69-3a1c47544fdf-007,0.0564686189029695,0.0563083387824895,0.0009485132553504,0.0631779613063189,0.0548991183197096,1.967599538650469,1.0725733477575308,1.5281784511402854,0.2161274874942393,0.1974182972085344,6.70227981592896,5.041588411381579,0.9917954680844564,0.0006171679309176,0.3640055371447042,0.2052046329469347,0.0203765866646376,4.337753202345643,0.2490563445569302,green
174,318,"BRI No. 3 (Japan), ws26bs",Spiral,Flexure-Shear,2.0,0.2495707544303797,0.0315914655780284,0.1037931983303094,1.5811965811965814,0.7856197729731355,"BRI No. 3 (Japan), ws26bs",2c402075-34ca-4ea6-b567-62e8a1036dd5-007,0.078469108839104,0.0782270614100816,0.0012461343371249,0.0811673553402649,0.076188515952611,1.958499913055036,0.9243995222142016,1.6633716692376157,0.6092313739087983,0.928912814691444,8.95614259051278,0.6719705516982037,0.9956467299993104,0.0485540277183344,0.5170643230803182,0.011452644894588,0.006712212996479,3.586371270598872,0.2837725733773245,green
93,212,Sezen and Moehle No. 1,Rectangular,Flexure-Shear,3.2222222222222223,0.5097281045486892,0.0390138960079417,0.1512275565654636,5.347368421052632,1.1648670009183122,Sezen and Moehle No. 1,dc949dd3-1085-43b1-a9dc-58c21eb24123-007,0.0531396304422423,0.0530424623658344,0.0013517760828813,0.058764767817058,0.0506336830913996,1.6136412260574562,1.0975696757160218,1.219561423474457,0.1347197225397043,0.1636069018903933,4.966180014327536,1.120237485902488,0.992262508477732,0.0003811830821706,0.315366203739243,0.0320866756509218,0.0345150991021058,3.798164374499799,0.579793182745259,green
88,29,"Nagasaka 1982, HPRC19-32",Rectangular,Flexure-Shear,1.5,0.2237958032680615,0.1945917449598534,0.35,0.6060606060606061,0.5190835774856802,"Nagasaka 1982, HPRC19-32",0e1162d2-36d4-4d5a-8da7-ddd85315fab5-007,0.0490701190181377,0.0488994419392241,0.0010989482618751,0.0561416039466985,0.0473609448640875,0.6471565630174128,1.0953193691170464,0.6675885851606131,0.3705502226506377,0.2285349032431129,1.353295774165896,1.7209961852751738,0.9395019262552772,0.0003099063287517,5.533335977581482,1.2724515874445357,0.0352517398944693,2.0683220060889043,0.3826748077798624,green
235,83,"Wight and Sozen 1973, No. 40.067(West)",Rectangular,Flexure-Shear,2.8721311475409834,0.3632861633384486,0.0661987886150566,0.1149555935583535,1.6931216931216932,0.7628170111050468,"Wight and Sozen 1973, No. 40.067(West)",095c2edd-b01e-41d0-bb7a-556c8cb1f2de-007,0.0503263476035174,0.0500981651684845,0.002082672317412,0.056996895322407,0.0460626169555342,0.8384510250421113,1.0955682535778857,0.7384591783307098,0.296436781575968,0.1180539949082614,0.8946883622951967,1.2249315598070474,0.3792537342021198,0.013133452367129,1.7344299153007,0.0609354576178739,0.0080570062803826,1.0827227318163335,0.3165968323504584,green
100,273,"Ang et al. 1985, No. 7",Spiral,Shear,2.0,0.4859661016949153,0.0222840089072428,0.0,2.2222222222222223,1.62810669260053,"Ang et al. 1985, No. 7",9d5a55a3-f400-4890-8448-7994f09f4a59-007,0.0440276329296767,0.0440161867037373,0.0009475485258668,0.0471048850005682,0.0412382767534833,0.3379983159716334,1.0242361375709326,1.839784522783834,0.1475859312696043,0.0916543904983713,1.2464797088826596,1.3611243231964776,0.9886826355788187,0.0009106851651773,7.290997976512412,0.1154054941991219,0.0463338590119578,2.6865886711782743,0.2814594507059138,red
182,334,"Arakawa et al. 1988, No. 17",Spiral,Shear,1.090909090909091,0.4711054313099041,0.0333740612540517,0.1156481935386412,2.083333333333333,2.3032579711370857,"Arakawa et al. 1988, No. 17",1434df1a-ad09-4c47-b6dc-29df7ca80162-007,0.0540871433841598,0.0539197305241615,0.0023800575693787,0.0627612684293442,0.0486059194317855,0.2424427862426146,1.0532458134048248,0.92880689710937,0.3826120556912608,0.145950746346338,4.550894892264787,0.2641214971776768,0.9857581395653572,0.0001455819803532,9.618872654786612,1.6717971133205416,0.0031589466675206,3.1245749656800106,4.25198087466086,red
71,331,"Arakawa et al. 1987, No. 14",Spiral,Shear,1.090909090909091,0.4749988646265149,0.069075672336845,0.2312963870772824,0.9722222222222222,1.6251997920090395,"Arakawa et al. 1987, No. 14",be6f7892-7c5d-4908-b3fc-59510cdbecaf-007,0.0558849031105269,0.0556749752417444,0.0013954077403577,0.062091514221115,0.0532623982322106,0.2979796911517156,1.0841091619113323,0.8789180867818175,0.2678203729522357,0.0867201805592852,2.8994085533931204,0.2298288640706463,0.7539730498367962,6.76683823347657e-06,3.605178412980507,0.0734669846160826,0.0054235107641387,2.3217674869013027,2.853568700809313,red
170,416,"McDaniel, 1997, S2",Spiral,Shear,2.0,0.1908345683678547,0.0039034513632485,0.0020645407395238,3.455782312925169,0.9893647715066765,"McDaniel, 1997, S2",d5ef9a47-67d6-419c-b496-25f8b7f1057f-007,0.054715707560361,0.0544699257129382,0.0016016458567907,0.0657685937635733,0.0522915357797785,0.2045842163852417,1.099256624843037,1.0661786187600857,0.1503606265511061,0.1427076195159424,4.641462939880109,3.7157635585067808,0.9151171400426308,0.0006016775111379,2.2297089083682584,0.7464243495169098,0.0310821839378625,1.1346810984769635,1.0044270718890245,red
218,315,"BRI No. 3 (Japan), ws21bs",Spiral,Flexure-Shear,1.0,0.1634716981132075,0.1903689830609228,0.2475369862066248,0.6179775280898876,0.4899783196806555,"BRI No. 3 (Japan), ws21bs",c7b6b1db-1e77-4083-8b82-6625ae6dae89-007,0.0822669558873436,0.0822669558873436,0.0,0.0822669558873436,0.0822669558873436,0.8273556319440788,1.0604170633690102,0.9906566632864412,0.5374153577673362,0.8798731264096318,6.894422047998457,6.156011530186368,0.6344250818142442,0.0015031353957876,0.1595094611209423,0.832831633094404,0.0033519491255026,4.674106972973815,3.1688452401837983,green
111,33,"Ohue et al. 1985, 2D16RS",Rectangular,Flexure-Shear,2.0,0.2318495378349267,0.0469226315244763,0.14296875,1.5151515151515151,0.8042647315190902,"Ohue et al. 1985, 2D16RS",8e764fcd-bc05-4aa9-a803-709b258de9f1-007,0.0556687344543509,0.0555788963689605,0.0011398899796478,0.0593711966633437,0.0530219942370549,0.9309692527571268,1.044639282470975,1.150894589817366,0.1503787675429224,0.1125300187463292,3.954585605039957,2.482883464889869,0.9968304764650868,0.0019671365591049,1.0516623663064588,0.0556283581716431,0.0110674307757712,3.6277706302571446,0.1912766874732146,green
162,142,"Lynn et al. 1996, 3SLH18",Rectangular,Shear,3.2222222222222223,0.374022198485223,0.0100821642494967,0.0894547201917387,8.021052631578947,1.5239557303264712,"Lynn et al. 1996, 3SLH18",c9bc8d0f-a42e-41b4-b79b-3f45e2aaa6ba-007,0.0312146929918374,0.031156410212605,0.000741451390511,0.0360171969946597,0.0295302076550943,0.4074536067915632,1.0370405123736062,1.029228257616241,0.1678915072269742,0.1073066327272291,4.790715316398495,4.647019614362165,0.8584477395951284,5.11845096543741e-05,2.9141655706159755,0.414475768761733,0.0277489697889445,1.1141868579950371,3.75896334283908,red
146,100,"Umehara and Jirsa 1982, 2CUS",Rectangular,Shear,1.1097560975609757,0.3157000782988364,0.054460996242006,0.2696561127101954,2.4722222222222223,1.8176524188727676,"Umehara and Jirsa 1982, 2CUS",43e533ce-5dd6-4862-99ea-18ea5f91c16f-007,0.0482452929865052,0.0481944496310392,0.0019764203784951,0.0563676859213197,0.0407037568546198,0.1026364931761342,0.9866710262155276,1.865891931081039,0.1222418268706055,0.1937458439935496,8.460896849913548,5.791536457273459,0.9641740428505756,0.0003883349101739,1.756207020911247,0.2599455234322833,0.0381804905461517,1.2195242029695224,0.8635208552830391,red
144,415,"McDaniel, 1997, S1-2",Spiral,Shear,2.0,0.2304917506290236,0.0045443165124386,0.0024034951892964,3.455782312925169,1.0965927247136331,"McDaniel, 1997, S1-2",40a99131-58e8-4054-ae30-f5521cb36572-007,0.0497331600295958,0.0496142677559339,0.0010643343724653,0.0528572326970292,0.0476219229787954,0.2119499797724779,1.0917765554121532,1.2927748272848747,0.3172979219152173,0.1972573354639439,0.6904464917649524,0.0809356148917412,0.7884511284375925,0.0001936826584881,8.190314004753759,1.420466649428365,0.0160353656466845,2.606978592735974,3.00468917203229,red
34,78,"Wight and Sozen 1973, No. 40.033(East)",Rectangular,Flexure-Shear,2.8721311475409834,0.3611237456995292,0.0331614479151539,0.1142713340728871,3.35978835978836,1.0992997381814311,"Wight and Sozen 1973, No. 40.033(East)",6d98641a-347c-4c1d-8e57-e51a02bc38a0-007,0.052947640651115,0.0527147094699238,0.0013910956777352,0.0635286369491338,0.0507194313456472,0.2369974779766995,0.9555719927442062,1.4324298710926822,0.3899020422914676,0.255205572778239,1.7902361882748976,0.9096554668849596,0.5806817985471876,0.00745632224541,5.6493356776095816,0.5440871447359313,0.0140039154346266,5.557835049911344,0.4370388362768991,green
